timestamp,flow_rate,duration_seconds,hour_of_day,day_of_week,fixture_id,inlet_ratio,rate_variance,is_night_time,pulse_trend,known_anomaly
2026-07-01T02:22:51+08:00,2.32,35,2,2,1,1.107,0.696,1,0.892,0
2026-07-01T05:44:21+08:00,0.07,44288,5,2,1,1.469,0.0,0,0.121,1
2026-07-01T06:04:14+08:00,3.7,121,6,2,0,1.11,0.938,0,0.874,0
2026-07-01T06:07:00+08:00,5.27,450,6,2,0,1.004,1.042,0,0.094,0
2026-07-01T06:22:47+08:00,3.46,25,6,2,1,1.088,0.783,0,0.486,0
2026-07-01T06:22:47+08:00,8.08,231,6,2,2,1.132,1.944,0,-0.175,0
2026-07-01T06:27:33+08:00,8.59,370,6,2,3,1.146,0.645,0,-1.578,0
2026-07-01T06:28:49+08:00,0.51,4675,6,2,0,3.237,0.007,0,0.241,1
2026-07-01T06:34:17+08:00,8.24,199,6,2,2,1.085,2.544,0,0.619,0
2026-07-01T06:40:11+08:00,1.19,68,6,2,1,1.059,0.201,0,0.745,0
2026-07-01T06:53:49+08:00,10.43,316,6,2,0,1.146,3.625,0,0.985,0
2026-07-01T06:54:05+08:00,4.21,28,6,2,2,1.005,0.625,0,0.042,0
2026-07-01T07:12:09+08:00,11.91,756,7,2,3,1.059,3.422,0,-1.235,0
2026-07-01T07:14:11+08:00,10.55,578,7,2,3,1.091,2.19,0,-1.175,0
2026-07-01T07:14:28+08:00,2.76,43,7,2,1,1.011,0.468,0,-1.549,0
2026-07-01T07:18:36+08:00,4.79,345,7,2,0,1.121,1.558,0,-1.736,0
2026-07-01T07:22:15+08:00,2.92,8,7,2,1,1.004,0.735,0,-0.354,0
2026-07-01T07:29:09+08:00,1.94,37,7,2,2,1.013,0.627,0,0.434,0
2026-07-01T07:58:45+08:00,8.15,780,7,2,0,1.036,1.636,0,1.624,0
2026-07-01T08:06:24+08:00,7.65,278,8,2,2,1.137,0.431,0,0.51,0
2026-07-01T08:09:45+08:00,1.89,33,8,2,1,1.054,0.243,0,0.994,0
2026-07-01T08:28:18+08:00,8.93,292,8,2,0,1.066,0.85,0,1.261,0
2026-07-01T08:35:49+08:00,6.23,2281,8,2,3,1.148,0.6,0,1.904,0
2026-07-01T08:38:57+08:00,2.16,123,8,2,1,1.113,0.482,0,-1.213,0
2026-07-01T09:12:12+08:00,10.35,316,9,2,3,1.127,2.322,0,0.403,0
2026-07-01T10:02:24+08:00,10.6,302,10,2,3,1.023,1.799,0,-0.43,0
2026-07-01T10:03:01+08:00,0.95,70,10,2,0,1.143,0.058,0,-0.24,0
2026-07-01T10:05:56+08:00,4.16,160,10,2,0,1.003,0.269,0,0.888,0
2026-07-01T10:24:36+08:00,3.07,11,10,2,1,1.009,0.547,0,-1.531,0
2026-07-01T11:04:05+08:00,2.57,57,11,2,1,1.146,0.894,0,-2.821,0
2026-07-01T11:07:52+08:00,0.09,27,11,2,1,1.017,0.016,0,-2.393,0
2026-07-01T11:27:18+08:00,2.59,57,11,2,1,1.074,0.89,0,0.735,0
2026-07-01T11:42:12+08:00,2.07,146,11,2,1,1.114,0.438,0,0.751,0
2026-07-01T11:44:40+08:00,8.95,133,11,2,0,1.144,1.938,0,0.797,0
2026-07-01T12:02:28+08:00,5.34,126,12,2,2,1.06,0.615,0,0.497,0
2026-07-01T12:36:34+08:00,10.66,485,12,2,3,1.068,3.657,0,0.517,0
2026-07-01T13:12:41+08:00,1.03,30,13,2,1,1.072,0.355,0,-0.866,0
2026-07-01T13:15:18+08:00,4.94,137,13,2,2,1.083,0.705,0,0.905,0
2026-07-01T14:31:37+08:00,2.51,39,14,2,1,1.001,0.815,0,1.235,0
2026-07-01T14:46:35+08:00,6.91,2027,14,2,3,1.149,0.352,0,1.814,0
2026-07-01T14:50:39+08:00,1.31,17,14,2,1,1.047,0.125,0,-0.422,0
2026-07-01T15:07:07+08:00,5.8,73,15,2,2,1.118,0.449,0,1.84,0
2026-07-01T15:18:57+08:00,6.87,44,15,2,2,1.11,2.146,0,-1.085,0
2026-07-01T15:20:32+08:00,1.58,125,15,2,1,1.037,0.424,0,-0.133,0
2026-07-01T15:31:45+08:00,9.16,169,15,2,3,1.131,1.273,0,-0.165,0
2026-07-01T16:05:38+08:00,7.05,68,16,2,0,1.028,2.161,0,-3.24,0
2026-07-01T16:20:39+08:00,9.31,217,16,2,3,1.051,0.743,0,-1.226,0
2026-07-01T16:37:08+08:00,3.19,121,16,2,1,1.147,1.004,0,-0.536,0
2026-07-01T16:40:23+08:00,10.41,270,16,2,3,1.113,1.917,0,-1.212,0
2026-07-01T16:42:12+08:00,4.4,105,16,2,2,1.077,1.439,0,-0.701,0
2026-07-01T16:54:35+08:00,6.4,531,16,2,2,1.094,1.842,0,0.916,0
2026-07-01T16:54:53+08:00,8.33,116,16,2,3,1.029,2.116,0,-0.172,0
2026-07-01T17:00:45+08:00,5.09,316,17,2,0,1.101,1.483,0,0.327,0
2026-07-01T17:13:43+08:00,8.99,845,17,2,3,1.143,3.139,0,1.248,0
2026-07-01T17:18:43+08:00,0.66,60,17,2,1,1.14,0.1,0,-0.223,0
2026-07-01T17:19:13+08:00,3.37,14,17,2,1,1.08,1.123,0,1.891,0
2026-07-01T17:33:07+08:00,9.99,200,17,2,3,1.147,3.467,0,-0.533,0
2026-07-01T17:36:04+08:00,8.69,97,17,2,2,1.094,0.57,0,1.154,0
2026-07-01T17:52:38+08:00,3.03,497,17,2,0,1.107,1.042,0,-0.374,0
2026-07-01T18:17:03+08:00,7.61,319,18,2,3,1.047,2.032,0,1.434,0
2026-07-01T18:19:13+08:00,9.87,180,18,2,3,1.119,3.435,0,0.848,0
2026-07-01T18:19:21+08:00,8.02,375,18,2,0,1.088,0.886,0,2.453,0
2026-07-01T18:29:01+08:00,2.9,119,18,2,0,1.098,0.419,0,-3.097,0
2026-07-01T19:14:36+08:00,4.32,61,19,2,0,1.059,0.223,0,0.377,0
2026-07-01T19:26:50+08:00,11.9,930,19,2,3,1.054,1.83,0,-0.042,0
2026-07-01T19:32:26+08:00,10.44,476,19,2,3,1.013,2.632,0,-2.218,0
2026-07-01T19:43:24+08:00,2.27,82,19,2,1,1.097,0.157,0,0.033,0
2026-07-01T19:47:31+08:00,2.26,24,19,2,1,1.059,0.229,0,0.936,0
2026-07-01T20:00:29+08:00,7.85,609,20,2,3,1.143,1.118,0,-1.259,0
2026-07-01T20:28:20+08:00,3.86,372,20,2,0,1.031,0.762,0,1.456,0
2026-07-01T20:48:58+08:00,4.7,481,20,2,0,1.111,1.106,0,-0.541,0
2026-07-01T21:25:08+08:00,8.16,186,21,2,0,1.092,1.833,0,0.219,0
2026-07-01T21:58:31+08:00,11.76,174,21,2,3,1.046,2.239,0,0.157,0
2026-07-01T22:37:21+08:00,7.18,378,22,2,3,1.051,1.525,1,1.511,0
2026-07-01T22:42:08+08:00,3.45,260,22,2,0,1.111,1.096,1,1.282,0
2026-07-01T22:44:19+08:00,4.05,313,22,2,0,1.134,0.542,1,1.035,0
2026-07-01T22:48:39+08:00,4.28,220,22,2,0,1.007,0.392,1,-2.999,0
2026-07-01T23:07:26+08:00,6.5,49,23,2,0,1.025,0.728,1,-0.35,0
2026-07-02T00:30:40+08:00,2.47,132,0,3,1,1.082,0.323,1,0.902,0
2026-07-02T05:51:51+08:00,0.05,56499,5,3,3,1.257,0.0,0,-0.0,1
2026-07-02T06:01:50+08:00,8.76,240,6,3,3,1.018,1.644,0,-1.814,0
2026-07-02T06:09:16+08:00,3.04,607,6,3,3,1.075,0.591,0,-0.086,0
2026-07-02T06:37:02+08:00,7.6,64,6,3,2,1.081,1.228,0,1.009,0
2026-07-02T06:42:49+08:00,2.06,283,6,3,0,1.004,0.261,0,0.211,0
2026-07-02T06:46:04+08:00,9.37,2006,6,3,3,1.111,1.763,0,-0.242,0
2026-07-02T07:08:24+08:00,7.33,84,7,3,0,1.116,1.953,0,-1.738,0
2026-07-02T07:08:42+08:00,4.64,48,7,3,0,1.051,0.529,0,-1.543,0
2026-07-02T07:11:06+08:00,6.53,470,7,3,2,1.069,1.769,0,-1.432,0
2026-07-02T07:45:59+08:00,3.45,357,7,3,0,1.071,0.842,0,0.652,0
2026-07-02T07:47:41+08:00,2.34,406,7,3,0,1.127,0.732,0,0.101,0
2026-07-02T08:02:58+08:00,6.7,266,8,3,2,1.083,1.338,0,-0.499,0
2026-07-02T08:03:18+08:00,2.31,333,8,3,3,1.029,0.29,0,0.488,0
2026-07-02T08:17:54+08:00,6.08,108,8,3,0,1.102,1.032,0,0.771,0
2026-07-02T08:42:49+08:00,7.21,124,8,3,2,1.01,0.458,0,0.516,0
2026-07-02T09:09:46+08:00,13.95,954,9,3,3,1.079,3.343,0,1.341,0
2026-07-02T09:48:58+08:00,8.08,1796,9,3,3,1.084,1.631,0,0.414,0
2026-07-02T10:04:55+08:00,1.24,31,10,3,1,1.101,0.223,0,-0.508,0
2026-07-02T11:02:55+08:00,11.45,68,11,3,3,1.041,2.851,0,0.923,0
2026-07-02T11:07:12+08:00,8.3,608,11,3,2,1.054,1.211,0,0.152,0
2026-07-02T11:17:07+08:00,2.19,66,11,3,2,1.143,0.378,0,1.884,0
2026-07-02T11:21:37+08:00,1.96,21,11,3,1,1.031,0.638,0,-0.693,0
2026-07-02T11:27:42+08:00,1.76,27,11,3,1,1.029,0.23,0,1.688,0
2026-07-02T11:46:04+08:00,4.65,138,11,3,2,1.094,0.238,0,-0.592,0
2026-07-02T11:49:26+08:00,3.42,42,11,3,1,1.146,0.51,0,1.281,0
2026-07-02T12:22:32+08:00,7.36,872,12,3,0,1.149,1.073,0,0.254,0
2026-07-02T12:26:08+08:00,7.44,137,12,3,0,1.043,2.218,0,-0.096,0
2026-07-02T12:26:32+08:00,2.67,34,12,3,0,1.14,0.704,0,-0.821,0
2026-07-02T12:47:42+08:00,2.95,49,12,3,0,1.057,1.016,0,-0.106,0
2026-07-02T13:09:29+08:00,5.21,30,13,3,2,1.036,1.244,0,0.176,0
2026-07-02T13:23:06+08:00,5.58,360,13,3,2,1.074,0.515,0,0.974,0
2026-07-02T13:39:26+08:00,7.89,1062,13,3,3,1.016,1.054,0,-2.902,0
2026-07-02T14:13:42+08:00,6.18,308,14,3,2,1.115,1.296,0,-0.616,0
2026-07-02T14:41:23+08:00,1.79,25,14,3,1,1.064,0.485,0,-0.297,0
2026-07-02T15:20:41+08:00,2.52,52,15,3,1,1.037,0.545,0,0.331,0
2026-07-02T16:27:36+08:00,3.05,419,16,3,2,1.068,0.202,0,0.715,0
2026-07-02T16:29:10+08:00,2.91,22,16,3,1,1.001,0.401,0,0.093,0
2026-07-02T17:08:22+08:00,2.82,112,17,3,3,1.098,0.527,0,0.598,0
2026-07-02T17:13:16+08:00,1.41,29,17,3,1,1.054,0.197,0,2.495,0
2026-07-02T17:17:47+08:00,6.42,329,17,3,0,1.124,1.27,0,0.151,0
2026-07-02T17:29:09+08:00,7.16,329,17,3,2,1.104,0.657,0,-1.623,0
2026-07-02T18:03:30+08:00,4.38,610,18,3,2,1.121,0.594,0,-1.598,0
2026-07-02T18:19:50+08:00,0.5,12,18,3,1,1.137,0.069,0,-0.032,0
2026-07-02T18:26:03+08:00,7.81,459,18,3,0,1.039,1.996,0,-2.596,0
2026-07-02T18:36:37+08:00,9.88,232,18,3,3,1.103,1.61,0,0.903,0
2026-07-02T18:40:34+08:00,2.3,584,18,3,0,1.085,0.188,0,1.344,0
2026-07-02T18:52:46+08:00,2.24,103,18,3,3,1.057,0.129,0,0.043,0
2026-07-02T19:02:23+08:00,3.85,416,19,3,0,1.092,0.282,0,0.856,0
2026-07-02T19:18:07+08:00,5.65,613,19,3,2,1.024,0.921,0,-0.881,0
2026-07-02T19:38:51+08:00,3.28,13,19,3,1,1.039,0.321,0,-0.152,0
2026-07-02T19:50:45+08:00,6.1,644,19,3,0,1.096,0.804,0,-0.862,0
2026-07-02T19:51:55+08:00,7.37,155,19,3,2,1.118,2.395,0,1.814,0
2026-07-02T19:57:33+08:00,5.03,573,19,3,2,1.07,1.72,0,-0.172,0
2026-07-02T20:09:56+08:00,11.53,419,20,3,3,1.043,2.902,0,-0.552,0
2026-07-02T20:17:54+08:00,2.63,146,20,3,0,1.104,0.61,0,-0.667,0
2026-07-02T20:37:20+08:00,11.1,300,20,3,3,1.045,1.297,0,-0.306,0
2026-07-02T20:45:12+08:00,3.57,38,20,3,1,1.075,1.045,0,1.798,0
2026-07-02T20:49:22+08:00,6.72,1662,20,3,3,1.129,1.47,0,-0.586,0
2026-07-02T20:58:22+08:00,3.42,13,20,3,1,1.104,0.753,0,0.502,0
2026-07-02T20:59:06+08:00,3.33,236,20,3,0,1.016,0.572,0,-0.559,0
2026-07-02T21:28:19+08:00,6.67,55,21,3,2,1.146,2.044,0,1.253,0
2026-07-02T21:30:35+08:00,10.34,345,21,3,0,1.032,2.3,0,-0.133,0
2026-07-02T21:44:41+08:00,7.98,101,21,3,3,1.126,2.696,0,0.611,0
2026-07-02T21:57:17+08:00,11.39,105,21,3,3,1.051,2.265,0,-0.991,0
2026-07-02T22:03:09+08:00,8.62,228,22,3,3,1.087,1.349,1,0.374,0
2026-07-02T22:18:06+08:00,5.02,235,22,3,2,1.097,0.808,1,-0.134,0
2026-07-02T22:32:21+08:00,2.7,29,22,3,1,1.097,0.165,1,-2.581,0
2026-07-02T23:18:08+08:00,1.88,113,23,3,1,1.029,0.443,1,2.269,0
2026-07-02T23:22:41+08:00,8.31,501,23,3,3,1.011,2.898,1,-0.76,0
2026-07-02T23:43:13+08:00,3.11,82,23,3,1,1.148,0.635,1,0.327,0
2026-07-03T03:00:41+08:00,17.98,2152,3,4,3,1.023,1.796,1,0.665,1
2026-07-03T04:34:04+08:00,22.93,901,4,4,2,1.056,3.143,1,0.167,1
2026-07-03T04:45:15+08:00,5.62,30,4,4,0,1.118,1.223,1,0.532,0
2026-07-03T06:27:51+08:00,3.28,294,6,4,2,1.1,0.441,0,-0.214,0
2026-07-03T06:38:10+08:00,8.55,416,6,4,3,1.093,1.963,0,1.09,0
2026-07-03T06:47:00+08:00,6.29,141,6,4,2,1.064,1.772,0,0.74,0
2026-07-03T06:51:12+08:00,12.31,76,6,4,3,1.068,3.195,0,-2.105,0
2026-07-03T06:54:51+08:00,1.82,43,6,4,1,1.028,0.579,0,2.669,0
2026-07-03T06:55:53+08:00,4.67,493,6,4,0,1.045,0.75,0,1.258,0
2026-07-03T07:02:19+08:00,7.38,41,7,4,2,1.06,0.784,0,-0.279,0
2026-07-03T07:17:12+08:00,4.55,234,7,4,2,1.053,1.006,0,0.013,0
2026-07-03T07:25:18+08:00,11.34,208,7,4,0,1.111,1.51,0,0.053,0
2026-07-03T07:28:52+08:00,3.91,146,7,4,0,1.124,0.65,0,-1.874,0
2026-07-03T07:33:38+08:00,8.86,297,7,4,2,1.145,2.952,0,-1.096,0
2026-07-03T07:39:42+08:00,2.84,216,7,4,2,1.037,0.934,0,-1.287,0
2026-07-03T08:01:47+08:00,2.18,238,8,4,1,1.126,0.293,0,-0.839,0
2026-07-03T08:19:38+08:00,2.07,20,8,4,1,1.128,0.656,0,1.445,0
2026-07-03T08:25:03+08:00,7.73,81,8,4,2,1.01,0.681,0,0.736,0
2026-07-03T08:30:59+08:00,8.85,454,8,4,3,1.034,0.508,0,0.203,0
2026-07-03T08:35:46+08:00,2.64,30,8,4,1,1.102,0.236,0,1.911,0
2026-07-03T08:53:55+08:00,2.61,128,8,4,1,1.11,0.611,0,0.121,0
2026-07-03T09:01:37+08:00,10.09,185,9,4,3,1.036,2.262,0,3.394,0
2026-07-03T09:37:45+08:00,0.94,122,9,4,1,1.033,0.081,0,0.028,0
2026-07-03T09:43:10+08:00,2.45,103,9,4,1,1.09,0.628,0,-1.639,0
2026-07-03T11:05:37+08:00,8.71,21,11,4,2,1.081,2.78,0,-0.244,0
2026-07-03T11:26:54+08:00,5.53,194,11,4,0,1.04,0.425,0,1.327,0
2026-07-03T11:36:01+08:00,3.76,213,11,4,0,1.12,0.316,0,1.533,0
2026-07-03T11:39:57+08:00,3.26,56,11,4,1,1.109,0.431,0,1.437,0
2026-07-03T12:30:59+08:00,8.38,873,12,4,3,1.082,2.872,0,0.675,0
2026-07-03T12:38:43+08:00,5.51,242,12,4,2,1.149,0.383,0,-3.447,0
2026-07-03T12:52:51+08:00,6.2,289,12,4,0,1.142,1.362,0,-0.084,0
2026-07-03T12:56:11+08:00,5.87,185,12,4,2,1.06,0.68,0,0.705,0
2026-07-03T12:56:38+08:00,6.17,401,12,4,0,1.017,0.855,0,-1.701,0
2026-07-03T13:08:50+08:00,6.88,282,13,4,3,1.01,1.376,0,0.193,0
2026-07-03T13:38:19+08:00,12.29,1525,13,4,3,1.006,4.239,0,0.467,0
2026-07-03T14:00:39+08:00,8.76,523,14,4,3,1.03,0.627,0,-0.016,0
2026-07-03T14:18:01+08:00,7.39,477,14,4,0,1.035,1.538,0,2.705,0
2026-07-03T14:48:07+08:00,4.93,94,14,4,0,1.129,1.243,0,1.084,0
2026-07-03T15:35:28+08:00,6.06,359,15,4,2,1.021,0.936,0,-0.633,0
2026-07-03T15:36:31+08:00,5.01,403,15,4,0,1.057,0.805,0,1.458,0
2026-07-03T17:00:36+08:00,2.3,91,17,4,1,1.111,0.471,0,0.699,0
2026-07-03T17:01:02+08:00,2.21,8,17,4,1,1.068,0.705,0,1.48,0
2026-07-03T17:21:57+08:00,4.6,228,17,4,2,1.116,1.31,0,1.317,0
2026-07-03T17:24:09+08:00,7.44,360,17,4,2,1.03,1.979,0,0.272,0
2026-07-03T17:44:59+08:00,11.34,174,17,4,3,1.076,0.844,0,-0.471,0
2026-07-03T17:46:15+08:00,5.65,24,17,4,2,1.116,0.985,0,-1.318,0
2026-07-03T18:26:00+08:00,0.83,6644,18,4,0,3.707,0.03,0,-0.037,1
2026-07-03T18:32:07+08:00,9.63,156,18,4,2,1.105,2.221,0,1.159,0
2026-07-03T18:36:57+08:00,8.49,645,18,4,0,1.07,2.567,0,-0.514,0
2026-07-03T18:40:10+08:00,2.71,178,18,4,0,1.033,0.656,0,1.054,0
2026-07-03T18:46:55+08:00,6.44,171,18,4,0,1.149,1.836,0,-0.88,0
2026-07-03T19:05:20+08:00,5.9,80,19,4,2,1.086,0.659,0,0.48,0
2026-07-03T19:07:35+08:00,2.64,87,19,4,1,1.099,0.756,0,-3.313,0
2026-07-03T19:09:40+08:00,6.11,107,19,4,2,1.002,0.52,0,-2.016,0
2026-07-03T19:16:12+08:00,2.89,8,19,4,1,1.057,0.569,0,-0.156,0
2026-07-03T19:27:13+08:00,5.05,242,19,4,2,1.092,1.471,0,0.265,0
2026-07-03T19:39:44+08:00,2.49,51,19,4,1,1.121,0.207,0,-0.86,0
2026-07-03T19:43:24+08:00,0.3,281,19,4,0,1.114,0.025,0,-0.414,0
2026-07-03T20:06:57+08:00,4.81,97,20,4,2,1.033,0.602,0,-0.119,0
2026-07-03T21:57:53+08:00,0.09,786,21,4,0,1.007,0.016,0,-0.013,0
2026-07-03T22:04:16+08:00,5.34,54,22,4,0,1.146,0.775,1,-2.366,0
2026-07-03T22:48:58+08:00,2.72,12,22,4,1,1.112,0.235,1,-0.121,0
2026-07-03T22:51:33+08:00,6.54,121,22,4,0,1.018,1.05,1,-0.338,0
2026-07-03T23:37:22+08:00,2.21,88,23,4,1,1.046,0.433,1,-0.168,0
2026-07-04T01:18:24+08:00,23.26,747,1,5,1,1.092,3.086,1,-0.224,1
2026-07-04T01:40:08+08:00,6.97,273,1,5,2,1.132,0.467,1,-1.609,0
2026-07-04T02:43:27+08:00,0.07,45951,2,5,1,1.481,0.0,1,-0.163,1
2026-07-04T03:57:10+08:00,7.0,385,3,5,0,1.066,1.085,1,0.027,0
2026-07-04T06:04:05+08:00,1.56,38,6,5,1,1.061,0.247,0,-1.127,0
2026-07-04T06:06:27+08:00,5.16,48,6,5,2,1.13,1.625,0,0.215,0
2026-07-04T06:15:23+08:00,7.35,315,6,5,3,1.027,1.418,0,1.777,0
2026-07-04T06:25:39+08:00,9.74,241,6,5,3,1.052,0.913,0,-0.339,0
2026-07-04T06:49:25+08:00,6.42,85,6,5,2,1.135,2.228,0,-1.201,0
2026-07-04T07:07:58+08:00,5.11,68,7,5,2,1.016,0.818,0,-0.719,0
2026-07-04T07:25:11+08:00,3.02,121,7,5,1,1.078,0.192,0,-0.599,0
2026-07-04T07:35:41+08:00,5.32,1020,7,5,2,1.145,0.571,0,-1.477,0
2026-07-04T07:39:59+08:00,9.75,1022,7,5,3,1.104,3.177,0,-0.537,0
2026-07-04T08:19:47+08:00,2.91,27,8,5,1,1.065,0.305,0,-0.686,0
2026-07-04T08:23:03+08:00,10.91,219,8,5,0,1.057,0.901,0,0.265,0
2026-07-04T08:31:45+08:00,4.99,147,8,5,2,1.017,0.922,0,1.052,0
2026-07-04T08:31:48+08:00,4.98,216,8,5,0,1.035,0.582,0,0.216,0
2026-07-04T08:42:29+08:00,3.64,14,8,5,1,1.032,1.235,0,-0.343,0
2026-07-04T08:47:00+08:00,5.29,367,8,5,0,1.12,0.361,0,-0.634,0
2026-07-04T09:01:55+08:00,2.14,414,9,5,0,1.053,0.206,0,-2.836,0
2026-07-04T09:17:48+08:00,7.6,2714,9,5,3,1.132,2.47,0,1.501,0
2026-07-04T09:41:45+08:00,11.07,130,9,5,3,1.114,1.399,0,-1.511,0
2026-07-04T09:53:57+08:00,8.35,267,9,5,2,1.148,0.956,0,2.15,0
2026-07-04T10:02:55+08:00,2.74,34,10,5,1,1.102,0.51,0,3.316,0
2026-07-04T10:14:28+08:00,7.31,89,10,5,3,1.052,0.461,0,-1.07,0
2026-07-04T10:17:52+08:00,0.82,37,10,5,1,1.119,0.098,0,1.282,0
2026-07-04T10:41:00+08:00,8.77,1426,10,5,3,1.113,2.404,0,-2.214,0
2026-07-04T11:00:36+08:00,1.37,36,11,5,1,1.015,0.353,0,0.0,0
2026-07-04T11:26:47+08:00,5.86,159,11,5,2,1.018,1.585,0,0.522,0
2026-07-04T11:55:18+08:00,4.84,101,11,5,0,1.0,0.624,0,0.668,0
2026-07-04T12:04:29+08:00,2.39,51,12,5,1,1.101,0.649,0,0.14,0
2026-07-04T12:22:24+08:00,2.5,37,12,5,1,1.142,0.177,0,-1.437,0
2026-07-04T14:49:59+08:00,4.36,861,14,5,0,1.004,0.244,0,-0.85,0
2026-07-04T15:23:36+08:00,3.65,27,15,5,1,1.102,0.591,0,1.369,0
2026-07-04T15:32:54+08:00,7.95,328,15,5,3,1.047,2.088,0,1.88,0
2026-07-04T16:01:39+08:00,1.51,19,16,5,1,1.073,0.157,0,0.265,0
2026-07-04T16:31:51+08:00,9.59,161,16,5,3,1.019,1.438,0,-0.22,0
2026-07-04T17:05:10+08:00,6.12,27,17,5,2,1.109,1.022,0,-0.961,0
2026-07-04T17:12:07+08:00,11.49,227,17,5,3,1.059,0.801,0,-1.574,0
2026-07-04T17:13:06+08:00,4.4,328,17,5,2,1.095,0.263,0,0.904,0
2026-07-04T17:55:33+08:00,3.92,448,17,5,3,1.055,0.835,0,1.827,0
2026-07-04T18:12:17+08:00,4.91,219,18,5,2,1.094,0.971,0,1.494,0
2026-07-04T18:13:08+08:00,2.6,56,18,5,1,1.086,0.299,0,-0.06,0
2026-07-04T18:13:33+08:00,7.1,309,18,5,2,1.02,1.56,0,-1.574,0
2026-07-04T18:32:02+08:00,11.0,96,18,5,3,1.111,2.056,0,0.84,0
2026-07-04T18:37:21+08:00,9.72,468,18,5,3,1.148,2.582,0,-0.293,0
2026-07-04T18:48:36+08:00,3.17,13,18,5,1,1.083,0.703,0,-0.464,0
2026-07-04T19:03:46+08:00,5.93,171,19,5,0,1.062,0.562,0,-0.324,0
2026-07-04T19:06:41+08:00,5.37,236,19,5,2,1.053,0.925,0,1.292,0
2026-07-04T19:26:56+08:00,5.37,41,19,5,2,1.074,1.52,0,-2.333,0
2026-07-04T19:39:02+08:00,1.45,9,19,5,1,1.002,0.461,0,2.329,0
2026-07-04T19:39:30+08:00,2.7,11,19,5,1,1.047,0.465,0,1.667,0
2026-07-04T19:53:14+08:00,7.7,202,19,5,3,1.099,2.323,0,3.419,0
2026-07-04T20:06:36+08:00,11.57,359,20,5,3,1.105,2.337,0,0.907,0
2026-07-04T20:13:39+08:00,5.19,78,20,5,2,1.015,1.763,0,1.038,0
2026-07-04T20:20:07+08:00,7.62,283,20,5,3,1.051,1.185,0,0.226,0
2026-07-04T20:35:33+08:00,8.1,259,20,5,2,1.134,1.689,0,0.992,0
2026-07-04T21:13:56+08:00,3.04,88,21,5,1,1.144,0.467,0,1.699,0
2026-07-04T22:03:53+08:00,5.37,236,22,5,2,1.074,1.02,1,0.026,0
2026-07-04T22:42:34+08:00,10.91,320,22,5,3,1.149,2.244,1,-0.331,0
2026-07-04T22:51:59+08:00,2.42,8,22,5,1,1.0,0.649,1,1.587,0
2026-07-04T22:58:26+08:00,9.31,580,22,5,3,1.069,2.332,1,-0.59,0
2026-07-05T00:22:02+08:00,9.92,387,0,6,3,1.032,3.212,1,0.241,0
2026-07-05T02:22:29+08:00,0.07,54933,2,6,3,1.442,0.0,1,0.066,1
2026-07-05T03:10:41+08:00,5.49,293,3,6,0,1.113,1.08,1,-1.347,0
2026-07-05T03:20:15+08:00,7.6,35,3,6,2,1.036,2.158,1,-0.481,0
2026-07-05T06:00:41+08:00,7.56,597,6,6,3,1.03,0.66,0,0.445,0
2026-07-05T06:04:21+08:00,8.31,104,6,6,0,1.02,1.556,0,0.147,0
2026-07-05T06:04:32+08:00,4.8,63,6,6,3,1.096,1.036,0,-1.31,0
2026-07-05T06:16:04+08:00,10.52,199,6,6,3,1.093,3.662,0,-0.834,0
2026-07-05T06:26:34+08:00,0.81,29,6,6,1,1.096,0.257,0,0.757,0
2026-07-05T06:35:56+08:00,3.81,39,6,6,0,1.013,0.994,0,-0.544,0
2026-07-05T06:43:07+08:00,6.87,26,6,6,2,1.134,1.277,0,0.025,0
2026-07-05T06:52:55+08:00,44.31,15,6,6,2,0.978,24.912,0,6.348,1
2026-07-05T06:55:37+08:00,9.18,542,6,6,3,1.057,2.415,0,-1.543,0
2026-07-05T07:06:54+08:00,9.76,364,7,6,3,1.041,3.125,0,1.332,0
2026-07-05T07:28:58+08:00,2.68,93,7,6,0,1.039,0.634,0,-1.677,0
2026-07-05T08:17:49+08:00,5.17,34,8,6,0,1.031,0.869,0,-0.162,0
2026-07-05T08:31:39+08:00,1.25,8,8,6,1,1.118,0.321,0,-0.164,0
2026-07-05T08:45:50+08:00,8.42,178,8,6,0,1.043,1.042,0,-1.691,0
2026-07-05T09:05:04+08:00,8.43,210,9,6,2,1.046,1.106,0,1.76,0
2026-07-05T09:10:26+08:00,7.0,75,9,6,0,1.147,1.129,0,0.407,0
2026-07-05T09:23:18+08:00,2.13,61,9,6,1,1.054,0.606,0,1.94,0
2026-07-05T09:43:29+08:00,9.92,420,9,6,3,1.115,1.347,0,1.543,0
2026-07-05T10:05:44+08:00,6.13,170,10,6,2,1.089,1.603,0,0.681,0
2026-07-05T10:06:02+08:00,2.28,57,10,6,1,1.038,0.61,0,1.694,0
2026-07-05T10:25:33+08:00,7.33,86,10,6,0,1.114,2.557,0,-0.864,0
2026-07-05T10:35:45+08:00,2.55,643,10,6,0,1.097,0.587,0,2.358,0
2026-07-05T10:39:58+08:00,4.43,27,10,6,2,1.067,0.732,0,-0.297,0
2026-07-05T10:42:34+08:00,5.27,1570,10,6,3,1.142,1.103,0,1.941,0
2026-07-05T10:59:42+08:00,5.6,64,10,6,2,1.016,1.89,0,0.312,0
2026-07-05T11:46:09+08:00,3.28,76,11,6,1,1.109,0.221,0,2.351,0
2026-07-05T11:47:38+08:00,3.25,64,11,6,1,1.085,0.678,0,-0.674,0
2026-07-05T12:00:57+08:00,4.43,57,12,6,2,1.018,1.358,0,0.951,0
2026-07-05T12:26:37+08:00,36.3,22,12,6,3,0.959,16.779,0,1.659,1
2026-07-05T12:28:33+08:00,8.68,93,12,6,0,1.027,2.907,0,0.14,0
2026-07-05T12:31:44+08:00,9.24,794,12,6,3,1.09,1.889,0,0.539,0
2026-07-05T12:32:31+08:00,6.08,618,12,6,0,1.071,1.254,0,1.035,0
2026-07-05T13:16:17+08:00,0.94,53,13,6,1,1.132,0.217,0,-0.229,0
2026-07-05T13:19:44+08:00,2.48,233,13,6,0,1.006,0.791,0,-0.186,0
2026-07-05T14:01:18+08:00,9.83,713,14,6,3,1.073,0.71,0,-0.841,0
2026-07-05T14:29:23+08:00,8.35,411,14,6,3,1.079,1.903,0,1.63,0
2026-07-05T17:02:06+08:00,4.48,120,17,6,0,1.099,1.273,0,-0.651,0
2026-07-05T17:30:05+08:00,7.08,61,17,6,0,1.032,1.793,0,2.453,0
2026-07-05T18:00:15+08:00,5.58,348,18,6,2,1.012,1.211,0,-2.084,0
2026-07-05T19:13:13+08:00,10.28,383,19,6,3,1.089,2.725,0,-0.024,0
2026-07-05T19:19:26+08:00,9.27,798,19,6,3,1.041,0.635,0,1.457,0
2026-07-05T19:42:35+08:00,3.29,88,19,6,1,1.104,0.468,0,1.321,0
2026-07-05T19:43:43+08:00,1.83,46,19,6,1,1.02,0.488,0,1.715,0
2026-07-05T20:06:31+08:00,2.35,118,20,6,1,1.102,0.603,0,1.753,0
2026-07-05T20:16:25+08:00,8.96,90,20,6,3,1.01,0.676,0,0.307,0
2026-07-05T20:17:24+08:00,1.25,20,20,6,1,1.116,0.298,0,-0.982,0
2026-07-05T20:19:25+08:00,8.92,2156,20,6,3,1.064,2.361,0,-0.933,0
2026-07-05T20:22:05+08:00,1.88,54,20,6,1,1.009,0.475,0,0.554,0
2026-07-05T20:31:44+08:00,6.12,224,20,6,0,1.098,0.396,0,-0.083,0
2026-07-05T20:34:45+08:00,9.9,67,20,6,3,1.001,0.898,0,0.294,0
2026-07-05T21:32:04+08:00,1.84,133,21,6,1,1.005,0.285,0,1.867,0
2026-07-05T21:51:28+08:00,5.55,182,21,6,0,1.146,0.985,0,-1.093,0
2026-07-05T22:02:18+08:00,9.44,355,22,6,3,1.042,1.738,1,-0.759,0
2026-07-05T22:04:17+08:00,9.87,681,22,6,3,1.027,1.384,1,-0.594,0
2026-07-05T22:30:18+08:00,1.91,11,22,6,1,1.038,0.23,1,1.264,0
2026-07-05T22:43:12+08:00,3.66,342,22,6,0,1.016,1.116,1,-0.104,0
2026-07-05T23:04:32+08:00,6.99,169,23,6,0,1.004,2.17,1,-1.116,0
2026-07-05T23:42:04+08:00,1.79,321,23,6,0,1.087,0.361,1,0.962,0
2026-07-06T01:33:10+08:00,25.75,685,1,0,3,1.099,3.836,1,-0.495,1
2026-07-06T06:10:22+08:00,2.65,674,6,0,0,1.112,0.298,0,-1.284,0
2026-07-06T06:25:41+08:00,5.84,105,6,0,0,1.041,0.295,0,-0.395,0
2026-07-06T06:29:20+08:00,7.47,79,6,0,3,1.075,0.716,0,0.442,0
2026-07-06T06:34:45+08:00,9.78,932,6,0,3,1.046,1.264,0,0.432,0
2026-07-06T06:43:29+08:00,0.49,81,6,0,1,1.041,0.14,0,-0.923,0
2026-07-06T06:43:58+08:00,1.28,12,6,0,1,1.071,0.276,0,-1.962,0
2026-07-06T07:18:25+08:00,10.16,119,7,0,0,1.114,0.715,0,0.274,0
2026-07-06T07:19:23+08:00,6.56,86,7,0,0,1.033,0.905,0,1.731,0
2026-07-06T07:19:47+08:00,1.1,30,7,0,1,1.062,0.311,0,-0.973,0
2026-07-06T07:28:11+08:00,2.91,8,7,0,1,1.095,0.839,0,-0.7,0
2026-07-06T07:35:10+08:00,1.97,43,7,0,1,1.074,0.383,0,-0.559,0
2026-07-06T08:02:36+08:00,12.05,961,8,0,3,1.053,0.804,0,0.915,0
2026-07-06T08:47:49+08:00,6.82,161,8,0,2,1.045,1.773,0,-1.854,0
2026-07-06T09:06:47+08:00,7.41,95,9,0,0,1.0,1.166,0,-0.474,0
2026-07-06T09:33:32+08:00,2.74,103,9,0,1,1.101,0.865,0,1.328,0
2026-07-06T09:40:58+08:00,2.26,42,9,0,1,1.035,0.351,0,0.101,0
2026-07-06T11:21:57+08:00,4.98,373,11,0,3,1.039,1.079,0,1.555,0
2026-07-06T11:22:28+08:00,8.9,629,11,0,3,1.046,1.056,0,1.139,0
2026-07-06T11:50:49+08:00,4.44,421,11,0,0,1.148,1.275,0,0.782,0
2026-07-06T12:54:50+08:00,2.77,144,12,0,0,1.14,0.948,0,0.613,0
2026-07-06T13:17:18+08:00,1.68,1118,13,0,0,1.125,0.416,0,0.551,0
2026-07-06T14:05:50+08:00,0.99,5686,14,0,0,3.701,0.022,0,0.268,1
2026-07-06T14:24:12+08:00,9.17,909,14,0,2,1.062,1.205,0,-0.843,0
2026-07-06T14:28:10+08:00,5.04,89,14,0,2,1.108,0.264,0,1.211,0
2026-07-06T14:28:29+08:00,1.93,197,14,0,1,1.144,0.273,0,-0.31,0
2026-07-06T14:53:46+08:00,5.45,44,14,0,0,1.122,1.272,0,-0.912,0
2026-07-06T15:11:46+08:00,9.35,2368,15,0,3,1.073,2.106,0,-1.285,0
2026-07-06T15:16:20+08:00,2.83,9,15,0,1,1.117,0.162,0,1.618,0
2026-07-06T16:12:11+08:00,5.68,68,16,0,2,1.112,0.73,0,0.688,0
2026-07-06T16:15:35+08:00,6.89,84,16,0,2,1.058,1.421,0,0.243,0
2026-07-06T16:37:52+08:00,7.23,57,16,0,0,1.115,2.127,0,0.907,0
2026-07-06T17:15:43+08:00,6.25,600,17,0,0,1.002,1.22,0,-0.495,0
2026-07-06T17:25:58+08:00,5.62,245,17,0,3,1.119,0.873,0,1.661,0
2026-07-06T17:51:26+08:00,2.46,157,17,0,0,1.066,0.721,0,-1.928,0
2026-07-06T17:58:56+08:00,8.35,646,17,0,0,1.001,0.558,0,1.686,0
2026-07-06T17:59:32+08:00,7.66,780,17,0,3,1.065,1.659,0,0.224,0
2026-07-06T18:09:42+08:00,10.57,130,18,0,0,1.038,1.764,0,-0.541,0
2026-07-06T18:18:21+08:00,2.36,61,18,0,1,1.103,0.613,0,0.612,0
2026-07-06T18:20:08+08:00,3.63,139,18,0,2,1.078,1.052,0,1.031,0
2026-07-06T18:21:49+08:00,4.04,298,18,0,2,1.017,0.485,0,-0.059,0
2026-07-06T18:22:51+08:00,5.92,187,18,0,0,1.086,0.401,0,-1.094,0
2026-07-06T18:28:16+08:00,2.65,31,18,0,1,1.08,0.444,0,1.086,0
2026-07-06T18:31:15+08:00,9.01,850,18,0,3,1.117,1.335,0,-0.675,0
2026-07-06T18:33:24+08:00,4.98,257,18,0,0,1.044,0.96,0,1.366,0
2026-07-06T18:52:46+08:00,7.06,100,18,0,2,1.036,2.299,0,0.043,0
2026-07-06T18:55:09+08:00,3.72,597,18,0,3,1.084,1.227,0,0.484,0
2026-07-06T19:00:09+08:00,5.79,545,19,0,3,1.125,1.4,0,-0.467,0
2026-07-06T19:08:36+08:00,2.55,26,19,0,1,1.026,0.584,0,0.594,0
2026-07-06T19:25:19+08:00,7.63,141,19,0,3,1.025,1.84,0,-2.115,0
2026-07-06T19:35:48+08:00,11.03,127,19,0,3,1.014,2.953,0,0.359,0
2026-07-06T19:53:18+08:00,5.87,84,19,0,2,1.005,0.646,0,-1.552,0
2026-07-06T20:02:10+08:00,0.92,82,20,0,0,1.012,0.076,0,1.467,0
2026-07-06T20:27:44+08:00,5.74,793,20,0,3,1.056,0.693,0,-0.192,0
2026-07-06T20:32:09+08:00,2.53,19,20,0,1,1.06,0.147,0,-0.387,0
2026-07-06T20:39:53+08:00,8.79,93,20,0,3,1.051,1.725,0,1.728,0
2026-07-06T20:48:49+08:00,8.7,93,20,0,0,1.125,1.564,0,-0.449,0
2026-07-06T22:28:07+08:00,7.15,402,22,0,2,1.048,0.673,1,-0.988,0
2026-07-06T23:00:44+08:00,3.53,155,23,0,2,1.086,0.204,1,-2.029,0
2026-07-06T23:08:16+08:00,3.44,33,23,0,2,1.031,0.517,1,1.241,0
2026-07-06T23:27:50+08:00,2.18,98,23,0,1,1.094,0.156,1,-0.21,0
2026-07-06T23:43:35+08:00,1.06,46,23,0,2,1.107,0.305,1,-0.781,0
2026-07-06T23:51:09+08:00,2.3,30,23,0,1,1.143,0.397,1,0.288,0
2026-07-07T00:13:15+08:00,3.53,73,0,1,1,1.149,0.924,1,-1.471,0
2026-07-07T01:22:55+08:00,0.02,43406,1,1,2,1.356,0.0,1,0.146,1
2026-07-07T06:00:17+08:00,5.4,789,6,1,3,1.036,1.361,0,-1.17,0
2026-07-07T06:03:44+08:00,6.18,153,6,1,3,1.022,0.376,0,-1.076,0
2026-07-07T06:04:34+08:00,3.46,74,6,1,1,1.008,0.603,0,-2.233,0
2026-07-07T06:07:28+08:00,12.28,720,6,1,3,1.145,2.887,0,0.169,0
2026-07-07T06:15:55+08:00,6.33,58,6,1,2,1.116,0.659,0,-1.153,0
2026-07-07T06:16:44+08:00,3.87,17,6,1,1,1.079,0.392,0,-0.698,0
2026-07-07T06:31:57+08:00,6.67,88,6,1,2,1.032,2.034,0,-0.552,0
2026-07-07T07:04:52+08:00,6.15,236,7,1,2,1.086,1.732,0,3.983,0
2026-07-07T07:21:08+08:00,0.3,10,7,1,1,1.087,0.085,0,-0.556,0
2026-07-07T07:29:03+08:00,6.94,249,7,1,3,1.054,2.365,0,1.904,0
2026-07-07T07:38:07+08:00,7.58,366,7,1,0,1.064,2.14,0,-0.731,0
2026-07-07T08:03:06+08:00,7.1,56,8,1,0,1.099,1.711,0,0.713,0
2026-07-07T08:06:41+08:00,10.49,80,8,1,3,1.031,2.666,0,0.083,0
2026-07-07T08:10:07+08:00,2.13,109,8,1,0,1.107,0.517,0,-0.543,0
2026-07-07T08:50:31+08:00,4.43,330,8,1,0,1.021,1.548,0,-0.892,0
2026-07-07T08:55:58+08:00,4.44,241,8,1,0,1.023,0.665,0,1.095,0
2026-07-07T09:17:52+08:00,1.02,27,9,1,1,1.013,0.21,0,-0.631,0
2026-07-07T09:19:45+08:00,4.97,441,9,1,2,1.093,1.443,0,1.379,0
2026-07-07T09:48:42+08:00,4.77,418,9,1,0,1.012,1.531,0,-0.957,0
2026-07-07T09:48:59+08:00,4.84,32,9,1,2,1.113,0.658,0,0.491,0
2026-07-07T09:51:00+08:00,1.83,304,9,1,0,1.045,0.383,0,-0.352,0
2026-07-07T09:57:34+08:00,8.57,660,9,1,0,1.049,1.691,0,1.134,0
2026-07-07T09:58:30+08:00,2.55,69,9,1,1,1.112,0.215,0,0.637,0
2026-07-07T10:12:16+08:00,6.79,64,10,1,2,1.006,0.348,0,-0.832,0
2026-07-07T11:19:02+08:00,5.09,22,11,1,2,1.023,0.364,0,-0.118,0
2026-07-07T11:29:53+08:00,7.89,374,11,1,2,1.027,1.907,0,-0.572,0
2026-07-07T12:48:08+08:00,5.51,175,12,1,2,1.131,0.326,0,0.955,0
2026-07-07T12:53:24+08:00,6.91,156,12,1,2,1.116,1.482,0,0.396,0
2026-07-07T12:54:24+08:00,2.28,15,12,1,1,1.124,0.288,0,0.399,0
2026-07-07T13:00:43+08:00,3.37,340,13,1,0,1.125,0.414,0,-0.554,0
2026-07-07T13:41:48+08:00,5.36,34,13,1,2,1.092,0.55,0,-0.42,0
2026-07-07T14:04:55+08:00,6.03,212,14,1,0,1.146,1.286,0,-2.323,0
2026-07-07T14:39:31+08:00,6.39,444,14,1,2,1.031,1.013,0,-0.851,0
2026-07-07T14:40:20+08:00,4.64,450,14,1,2,1.046,0.271,0,-1.625,0
2026-07-07T14:49:29+08:00,2.33,21,14,1,1,1.115,0.797,0,-0.41,0
2026-07-07T14:52:55+08:00,9.66,80,14,1,3,1.131,2.559,0,-1.53,0
2026-07-07T15:27:33+08:00,8.64,103,15,1,0,1.022,1.88,0,-1.719,0
2026-07-07T15:41:16+08:00,9.39,235,15,1,3,1.059,1.078,0,-1.327,0
2026-07-07T15:44:03+08:00,3.86,224,15,1,0,1.085,0.989,0,1.12,0
2026-07-07T16:40:29+08:00,4.92,394,16,1,2,1.126,0.877,0,0.15,0
2026-07-07T17:12:41+08:00,2.26,22,17,1,1,1.136,0.583,0,-1.051,0
2026-07-07T17:13:40+08:00,7.49,152,17,1,3,1.069,0.759,0,1.088,0
2026-07-07T17:24:09+08:00,7.3,1192,17,1,0,1.033,0.401,0,-1.025,0
2026-07-07T17:25:24+08:00,9.41,149,17,1,3,1.046,1.122,0,-1.611,0
2026-07-07T17:41:17+08:00,1.23,8,17,1,1,1.06,0.113,0,-0.831,0
2026-07-07T17:48:22+08:00,5.65,32,17,1,2,1.013,1.812,0,-1.095,0
2026-07-07T17:55:59+08:00,4.3,328,17,1,0,1.118,1.186,0,-1.019,0
2026-07-07T18:12:45+08:00,2.28,26,18,1,1,1.119,0.398,0,-1.155,0
2026-07-07T18:17:57+08:00,1.89,33,18,1,1,1.035,0.634,0,0.596,0
2026-07-07T18:29:44+08:00,1.32,8,18,1,1,1.072,0.373,0,1.02,0
2026-07-07T18:33:14+08:00,8.77,154,18,1,2,1.065,0.53,0,1.605,0
2026-07-07T18:39:42+08:00,4.47,142,18,1,2,1.06,0.899,0,2.176,0
2026-07-07T18:55:06+08:00,9.33,161,18,1,3,1.06,2.99,0,0.746,0
2026-07-07T19:00:41+08:00,5.9,71,19,1,2,1.143,1.889,0,-0.257,0
2026-07-07T19:08:27+08:00,2.68,16,19,1,1,1.038,0.661,0,1.272,0
2026-07-07T19:16:58+08:00,9.69,960,19,1,3,1.054,1.912,0,-0.101,0
2026-07-07T19:29:54+08:00,7.97,566,19,1,3,1.083,2.26,0,1.205,0
2026-07-07T19:30:01+08:00,7.57,506,19,1,0,1.007,2.611,0,-1.157,0
2026-07-07T19:56:14+08:00,6.19,165,19,1,3,1.104,1.065,0,-0.936,0
2026-07-07T20:24:33+08:00,2.37,47,20,1,1,1.148,0.64,0,0.688,0
2026-07-07T20:49:00+08:00,6.12,443,20,1,2,1.05,2.141,0,-0.017,0
2026-07-07T20:50:56+08:00,4.17,67,20,1,0,1.109,1.375,0,1.181,0
2026-07-07T21:21:13+08:00,6.77,277,21,1,2,1.136,2.164,0,-0.871,0
2026-07-07T21:28:32+08:00,3.75,291,21,1,2,1.065,1.128,0,-0.358,0
2026-07-07T21:40:29+08:00,10.25,143,21,1,3,1.149,2.146,0,2.904,0
2026-07-07T22:33:19+08:00,8.71,267,22,1,0,1.037,1.607,1,1.93,0
2026-07-07T23:40:19+08:00,3.07,32,23,1,1,1.115,0.586,1,-0.028,0
2026-07-07T23:53:47+08:00,6.53,35,23,1,2,1.133,1.08,1,-0.125,0
2026-07-08T00:19:30+08:00,5.37,368,0,2,3,1.072,0.798,1,-2.202,0
2026-07-08T00:39:01+08:00,8.14,103,0,2,3,1.145,1.762,1,0.269,0
2026-07-08T06:00:52+08:00,4.31,85,6,2,2,1.082,1.221,0,0.223,0
2026-07-08T06:17:15+08:00,6.21,102,6,2,2,1.012,1.832,0,-0.704,0
2026-07-08T06:42:46+08:00,1.96,159,6,2,3,1.005,0.248,0,0.161,0
2026-07-08T06:56:36+08:00,5.72,213,6,2,2,1.108,1.36,0,-0.267,0
2026-07-08T07:11:59+08:00,6.87,222,7,2,2,1.023,1.751,0,0.552,0
2026-07-08T07:15:14+08:00,6.61,133,7,2,2,1.074,0.401,0,1.04,0
2026-07-08T07:16:44+08:00,2.3,25,7,2,1,1.102,0.609,0,0.657,0
2026-07-08T07:17:23+08:00,0.64,5762,7,2,0,3.052,0.025,0,-0.183,1
2026-07-08T07:20:05+08:00,2.16,20,7,2,1,1.107,0.67,0,-1.17,0
2026-07-08T07:28:05+08:00,3.06,205,7,2,2,1.125,0.899,0,1.581,0
2026-07-08T08:12:41+08:00,2.1,10,8,2,1,1.093,0.577,0,0.635,0
2026-07-08T08:19:33+08:00,6.15,38,8,2,0,1.016,1.487,0,-1.447,0
2026-07-08T08:19:45+08:00,3.24,46,8,2,1,1.028,0.24,0,0.614,0
2026-07-08T08:19:56+08:00,8.03,717,8,2,3,1.103,2.463,0,-0.165,0
2026-07-08T08:22:09+08:00,6.82,391,8,2,0,1.107,1.586,0,0.553,0
2026-07-08T08:32:59+08:00,7.59,295,8,2,0,1.032,1.838,0,2.551,0
2026-07-08T08:35:46+08:00,4.84,531,8,2,3,1.059,0.916,0,2.3,0
2026-07-08T08:36:55+08:00,9.41,467,8,2,3,1.012,0.925,0,0.894,0
2026-07-08T08:38:58+08:00,3.37,42,8,2,0,1.101,1.034,0,1.843,0
2026-07-08T08:40:45+08:00,4.76,501,8,2,2,1.088,1.534,0,-1.32,0
2026-07-08T09:03:41+08:00,2.41,25,9,2,1,1.101,0.187,0,-1.172,0
2026-07-08T09:22:59+08:00,9.28,856,9,2,3,1.097,1.208,0,-1.291,0
2026-07-08T10:15:18+08:00,9.64,261,10,2,3,1.039,2.336,0,0.111,0
2026-07-08T10:35:31+08:00,3.06,13,10,2,1,1.013,0.546,0,-1.475,0
2026-07-08T10:44:36+08:00,8.43,177,10,2,2,1.102,0.84,0,1.481,0
2026-07-08T11:01:54+08:00,3.92,117,11,2,0,1.071,0.591,0,1.028,0
2026-07-08T11:08:18+08:00,5.22,353,11,2,0,1.114,0.613,0,-0.321,0
2026-07-08T11:22:47+08:00,8.01,581,11,2,0,1.143,0.529,0,0.632,0
2026-07-08T11:46:19+08:00,5.09,84,11,2,2,1.09,0.561,0,-0.662,0
2026-07-08T12:25:09+08:00,1.88,651,12,2,2,1.024,0.457,0,-2.688,0
2026-07-08T12:42:19+08:00,4.02,486,12,2,0,1.006,0.5,0,0.028,0
2026-07-08T12:53:08+08:00,9.03,275,12,2,0,1.123,1.23,0,-0.134,0
2026-07-08T13:18:45+08:00,1.73,160,13,2,3,1.09,0.377,0,-2.789,0
2026-07-08T13:25:24+08:00,5.55,498,13,2,3,1.061,1.851,0,0.277,0
2026-07-08T13:31:56+08:00,5.56,304,13,2,0,1.054,1.568,0,-1.229,0
2026-07-08T14:00:11+08:00,10.58,347,14,2,3,1.062,0.617,0,2.425,0
2026-07-08T14:03:59+08:00,1.19,324,14,2,0,1.148,0.403,0,1.392,0
2026-07-08T14:13:03+08:00,5.7,256,14,2,0,1.007,0.428,0,-0.602,0
2026-07-08T14:39:42+08:00,6.57,473,14,2,3,1.128,0.655,0,0.245,0
2026-07-08T14:53:36+08:00,0.32,39,14,2,1,1.144,0.046,0,-0.212,0
2026-07-08T16:37:06+08:00,4.45,419,16,2,2,1.032,1.295,0,0.602,0
2026-07-08T17:08:53+08:00,8.78,214,17,2,0,1.062,1.814,0,-0.969,0
2026-07-08T17:14:20+08:00,2.33,287,17,2,0,1.121,0.402,0,-0.31,0
2026-07-08T17:38:38+08:00,7.04,275,17,2,2,1.041,1.68,0,-1.214,0
2026-07-08T17:38:41+08:00,1.64,16,17,2,1,1.077,0.201,0,0.738,0
2026-07-08T17:50:47+08:00,6.01,380,17,2,0,1.055,1.063,0,-0.733,0
2026-07-08T17:51:22+08:00,3.0,28,17,2,1,1.079,0.24,0,-0.055,0
2026-07-08T18:00:39+08:00,3.01,18,18,2,1,1.064,0.17,0,0.032,0
2026-07-08T18:01:40+08:00,3.25,79,18,2,1,1.086,0.386,0,-0.201,0
2026-07-08T18:24:51+08:00,4.81,45,18,2,2,1.099,0.275,0,0.489,0
2026-07-08T18:26:41+08:00,2.46,284,18,2,3,1.074,0.713,0,-1.297,0
2026-07-08T18:31:31+08:00,7.11,61,18,2,2,1.017,0.761,0,0.144,0
2026-07-08T18:50:24+08:00,6.03,368,18,2,3,1.106,0.857,0,0.366,0
2026-07-08T19:15:23+08:00,8.79,510,19,2,3,1.008,0.81,0,1.054,0
2026-07-08T19:28:34+08:00,11.03,97,19,2,0,1.019,1.387,0,-0.303,0
2026-07-08T19:36:32+08:00,7.64,52,19,2,2,1.135,0.451,0,-1.06,0
2026-07-08T19:49:53+08:00,1.53,15,19,2,1,1.002,0.079,0,-1.215,0
2026-07-08T19:52:40+08:00,13.75,75,19,2,3,1.135,1.796,0,0.851,0
2026-07-08T19:53:44+08:00,5.39,437,19,2,2,1.022,0.278,0,-0.897,0
2026-07-08T20:00:39+08:00,0.3,128,20,2,1,1.016,0.035,0,1.152,0
2026-07-08T20:12:30+08:00,7.12,307,20,2,0,1.045,0.52,0,-0.21,0
2026-07-08T20:12:37+08:00,4.52,797,20,2,0,1.125,1.289,0,-0.214,0
2026-07-08T20:35:43+08:00,10.57,201,20,2,3,1.017,2.407,0,1.833,0
2026-07-08T20:51:04+08:00,11.17,377,20,2,3,1.063,3.081,0,1.335,0
2026-07-08T21:13:45+08:00,8.21,260,21,2,3,1.123,2.201,0,0.635,0
2026-07-08T21:25:48+08:00,1.25,57,21,2,0,1.035,0.387,0,0.548,0
2026-07-08T22:31:58+08:00,5.59,28,22,2,2,1.059,1.0,1,0.054,0
2026-07-08T22:50:53+08:00,6.76,303,22,2,0,1.097,2.364,1,-0.196,0
2026-07-08T23:06:18+08:00,2.92,26,23,2,1,1.074,0.807,1,0.823,0
2026-07-08T23:14:21+08:00,2.28,29,23,2,1,1.084,0.733,1,-0.013,0
2026-07-08T23:18:13+08:00,5.39,105,23,2,2,1.144,1.323,1,-1.005,0
2026-07-09T01:53:16+08:00,4.66,336,1,3,0,1.049,0.357,1,-2.275,0
2026-07-09T06:15:21+08:00,3.15,29,6,3,2,1.137,0.453,0,-1.521,0
2026-07-09T06:17:23+08:00,10.73,156,6,3,3,1.033,1.71,0,-1.124,0
2026-07-09T07:14:31+08:00,7.84,312,7,3,3,1.025,1.511,0,-0.292,0
2026-07-09T07:29:32+08:00,11.45,351,7,3,0,1.011,1.537,0,-1.238,0
2026-07-09T07:32:30+08:00,4.34,19,7,3,1,1.068,1.045,0,1.608,0
2026-07-09T07:38:57+08:00,8.93,1556,7,3,3,1.141,2.096,0,-1.85,0
2026-07-09T07:43:16+08:00,4.77,390,7,3,2,1.127,0.823,0,-0.652,0
2026-07-09T07:58:23+08:00,6.66,308,7,3,2,1.085,1.21,0,1.012,0
2026-07-09T08:09:37+08:00,6.86,394,8,3,2,1.006,1.774,0,-0.945,0
2026-07-09T08:42:12+08:00,7.79,1762,8,3,3,1.114,1.913,0,1.657,0
2026-07-09T08:46:04+08:00,5.52,386,8,3,3,1.047,1.819,0,-1.508,0
2026-07-09T08:58:29+08:00,5.17,231,8,3,2,1.149,1.483,0,-1.21,0
2026-07-09T09:08:59+08:00,3.4,65,9,3,0,1.023,0.532,0,0.712,0
2026-07-09T09:30:17+08:00,7.85,349,9,3,3,1.033,1.309,0,-0.979,0
2026-07-09T09:31:06+08:00,7.7,388,9,3,3,1.117,1.958,0,0.352,0
2026-07-09T09:51:06+08:00,6.56,612,9,3,0,1.059,1.12,0,-2.287,0
2026-07-09T10:13:58+08:00,10.88,819,10,3,3,1.027,2.583,0,-0.82,0
2026-07-09T10:14:46+08:00,7.4,225,10,3,0,1.062,2.111,0,1.34,0
2026-07-09T10:18:50+08:00,1.75,158,10,3,1,1.022,0.332,0,-0.211,0
2026-07-09T10:41:03+08:00,2.14,80,10,3,1,1.147,0.548,0,1.516,0
2026-07-09T10:55:37+08:00,7.35,244,10,3,3,1.048,1.08,0,-0.684,0
2026-07-09T11:08:07+08:00,8.68,400,11,3,3,1.087,1.079,0,0.716,0
2026-07-09T11:31:16+08:00,5.06,348,11,3,3,1.112,1.673,0,-0.801,0
2026-07-09T11:55:58+08:00,7.98,715,11,3,3,1.071,0.543,0,-1.709,0
2026-07-09T12:07:15+08:00,6.99,155,12,3,2,1.057,1.582,0,2.62,0
2026-07-09T12:11:56+08:00,7.53,56,12,3,0,1.102,0.449,0,0.138,0
2026-07-09T12:16:13+08:00,8.1,164,12,3,3,1.035,2.434,0,-0.601,0
2026-07-09T12:31:39+08:00,2.01,8,12,3,1,1.042,0.551,0,1.265,0
2026-07-09T12:58:48+08:00,5.8,121,12,3,0,1.044,0.979,0,4.341,0
2026-07-09T13:15:28+08:00,5.46,245,13,3,3,1.051,0.684,0,0.917,0
2026-07-09T13:22:12+08:00,10.96,1154,13,3,3,1.127,2.747,0,-1.199,0
2026-07-09T14:31:50+08:00,6.81,154,14,3,2,1.065,0.679,0,0.352,0
2026-07-09T14:54:45+08:00,3.74,171,14,3,2,1.104,0.716,0,0.339,0
2026-07-09T16:43:46+08:00,1.91,26,16,3,1,1.14,0.551,0,-1.132,0
2026-07-09T16:46:16+08:00,3.17,26,16,3,1,1.147,0.415,0,0.933,0
2026-07-09T17:10:40+08:00,4.13,222,17,3,3,1.001,0.497,0,1.255,0
2026-07-09T17:15:40+08:00,7.09,99,17,3,2,1.146,1.137,0,0.562,0
2026-07-09T17:22:17+08:00,2.38,16,17,3,1,1.079,0.55,0,1.036,0
2026-07-09T17:38:01+08:00,1.18,13,17,3,1,1.056,0.258,0,1.156,0
2026-07-09T18:05:12+08:00,1.75,33,18,3,1,1.064,0.449,0,1.676,0
2026-07-09T18:29:10+08:00,4.2,602,18,3,2,1.01,0.873,0,-0.521,0
2026-07-09T18:49:31+08:00,2.68,100,18,3,1,1.048,0.607,0,1.668,0
2026-07-09T18:51:49+08:00,3.09,29,18,3,1,1.146,0.642,0,0.845,0
2026-07-09T19:02:31+08:00,3.1,477,19,3,0,1.055,0.978,0,-1.447,0
2026-07-09T19:06:40+08:00,6.42,208,19,3,2,1.023,0.559,0,0.401,0
2026-07-09T19:15:50+08:00,5.91,423,19,3,0,1.085,0.534,0,-0.145,0
2026-07-09T19:31:28+08:00,8.41,577,19,3,3,1.064,0.868,0,1.519,0
2026-07-09T19:35:10+08:00,7.46,702,19,3,2,1.067,0.454,0,0.235,0
2026-07-09T19:35:55+08:00,9.4,254,19,3,3,1.004,1.714,0,1.66,0
2026-07-09T19:48:55+08:00,1.44,19,19,3,1,1.125,0.147,0,-0.21,0
2026-07-09T19:53:03+08:00,4.37,538,19,3,3,1.013,1.392,0,-1.022,0
2026-07-09T20:00:01+08:00,7.84,121,20,3,0,1.088,1.233,0,0.166,0
2026-07-09T20:03:14+08:00,7.4,113,20,3,0,1.035,2.248,0,-1.091,0
2026-07-09T20:31:52+08:00,2.66,138,20,3,1,1.085,0.484,0,2.425,0
2026-07-09T23:00:38+08:00,4.46,75,23,3,2,1.14,0.314,1,-0.222,0
2026-07-09T23:33:53+08:00,8.3,300,23,3,0,1.027,1.063,1,2.676,0
2026-07-09T23:56:30+08:00,0.67,19,23,3,1,1.01,0.136,1,2.094,0
2026-07-10T04:24:13+08:00,2.32,20,4,4,1,1.08,0.65,1,3.309,0
2026-07-10T06:05:16+08:00,7.69,263,6,4,3,1.063,1.743,0,0.751,0
2026-07-10T06:05:23+08:00,10.08,577,6,4,3,1.09,2.506,0,0.591,0
2026-07-10T06:21:59+08:00,6.18,248,6,4,2,1.014,0.825,0,-0.321,0
2026-07-10T06:45:40+08:00,2.48,23,6,4,1,1.038,0.523,0,-0.192,0
2026-07-10T07:33:16+08:00,1.65,42,7,4,1,1.102,0.379,0,0.538,0
2026-07-10T07:34:30+08:00,9.37,317,7,4,2,1.071,1.83,0,0.887,0
2026-07-10T07:50:49+08:00,3.24,25,7,4,1,1.078,1.126,0,0.64,0
2026-07-10T07:59:21+08:00,1.73,72,7,4,1,1.04,0.459,0,-2.413,0
2026-07-10T08:34:48+08:00,6.79,55,8,4,0,1.014,1.184,0,-0.254,0
2026-07-10T08:42:50+08:00,5.87,142,8,4,2,1.12,1.537,0,-1.508,0
2026-07-10T08:46:31+08:00,0.3,101,8,4,0,1.066,0.083,0,-0.338,0
2026-07-10T08:46:54+08:00,6.88,267,8,4,0,1.058,0.415,0,-0.033,0
2026-07-10T08:56:45+08:00,7.09,508,8,4,2,1.041,1.576,0,-1.444,0
2026-07-10T08:59:49+08:00,7.22,268,8,4,3,1.09,0.726,0,1.284,0
2026-07-10T09:01:49+08:00,7.67,133,9,4,3,1.143,1.214,0,0.664,0
2026-07-10T10:31:27+08:00,9.34,752,10,4,0,1.102,1.496,0,-1.346,0
2026-07-10T11:53:23+08:00,3.67,34,11,4,1,1.101,0.817,0,1.205,0
2026-07-10T12:02:15+08:00,8.3,201,12,4,0,1.02,1.051,0,-1.62,0
2026-07-10T12:38:50+08:00,1.94,30,12,4,1,1.124,0.438,0,0.513,0
2026-07-10T12:43:25+08:00,9.34,604,12,4,0,1.026,1.163,0,0.446,0
2026-07-10T12:56:04+08:00,11.2,843,12,4,3,1.021,1.489,0,1.694,0
2026-07-10T12:57:15+08:00,2.33,9,12,4,1,1.075,0.214,0,-4.166,0
2026-07-10T13:07:14+08:00,7.79,81,13,4,3,1.062,1.119,0,1.275,0
2026-07-10T13:31:28+08:00,2.81,13,13,4,1,1.109,0.361,0,0.437,0
2026-07-10T13:52:07+08:00,7.45,544,13,4,3,1.146,1.012,0,1.293,0
2026-07-10T14:12:46+08:00,8.07,71,14,4,0,1.022,1.946,0,0.667,0
2026-07-10T14:22:54+08:00,6.45,445,14,4,2,1.093,1.339,0,-1.364,0
2026-07-10T14:28:54+08:00,6.76,121,14,4,0,1.109,0.975,0,-1.056,0
2026-07-10T14:52:05+08:00,5.92,22,14,4,2,1.045,0.325,0,-0.725,0
2026-07-10T15:08:52+08:00,7.19,238,15,4,2,1.044,1.172,0,-0.56,0
2026-07-10T15:28:17+08:00,1.61,61,15,4,1,1.102,0.228,0,-1.498,0
2026-07-10T15:45:24+08:00,10.0,677,15,4,3,1.045,2.891,0,2.349,0
2026-07-10T16:05:13+08:00,8.47,659,16,4,3,1.084,2.436,0,-0.151,0
2026-07-10T16:22:21+08:00,1.45,95,16,4,1,1.114,0.471,0,1.507,0
2026-07-10T16:23:48+08:00,2.86,40,16,4,1,1.138,0.381,0,-0.125,0
2026-07-10T16:37:37+08:00,2.77,317,16,4,0,1.068,0.778,0,2.468,0
2026-07-10T16:43:06+08:00,4.82,192,16,4,0,1.038,1.106,0,-0.267,0
2026-07-10T17:00:31+08:00,1.92,223,17,4,0,1.101,0.662,0,-1.248,0
2026-07-10T17:08:06+08:00,4.69,112,17,4,0,1.116,0.757,0,2.206,0
2026-07-10T17:16:50+08:00,2.82,74,17,4,3,1.098,0.97,0,-1.219,0
2026-07-10T17:18:10+08:00,6.98,358,17,4,3,1.065,1.712,0,0.442,0
2026-07-10T17:28:24+08:00,7.46,600,17,4,0,1.047,1.026,0,1.322,0
2026-07-10T17:31:10+08:00,7.06,1136,17,4,3,1.053,2.272,0,0.016,0
2026-07-10T17:41:27+08:00,8.09,1814,17,4,0,1.098,2.665,0,-0.923,0
2026-07-10T17:59:16+08:00,9.98,461,17,4,3,1.047,2.074,0,-0.758,0
2026-07-10T18:03:50+08:00,7.04,38,18,4,0,1.085,1.391,0,-1.734,0
2026-07-10T18:11:45+08:00,2.35,11,18,4,1,1.079,0.433,0,-0.525,0
2026-07-10T18:24:00+08:00,5.36,61,18,4,0,1.145,0.842,0,-0.808,0
2026-07-10T18:24:55+08:00,7.19,352,18,4,2,1.077,1.816,0,-0.654,0
2026-07-10T19:04:44+08:00,5.58,171,19,4,2,1.087,0.993,0,-1.181,0
2026-07-10T19:17:29+08:00,3.82,619,19,4,0,1.02,0.633,0,-0.446,0
2026-07-10T19:18:29+08:00,7.08,967,19,4,3,1.037,1.146,0,1.033,0
2026-07-10T19:21:03+08:00,6.5,455,19,4,0,1.107,0.385,0,-0.441,0
2026-07-10T19:52:31+08:00,10.81,1508,19,4,3,1.022,1.947,0,0.614,0
2026-07-10T19:58:08+08:00,8.61,173,19,4,0,1.032,1.1,0,-1.139,0
2026-07-10T19:58:14+08:00,1.99,13,19,4,1,1.087,0.517,0,1.502,0
2026-07-10T20:02:11+08:00,2.3,13,20,4,1,1.128,0.516,0,-0.298,0
2026-07-10T20:04:18+08:00,8.11,728,20,4,3,1.022,1.072,0,0.532,0
2026-07-10T20:09:56+08:00,6.92,206,20,4,0,1.046,1.366,0,1.334,0
2026-07-10T20:18:33+08:00,7.46,42,20,4,0,1.076,0.69,0,-0.239,0
2026-07-10T20:26:10+08:00,11.78,292,20,4,3,1.045,3.915,0,-0.747,0
2026-07-10T20:36:38+08:00,1.95,52,20,4,1,1.13,0.292,0,-0.244,0
2026-07-10T20:50:34+08:00,9.55,385,20,4,0,1.049,1.291,0,0.763,0
2026-07-10T21:13:03+08:00,3.13,31,21,4,1,1.041,0.424,0,1.01,0
2026-07-10T21:33:58+08:00,1.27,182,21,4,1,1.014,0.392,0,0.502,0
2026-07-10T22:09:26+08:00,2.38,276,22,4,2,1.051,0.628,1,0.009,0
2026-07-10T23:12:00+08:00,7.95,215,23,4,3,1.051,1.452,1,0.327,0
2026-07-10T23:38:06+08:00,6.36,351,23,4,0,1.03,1.615,1,1.77,0
2026-07-10T23:50:21+08:00,7.64,164,23,4,2,1.147,0.875,1,-0.773,0
2026-07-10T23:50:30+08:00,7.19,106,23,4,0,1.028,1.699,1,2.297,0
2026-07-11T05:16:43+08:00,6.23,77,5,5,2,1.125,0.55,0,-2.088,0
2026-07-11T06:00:29+08:00,11.65,168,6,5,0,1.062,3.702,0,1.391,0
2026-07-11T06:12:05+08:00,10.22,155,6,5,0,1.146,2.578,0,-0.983,0
2026-07-11T06:12:42+08:00,8.11,346,6,5,2,1.11,1.962,0,0.759,0
2026-07-11T06:28:14+08:00,4.79,558,6,5,0,1.036,1.63,0,-0.987,0
2026-07-11T06:31:30+08:00,9.05,754,6,5,3,1.076,2.063,0,-1.392,0
2026-07-11T06:44:01+08:00,6.88,460,6,5,2,1.103,1.44,0,0.064,0
2026-07-11T06:50:20+08:00,7.11,109,6,5,0,1.011,1.774,0,1.554,0
2026-07-11T07:08:23+08:00,4.75,158,7,5,0,1.109,1.095,0,0.375,0
2026-07-11T07:14:57+08:00,2.06,20,7,5,1,1.081,0.154,0,0.282,0
2026-07-11T07:16:54+08:00,8.1,1156,7,5,3,1.073,2.512,0,0.191,0
2026-07-11T07:20:51+08:00,8.54,67,7,5,0,1.055,1.06,0,-1.097,0
2026-07-11T07:24:07+08:00,7.67,330,7,5,0,1.035,0.913,0,-1.331,0
2026-07-11T07:27:30+08:00,7.46,43,7,5,0,1.073,0.793,0,-0.537,0
2026-07-11T07:32:19+08:00,1.42,439,7,5,2,1.099,0.084,0,-0.571,0
2026-07-11T07:34:52+08:00,6.58,61,7,5,2,1.127,1.545,0,-0.662,0
2026-07-11T07:52:47+08:00,5.99,253,7,5,2,1.112,0.893,0,-1.933,0
2026-07-11T08:15:36+08:00,4.28,186,8,5,0,1.078,0.698,0,-0.794,0
2026-07-11T08:17:18+08:00,5.46,226,8,5,2,1.052,0.825,0,-1.02,0
2026-07-11T08:34:03+08:00,4.32,552,8,5,0,1.082,0.518,0,0.651,0
2026-07-11T09:03:20+08:00,7.2,85,9,5,0,1.133,1.438,0,1.256,0
2026-07-11T09:18:12+08:00,8.21,57,9,5,2,1.131,2.745,0,-0.799,0
2026-07-11T09:39:01+08:00,5.65,127,9,5,2,1.112,1.394,0,1.022,0
2026-07-11T09:59:40+08:00,3.72,32,9,5,1,1.063,0.998,0,-0.048,0
2026-07-11T10:28:31+08:00,6.96,235,10,5,0,1.063,1.905,0,1.286,0
2026-07-11T10:39:12+08:00,8.04,305,10,5,2,1.052,1.57,0,0.419,0
2026-07-11T10:46:33+08:00,7.83,32,10,5,0,1.106,2.404,0,-0.76,0
2026-07-11T10:53:11+08:00,4.89,307,10,5,0,1.013,1.542,0,-0.327,0
2026-07-11T11:12:54+08:00,2.11,45,11,5,1,1.037,0.33,0,-0.85,0
2026-07-11T11:43:53+08:00,6.4,116,11,5,0,1.105,0.765,0,-1.404,0
2026-07-11T11:52:13+08:00,2.31,89,11,5,0,1.138,0.243,0,-1.111,0
2026-07-11T12:15:15+08:00,5.34,352,12,5,2,1.051,1.28,0,0.074,0
2026-07-11T12:21:49+08:00,3.59,29,12,5,1,1.033,0.265,0,1.795,0
2026-07-11T12:23:01+08:00,5.14,315,12,5,0,1.146,1.439,0,2.235,0
2026-07-11T12:28:53+08:00,7.32,514,12,5,0,1.012,1.397,0,0.573,0
2026-07-11T12:38:58+08:00,6.47,88,12,5,2,1.12,1.125,0,-2.711,0
2026-07-11T12:43:51+08:00,8.23,233,12,5,0,1.148,1.218,0,-1.267,0
2026-07-11T13:03:50+08:00,0.71,82,13,5,1,1.076,0.111,0,0.92,0
2026-07-11T13:21:02+08:00,3.23,22,13,5,1,1.005,0.613,0,-0.549,0
2026-07-11T13:49:10+08:00,10.27,368,13,5,3,1.056,1.529,0,0.252,0
2026-07-11T16:49:14+08:00,4.47,301,16,5,2,1.111,0.798,0,-0.388,0
2026-07-11T16:49:30+08:00,0.41,28,16,5,1,1.088,0.115,0,-1.696,0
2026-07-11T17:12:05+08:00,10.08,159,17,5,3,1.059,2.064,0,-0.988,0
2026-07-11T17:15:48+08:00,10.79,529,17,5,3,1.11,3.15,0,-0.399,0
2026-07-11T17:17:23+08:00,5.75,198,17,5,2,1.047,0.456,0,2.341,0
2026-07-11T17:41:06+08:00,4.82,62,17,5,2,1.029,0.299,0,1.745,0
2026-07-11T17:49:17+08:00,9.72,65,17,5,0,1.039,2.697,0,-1.742,0
2026-07-11T17:52:44+08:00,3.23,34,17,5,1,1.054,0.244,0,2.562,0
2026-07-11T18:00:54+08:00,6.42,1042,18,5,3,1.087,1.566,0,-1.016,0
2026-07-11T18:05:13+08:00,1.77,135,18,5,2,1.004,0.255,0,-0.875,0
2026-07-11T18:06:13+08:00,6.82,399,18,5,2,1.054,0.494,0,0.613,0
2026-07-11T18:09:27+08:00,2.71,52,18,5,1,1.056,0.139,0,-0.056,0
2026-07-11T18:20:54+08:00,7.49,1128,18,5,3,1.082,0.396,0,-0.91,0
2026-07-11T18:22:06+08:00,4.95,40,18,5,0,1.062,1.067,0,1.535,0
2026-07-11T18:38:04+08:00,8.74,454,18,5,3,1.126,1.97,0,1.423,0
2026-07-11T18:40:07+08:00,2.93,79,18,5,1,1.002,0.534,0,0.071,0
2026-07-11T18:50:26+08:00,8.7,1131,18,5,3,1.065,0.781,0,1.905,0
2026-07-11T18:57:13+08:00,6.4,208,18,5,2,1.063,0.503,0,-0.239,0
2026-07-11T19:08:43+08:00,8.29,124,19,5,3,1.062,1.176,0,-0.963,0
2026-07-11T19:37:05+08:00,7.69,478,19,5,0,1.111,0.953,0,-1.08,0
2026-07-11T19:44:01+08:00,7.8,144,19,5,3,1.105,1.016,0,-1.717,0
2026-07-11T19:48:50+08:00,5.22,63,19,5,2,1.119,0.713,0,1.86,0
2026-07-11T19:54:19+08:00,6.14,43,19,5,2,1.063,1.646,0,2.818,0
2026-07-11T19:58:40+08:00,4.12,58,19,5,0,1.028,1.054,0,0.259,0
2026-07-11T20:00:40+08:00,6.03,103,20,5,0,1.005,0.492,0,-1.661,0
2026-07-11T20:02:54+08:00,2.81,88,20,5,1,1.115,0.518,0,-0.172,0
2026-07-11T20:11:38+08:00,7.6,50,20,5,2,1.01,1.48,0,-0.873,0
2026-07-11T21:10:54+08:00,2.97,129,21,5,1,1.025,0.582,0,0.071,0
2026-07-11T21:11:04+08:00,2.45,95,21,5,1,1.141,0.629,0,0.316,0
2026-07-11T21:18:45+08:00,9.83,635,21,5,0,1.058,2.749,0,-0.166,0
2026-07-11T21:38:08+08:00,10.02,138,21,5,3,1.1,0.855,0,1.94,0
2026-07-11T21:41:32+08:00,4.39,760,21,5,2,1.002,1.422,0,0.514,0
2026-07-11T22:14:54+08:00,2.17,97,22,5,1,1.126,0.653,1,-1.633,0
2026-07-11T22:16:33+08:00,6.16,65,22,5,2,1.066,1.433,1,1.611,0
2026-07-11T22:49:24+08:00,7.81,28,22,5,2,1.089,1.489,1,-1.167,0
2026-07-11T23:44:30+08:00,2.23,54,23,5,1,1.073,0.57,1,-0.829,0
2026-07-11T23:56:52+08:00,1.42,108,23,5,1,1.102,0.423,1,-0.104,0
2026-07-12T06:34:08+08:00,1.89,35,6,6,1,1.033,0.105,0,1.092,0
2026-07-12T06:37:23+08:00,6.49,97,6,6,0,1.127,2.111,0,1.369,0
2026-07-12T06:50:38+08:00,2.97,45,6,6,2,1.042,0.668,0,-0.405,0
2026-07-12T06:55:16+08:00,1.78,82,6,6,0,1.052,0.328,0,1.884,0
2026-07-12T06:55:43+08:00,10.35,97,6,6,3,1.149,1.116,0,0.236,0
2026-07-12T06:58:35+08:00,5.74,1586,6,6,3,1.138,0.357,0,-0.391,0
2026-07-12T07:31:34+08:00,7.05,666,7,6,3,1.05,0.496,0,-0.89,0
2026-07-12T07:46:30+08:00,2.17,122,7,6,0,1.017,0.53,0,0.849,0
2026-07-12T07:53:15+08:00,9.13,107,7,6,3,1.064,2.57,0,-1.366,0
2026-07-12T08:10:47+08:00,7.87,341,8,6,0,1.142,2.157,0,-0.711,0
2026-07-12T08:13:22+08:00,8.39,501,8,6,3,1.148,0.497,0,-1.744,0
2026-07-12T08:26:19+08:00,5.17,47,8,6,0,1.092,0.397,0,0.343,0
2026-07-12T09:48:21+08:00,2.24,38,9,6,1,1.097,0.508,0,-1.13,0
2026-07-12T10:12:29+08:00,2.43,631,10,6,3,1.102,0.53,0,-0.103,0
2026-07-12T10:57:27+08:00,9.24,653,10,6,3,1.114,2.762,0,0.347,0
2026-07-12T11:00:36+08:00,7.31,23,11,6,2,1.075,2.427,0,-0.481,0
2026-07-12T11:13:39+08:00,5.48,270,11,6,2,1.073,1.459,0,-0.329,0
2026-07-12T11:24:11+08:00,5.02,95,11,6,2,1.086,1.627,0,-1.007,0
2026-07-12T11:55:03+08:00,6.7,84,11,6,0,1.14,1.949,0,-0.593,0
2026-07-12T13:19:17+08:00,4.98,74,13,6,2,1.042,0.933,0,-1.956,0
2026-07-12T13:35:19+08:00,30.14,5,13,6,1,0.884,9.472,0,1.343,1
2026-07-12T13:37:18+08:00,2.59,14,13,6,1,1.046,0.259,0,0.472,0
2026-07-12T14:00:52+08:00,2.9,148,14,6,1,1.028,0.485,0,-0.561,0
2026-07-12T14:12:51+08:00,7.03,388,14,6,0,1.023,0.663,0,0.489,0
2026-07-12T14:25:39+08:00,3.02,32,14,6,1,1.031,0.817,0,0.059,0
2026-07-12T14:26:21+08:00,1.8,54,14,6,1,1.004,0.599,0,0.626,0
2026-07-12T14:27:34+08:00,6.21,134,14,6,2,1.035,1.619,0,-2.011,0
2026-07-12T14:53:52+08:00,7.1,293,14,6,2,1.063,2.322,0,-0.297,0
2026-07-12T16:06:06+08:00,4.53,124,16,6,2,1.101,1.483,0,-0.328,0
2026-07-12T16:06:11+08:00,1.83,77,16,6,0,1.015,0.169,0,0.236,0
2026-07-12T16:17:59+08:00,5.95,309,16,6,0,1.052,1.802,0,0.614,0
2026-07-12T16:22:57+08:00,9.9,380,16,6,3,1.104,2.155,0,-0.46,0
2026-07-12T16:34:15+08:00,5.92,175,16,6,0,1.015,1.472,0,0.81,0
2026-07-12T16:53:46+08:00,3.04,67,16,6,1,1.051,0.59,0,-0.693,0
2026-07-12T17:00:18+08:00,4.28,274,17,6,0,1.133,0.831,0,1.803,0
2026-07-12T17:02:05+08:00,2.53,181,17,6,1,1.029,0.243,0,-1.036,0
2026-07-12T17:06:32+08:00,6.56,823,17,6,3,1.018,1.614,0,0.287,0
2026-07-12T17:10:47+08:00,7.77,300,17,6,3,1.068,1.475,0,2.118,0
2026-07-12T17:16:37+08:00,6.17,474,17,6,0,1.025,1.712,0,0.822,0
2026-07-12T17:24:28+08:00,2.24,179,17,6,2,1.016,0.235,0,0.56,0
2026-07-12T17:41:44+08:00,2.84,44,17,6,1,1.052,0.164,0,-1.234,0
2026-07-12T17:45:52+08:00,4.81,343,17,6,0,1.149,0.812,0,-0.053,0
2026-07-12T17:48:02+08:00,5.79,32,17,6,2,1.088,1.615,0,0.006,0
2026-07-12T17:53:40+08:00,2.05,58,17,6,2,1.077,0.344,0,2.096,0
2026-07-12T17:55:58+08:00,3.72,362,17,6,3,1.106,0.863,0,0.102,0
2026-07-12T17:58:36+08:00,10.52,550,17,6,3,1.1,2.995,0,0.334,0
2026-07-12T18:16:53+08:00,1.58,342,18,6,1,1.112,0.552,0,0.107,0
2026-07-12T18:18:58+08:00,5.19,213,18,6,2,1.136,1.203,0,0.805,0
2026-07-12T18:26:43+08:00,2.79,20,18,6,1,1.012,0.847,0,-0.519,0
2026-07-12T18:43:42+08:00,10.06,470,18,6,3,1.132,0.834,0,0.312,0
2026-07-12T18:51:51+08:00,4.23,8,18,6,1,1.026,1.252,0,-1.054,0
2026-07-12T18:52:04+08:00,10.71,390,18,6,3,1.019,0.57,0,-1.391,0
2026-07-12T18:54:55+08:00,3.56,101,18,6,1,1.04,0.861,0,1.074,0
2026-07-12T19:32:39+08:00,7.2,217,19,6,2,1.024,1.96,0,-0.542,0
2026-07-12T19:41:42+08:00,7.04,521,19,6,0,1.111,0.574,0,-0.971,0
2026-07-12T19:59:45+08:00,8.53,269,19,6,3,1.073,2.913,0,-0.152,0
2026-07-12T20:00:54+08:00,5.77,281,20,6,0,1.046,1.373,0,0.088,0
2026-07-12T20:04:48+08:00,4.31,656,20,6,0,1.143,0.412,0,1.447,0
2026-07-12T20:34:55+08:00,8.42,646,20,6,3,1.023,1.867,0,0.331,0
2026-07-12T20:47:41+08:00,9.26,690,20,6,3,1.0,1.244,0,2.14,0
2026-07-12T21:56:46+08:00,1.58,21,21,6,1,1.109,0.372,0,-0.523,0
2026-07-12T22:02:52+08:00,3.85,65,22,6,0,1.104,0.701,1,0.779,0
2026-07-12T22:16:00+08:00,11.68,1126,22,6,3,1.137,1.84,1,0.217,0
2026-07-12T22:43:44+08:00,7.95,111,22,6,0,1.028,1.107,1,-0.739,0
2026-07-12T23:00:46+08:00,5.35,123,23,6,2,1.077,1.348,1,0.105,0
2026-07-12T23:02:33+08:00,0.55,19,23,6,1,1.119,0.128,1,0.801,0
2026-07-12T23:08:44+08:00,2.61,30,23,6,1,1.116,0.388,1,0.154,0
2026-07-13T03:43:46+08:00,1.08,5380,3,0,0,2.953,0.028,1,0.146,1
2026-07-13T06:00:49+08:00,7.56,589,6,0,0,1.005,1.568,0,0.541,0
2026-07-13T06:00:49+08:00,4.19,196,6,0,2,1.143,0.566,0,0.194,0
2026-07-13T06:01:51+08:00,9.69,287,6,0,3,1.104,1.098,0,-1.104,0
2026-07-13T06:09:14+08:00,2.3,99,6,0,1,1.143,0.612,0,-0.04,0
2026-07-13T06:18:13+08:00,10.61,447,6,0,0,1.033,2.891,0,1.254,0
2026-07-13T06:32:29+08:00,7.41,865,6,0,3,1.124,1.996,0,-0.542,0
2026-07-13T06:39:53+08:00,2.26,13,6,0,1,1.133,0.566,0,-0.175,0
2026-07-13T06:40:31+08:00,4.98,64,6,0,0,1.047,0.358,0,-2.48,0
2026-07-13T06:42:01+08:00,8.78,1851,6,0,3,1.094,1.839,0,-0.676,0
2026-07-13T06:49:29+08:00,0.52,9,6,0,1,1.069,0.031,0,-0.973,0
2026-07-13T06:52:03+08:00,5.39,191,6,0,2,1.065,0.504,0,-0.993,0
2026-07-13T06:56:05+08:00,11.33,183,6,0,3,1.02,3.711,0,-0.338,0
2026-07-13T06:57:04+08:00,3.92,129,6,0,1,1.12,1.252,0,-1.732,0
2026-07-13T07:00:40+08:00,3.29,297,7,0,3,1.066,0.691,0,1.382,0
2026-07-13T07:03:43+08:00,3.12,8,7,0,1,1.14,0.312,0,-0.523,0
2026-07-13T07:05:44+08:00,2.64,354,7,0,2,1.144,0.254,0,1.013,0
2026-07-13T07:19:55+08:00,2.53,76,7,0,2,1.145,0.489,0,-0.549,0
2026-07-13T07:22:11+08:00,3.12,44,7,0,1,1.108,1.063,0,0.911,0
2026-07-13T07:35:37+08:00,6.58,182,7,0,2,1.023,2.085,0,0.12,0
2026-07-13T07:46:03+08:00,3.53,667,7,0,0,1.137,0.485,0,-2.025,0
2026-07-13T07:53:09+08:00,5.6,652,7,0,0,1.053,1.576,0,0.481,0
2026-07-13T07:55:39+08:00,10.45,340,7,0,3,1.106,3.208,0,0.502,0
2026-07-13T08:06:18+08:00,2.01,72,8,0,1,1.06,0.665,0,0.626,0
2026-07-13T08:24:58+08:00,4.02,11,8,0,1,1.067,1.005,0,0.057,0
2026-07-13T08:31:59+08:00,2.46,48,8,0,1,1.05,0.496,0,2.775,0
2026-07-13T08:41:03+08:00,12.48,116,8,0,3,1.122,3.398,0,2.062,0
2026-07-13T08:49:23+08:00,5.0,392,8,0,0,1.015,1.16,0,1.339,0
2026-07-13T09:05:27+08:00,11.72,58,9,0,0,1.033,2.224,0,-1.495,0
2026-07-13T09:08:41+08:00,7.04,30,9,0,2,1.071,1.448,0,-0.358,0
2026-07-13T09:14:51+08:00,3.34,26,9,0,1,1.123,0.872,0,-1.755,0
2026-07-13T09:15:56+08:00,2.46,107,9,0,2,1.128,0.761,0,0.055,0
2026-07-13T09:16:50+08:00,5.51,140,9,0,2,1.038,1.563,0,-1.302,0
2026-07-13T09:43:45+08:00,10.18,171,9,0,3,1.073,2.212,0,-0.491,0
2026-07-13T10:39:28+08:00,2.29,122,10,0,1,1.082,0.512,0,-0.155,0
2026-07-13T10:51:58+08:00,2.58,111,10,0,1,1.12,0.296,0,0.328,0
2026-07-13T11:31:01+08:00,2.65,111,11,0,1,1.03,0.554,0,-0.801,0
2026-07-13T11:36:18+08:00,6.82,140,11,0,2,1.021,0.37,0,0.062,0
2026-07-13T11:37:12+08:00,5.7,92,11,0,0,1.032,1.532,0,0.016,0
2026-07-13T11:59:22+08:00,1.39,27,11,0,1,1.027,0.33,0,1.899,0
2026-07-13T12:06:02+08:00,9.58,200,12,0,3,1.038,3.003,0,-1.777,0
2026-07-13T12:26:38+08:00,7.85,234,12,0,0,1.11,1.027,0,-2.083,0
2026-07-13T13:15:47+08:00,2.11,41,13,0,1,1.113,0.366,0,2.777,0
2026-07-13T13:27:27+08:00,15.0,159,13,0,3,1.136,2.265,0,1.637,0
2026-07-13T13:41:52+08:00,5.3,309,13,0,2,1.133,1.341,0,1.045,0
2026-07-13T14:18:03+08:00,9.66,700,14,0,3,1.078,1.664,0,0.891,0
2026-07-13T15:04:09+08:00,2.28,74,15,0,1,1.031,0.767,0,-0.215,0
2026-07-13T15:48:50+08:00,1.77,269,15,0,0,1.088,0.495,0,-0.841,0
2026-07-13T15:54:38+08:00,6.18,53,15,0,2,1.081,1.771,0,-2.204,0
2026-07-13T15:56:34+08:00,10.82,272,15,0,3,1.021,2.193,0,-0.299,0
2026-07-13T16:30:03+08:00,4.08,390,16,0,0,1.023,0.507,0,-2.362,0
2026-07-13T16:34:32+08:00,3.96,178,16,0,2,1.135,1.038,0,1.004,0
2026-07-13T17:14:31+08:00,6.45,240,17,0,3,1.05,1.826,0,1.803,0
2026-07-13T17:16:38+08:00,2.65,36,17,0,2,1.068,0.839,0,-0.537,0
2026-07-13T17:17:42+08:00,5.75,453,17,0,3,1.109,2.006,0,0.096,0
2026-07-13T17:18:41+08:00,3.95,44,17,0,0,1.035,0.791,0,-0.5,0
2026-07-13T17:19:53+08:00,6.19,36,17,0,2,1.044,1.032,0,-0.49,0
2026-07-13T17:22:16+08:00,2.82,122,17,0,1,1.12,0.571,0,0.06,0
2026-07-13T17:36:08+08:00,6.01,279,17,0,0,1.13,0.375,0,1.147,0
2026-07-13T17:46:23+08:00,6.04,192,17,0,2,1.126,0.676,0,-1.023,0
2026-07-13T17:48:04+08:00,8.3,545,17,0,3,1.129,1.25,0,0.412,0
2026-07-13T18:13:11+08:00,5.18,419,18,0,0,1.041,0.806,0,0.104,0
2026-07-13T18:16:57+08:00,10.68,66,18,0,3,1.137,2.204,0,0.206,0
2026-07-13T18:31:34+08:00,7.5,525,18,0,0,1.147,2.351,0,-0.144,0
2026-07-13T18:59:33+08:00,7.13,212,18,0,0,1.105,1.978,0,1.688,0
2026-07-13T19:00:38+08:00,2.53,15,19,0,1,1.036,0.814,0,-0.12,0
2026-07-13T19:03:55+08:00,3.7,57,19,0,1,1.1,1.022,0,-0.313,0
2026-07-13T19:10:22+08:00,2.07,78,19,0,1,1.149,0.461,0,0.102,0
2026-07-13T19:17:51+08:00,7.53,277,19,0,3,1.029,1.833,0,1.604,0
2026-07-13T19:31:35+08:00,8.17,293,19,0,2,1.024,2.845,0,-1.45,0
2026-07-13T19:56:53+08:00,4.05,46,19,0,2,1.101,0.816,0,0.056,0
2026-07-13T20:09:20+08:00,7.37,962,20,0,3,1.039,1.48,0,-0.776,0
2026-07-13T20:23:47+08:00,5.08,103,20,0,2,1.127,1.542,0,0.707,0
2026-07-13T20:23:57+08:00,3.15,57,20,0,1,1.071,0.852,0,0.284,0
2026-07-13T20:27:08+08:00,8.75,2478,20,0,3,1.083,2.025,0,0.18,0
2026-07-13T20:36:38+08:00,7.81,287,20,0,2,1.086,1.927,0,0.842,0
2026-07-13T21:00:11+08:00,5.16,387,21,0,3,1.048,0.829,0,-1.321,0
2026-07-13T21:29:42+08:00,7.48,289,21,0,0,1.004,1.393,0,-0.477,0
2026-07-13T22:55:21+08:00,2.15,239,22,0,0,1.15,0.591,1,0.02,0
2026-07-13T23:32:31+08:00,8.95,2139,23,0,3,1.02,1.414,1,-1.184,0
2026-07-13T23:53:47+08:00,6.69,111,23,0,2,1.021,0.596,1,-0.686,0
2026-07-14T03:52:33+08:00,0.07,43709,3,1,1,1.312,0.0,1,0.031,1
2026-07-14T04:31:40+08:00,0.05,49221,4,1,3,1.383,0.0,1,0.014,1
2026-07-14T06:03:36+08:00,6.67,269,6,1,3,1.03,1.204,0,1.681,0
2026-07-14T06:08:04+08:00,4.1,12,6,1,1,1.119,0.507,0,-1.897,0
2026-07-14T06:26:35+08:00,5.94,124,6,1,0,1.125,1.505,0,-0.578,0
2026-07-14T06:34:36+08:00,6.99,2082,6,1,3,1.026,1.709,0,0.835,0
2026-07-14T06:37:36+08:00,6.65,137,6,1,3,1.121,0.556,0,0.709,0
2026-07-14T06:41:26+08:00,5.51,35,6,1,2,1.011,1.322,0,-0.77,0
2026-07-14T06:44:26+08:00,8.53,157,6,1,3,1.016,1.03,0,-0.181,0
2026-07-14T06:46:19+08:00,3.58,35,6,1,0,1.041,0.652,0,1.074,0
2026-07-14T07:03:16+08:00,1.69,513,7,1,2,1.112,0.374,0,0.263,0
2026-07-14T07:05:40+08:00,2.8,30,7,1,1,1.121,0.353,0,-0.086,0
2026-07-14T07:10:46+08:00,9.75,108,7,1,0,1.134,2.758,0,-1.08,0
2026-07-14T07:40:30+08:00,1.58,91,7,1,0,1.135,0.217,0,-0.562,0
2026-07-14T07:58:52+08:00,4.61,506,7,1,0,1.137,0.889,0,-0.481,0
2026-07-14T08:07:52+08:00,6.67,35,8,1,2,1.03,1.689,0,1.675,0
2026-07-14T08:08:18+08:00,0.3,553,8,1,0,1.024,0.104,0,1.424,0
2026-07-14T08:15:19+08:00,0.96,242,8,1,0,1.058,0.195,0,1.244,0
2026-07-14T08:16:20+08:00,6.19,361,8,1,0,1.005,1.6,0,-1.061,0
2026-07-14T08:22:21+08:00,6.18,274,8,1,2,1.073,1.477,0,2.753,0
2026-07-14T08:31:14+08:00,2.8,366,8,1,1,1.006,0.864,0,1.571,0
2026-07-14T08:40:04+08:00,6.87,121,8,1,2,1.041,1.839,0,-0.094,0
2026-07-14T08:54:24+08:00,7.09,178,8,1,3,1.096,1.45,0,-0.709,0
2026-07-14T08:57:04+08:00,2.41,72,8,1,1,1.013,0.341,0,-0.641,0
2026-07-14T09:18:13+08:00,5.11,412,9,1,2,1.032,1.145,0,-2.458,0
2026-07-14T09:28:33+08:00,5.75,278,9,1,0,1.044,1.055,0,-1.902,0
2026-07-14T09:35:48+08:00,2.05,25,9,1,1,1.145,0.701,0,1.846,0
2026-07-14T10:10:35+08:00,2.71,68,10,1,1,1.119,0.855,0,1.068,0
2026-07-14T10:28:13+08:00,3.0,81,10,1,1,1.047,0.477,0,0.665,0
2026-07-14T10:30:57+08:00,6.97,56,10,1,0,1.139,2.06,0,-1.046,0
2026-07-14T10:55:50+08:00,8.18,111,10,1,3,1.064,2.228,0,-1.765,0
2026-07-14T11:11:41+08:00,6.58,218,11,1,2,1.134,2.054,0,0.351,0
2026-07-14T11:48:34+08:00,4.49,53,11,1,0,1.147,0.251,0,1.146,0
2026-07-14T11:55:52+08:00,7.88,73,11,1,2,1.048,1.326,0,0.19,0
2026-07-14T12:05:03+08:00,2.13,55,12,1,1,1.111,0.226,0,-0.731,0
2026-07-14T12:15:26+08:00,3.28,40,12,1,1,1.121,1.122,0,-1.176,0
2026-07-14T12:47:53+08:00,12.39,1379,12,1,3,1.08,2.575,0,0.16,0
2026-07-14T13:30:13+08:00,0.81,952,13,1,2,1.133,0.1,0,1.118,0
2026-07-14T14:10:06+08:00,1.71,264,14,1,0,1.026,0.55,0,0.979,0
2026-07-14T14:15:19+08:00,2.85,44,14,1,2,1.016,0.931,0,-1.491,0
2026-07-14T14:56:44+08:00,8.71,832,14,1,2,1.002,2.759,0,-0.366,0
2026-07-14T15:05:28+08:00,3.08,17,15,1,1,1.055,0.843,0,0.037,0
2026-07-14T16:43:48+08:00,41.97,37,16,1,3,0.994,19.334,0,6.12,1
2026-07-14T17:06:07+08:00,7.53,128,17,1,3,1.003,0.784,0,-0.628,0
2026-07-14T17:10:02+08:00,11.03,100,17,1,3,1.058,2.047,0,-0.005,0
2026-07-14T17:45:10+08:00,8.3,103,17,1,0,1.064,1.916,0,-0.642,0
2026-07-14T17:47:06+08:00,6.48,194,17,1,0,1.135,2.035,0,0.984,0
2026-07-14T17:51:47+08:00,4.69,327,17,1,2,1.019,1.621,0,1.587,0
2026-07-14T17:53:08+08:00,1.87,113,17,1,1,1.102,0.614,0,-1.899,0
2026-07-14T18:13:15+08:00,5.74,211,18,1,2,1.059,1.723,0,-1.876,0
2026-07-14T18:13:47+08:00,2.8,274,18,1,2,1.128,0.597,0,0.944,0
2026-07-14T18:14:12+08:00,4.3,67,18,1,2,1.123,0.785,0,2.462,0
2026-07-14T18:40:30+08:00,3.22,32,18,1,1,1.112,1.009,0,0.34,0
2026-07-14T18:42:16+08:00,2.94,64,18,1,1,1.086,0.775,0,2.203,0
2026-07-14T18:44:11+08:00,9.26,145,18,1,0,1.124,2.729,0,-1.153,0
2026-07-14T18:47:08+08:00,4.78,166,18,1,0,1.138,1.378,0,-0.02,0
2026-07-14T19:11:36+08:00,6.29,462,19,1,2,1.063,1.949,0,1.843,0
2026-07-14T19:29:41+08:00,4.03,589,19,1,2,1.013,0.679,0,0.551,0
2026-07-14T19:37:33+08:00,7.41,467,19,1,3,1.037,1.074,0,-0.102,0
2026-07-14T19:40:52+08:00,1.49,54,19,1,1,1.089,0.383,0,1.517,0
2026-07-14T19:55:25+08:00,7.65,262,19,1,2,1.048,1.485,0,-1.762,0
2026-07-14T20:34:15+08:00,2.37,13,20,1,1,1.091,0.358,0,-0.756,0
2026-07-14T20:44:36+08:00,3.42,525,20,1,0,1.148,0.654,0,0.186,0
2026-07-14T20:45:25+08:00,1.72,48,20,1,1,1.08,0.416,0,-1.32,0
2026-07-14T20:52:25+08:00,8.46,212,20,1,3,1.141,0.823,0,-1.55,0
2026-07-14T21:15:31+08:00,12.07,615,21,1,3,1.11,3.166,0,0.387,0
2026-07-14T21:16:41+08:00,5.27,49,21,1,2,1.047,0.744,0,-0.475,0
2026-07-14T21:34:46+08:00,7.45,300,21,1,2,1.063,2.273,0,3.277,0
2026-07-14T21:39:33+08:00,1.96,340,21,1,0,1.017,0.559,0,-0.857,0
2026-07-14T22:47:43+08:00,7.91,229,22,1,3,1.069,1.311,1,-1.616,0
2026-07-14T22:55:20+08:00,11.43,510,22,1,3,1.007,0.639,1,0.042,0
2026-07-14T23:26:37+08:00,1.92,39,23,1,1,1.082,0.621,1,0.495,0
2026-07-14T23:52:33+08:00,6.43,436,23,1,2,1.149,2.038,1,1.159,0
2026-07-14T23:54:40+08:00,5.19,109,23,1,0,1.002,0.997,1,0.669,0
2026-07-15T00:02:38+08:00,10.28,94,0,2,3,1.041,2.215,1,-0.337,0
2026-07-15T05:05:52+08:00,0.05,54069,5,2,2,1.464,0.0,0,0.159,1
2026-07-15T05:44:27+08:00,2.1,76,5,2,1,1.012,0.238,0,-1.133,0
2026-07-15T06:15:11+08:00,7.81,77,6,2,3,1.132,1.19,0,-0.297,0
2026-07-15T06:30:13+08:00,6.52,327,6,2,2,1.082,0.701,0,-1.59,0
2026-07-15T06:31:05+08:00,11.58,485,6,2,0,1.02,2.364,0,-0.653,0
2026-07-15T06:32:40+08:00,12.2,348,6,2,0,1.018,1.419,0,0.221,0
2026-07-15T06:41:21+08:00,12.06,1144,6,2,3,1.075,3.725,0,-0.334,0
2026-07-15T07:20:21+08:00,3.21,27,7,2,1,1.077,0.563,0,0.641,0
2026-07-15T07:30:04+08:00,2.26,44,7,2,1,1.134,0.119,0,0.84,0
2026-07-15T07:38:57+08:00,1.96,9,7,2,1,1.01,0.161,0,2.452,0
2026-07-15T07:49:21+08:00,5.4,31,7,2,2,1.113,0.487,0,-0.025,0
2026-07-15T08:02:11+08:00,4.3,50,8,2,2,1.081,0.238,0,1.031,0
2026-07-15T08:04:03+08:00,9.65,533,8,2,3,1.008,2.672,0,-1.708,0
2026-07-15T08:27:55+08:00,3.29,14,8,2,1,1.087,0.804,0,1.963,0
2026-07-15T08:54:09+08:00,5.54,948,8,2,2,1.128,1.611,0,0.47,0
2026-07-15T08:54:53+08:00,7.68,275,8,2,3,1.071,0.867,0,-1.34,0
2026-07-15T09:14:30+08:00,3.17,127,9,2,1,1.101,0.314,0,0.659,0
2026-07-15T09:19:09+08:00,7.21,86,9,2,2,1.023,2.262,0,1.444,0
2026-07-15T09:41:30+08:00,2.01,162,9,2,0,1.125,0.212,0,0.289,0
2026-07-15T10:21:26+08:00,6.98,2321,10,2,3,1.073,1.55,0,0.662,0
2026-07-15T10:37:15+08:00,5.4,151,10,2,0,1.112,0.796,0,-1.215,0
2026-07-15T10:39:39+08:00,7.25,215,10,2,2,1.042,2.157,0,0.09,0
2026-07-15T11:00:57+08:00,6.05,160,11,2,0,1.1,1.535,0,-1.097,0
2026-07-15T11:35:42+08:00,14.49,704,11,2,3,1.145,1.049,0,0.175,0
2026-07-15T11:52:47+08:00,7.54,249,11,2,0,1.132,1.202,0,0.316,0
2026-07-15T12:06:07+08:00,11.93,1395,12,2,3,1.026,1.189,0,-1.484,0
2026-07-15T12:24:54+08:00,6.58,98,12,2,0,1.081,1.214,0,2.043,0
2026-07-15T12:29:20+08:00,1.38,45,12,2,1,1.107,0.316,0,-1.149,0
2026-07-15T12:54:36+08:00,2.59,86,12,2,1,1.065,0.645,0,1.858,0
2026-07-15T13:02:40+08:00,2.48,60,13,2,0,1.116,0.32,0,-2.331,0
2026-07-15T13:15:15+08:00,2.73,13,13,2,1,1.117,0.261,0,1.432,0
2026-07-15T13:16:39+08:00,7.72,262,13,2,3,1.004,0.777,0,1.397,0
2026-07-15T13:21:54+08:00,6.48,536,13,2,0,1.058,1.528,0,1.823,0
2026-07-15T13:43:09+08:00,8.79,120,13,2,2,1.108,0.693,0,1.241,0
2026-07-15T13:50:39+08:00,8.65,150,13,2,2,1.07,1.342,0,-1.402,0
2026-07-15T14:49:00+08:00,3.61,50,14,2,0,1.121,1.243,0,-0.478,0
2026-07-15T16:33:13+08:00,6.34,137,16,2,2,1.148,2.173,0,-0.493,0
2026-07-15T17:30:57+08:00,5.85,235,17,2,2,1.009,1.507,0,-2.616,0
2026-07-15T17:48:30+08:00,6.14,20,17,2,2,1.058,0.875,0,1.618,0
2026-07-15T17:58:38+08:00,10.63,477,17,2,3,1.013,1.463,0,-0.923,0
2026-07-15T18:21:14+08:00,7.76,552,18,2,3,1.013,0.961,0,0.427,0
2026-07-15T18:33:11+08:00,8.05,423,18,2,3,1.109,0.423,0,1.619,0
2026-07-15T18:44:32+08:00,6.69,240,18,2,2,1.03,1.002,0,-2.454,0
2026-07-15T18:44:50+08:00,11.46,100,18,2,3,1.001,0.944,0,-1.215,0
2026-07-15T18:49:08+08:00,2.85,171,18,2,1,1.016,0.932,0,-0.389,0
2026-07-15T18:51:49+08:00,6.74,1156,18,2,3,1.067,1.227,0,0.599,0
2026-07-15T18:57:45+08:00,3.87,19,18,2,1,1.02,0.87,0,-0.359,0
2026-07-15T19:05:09+08:00,6.14,713,19,2,2,1.055,0.673,0,0.362,0
2026-07-15T19:10:22+08:00,6.91,145,19,2,0,1.077,1.385,0,0.931,0
2026-07-15T19:11:27+08:00,2.59,58,19,2,1,1.018,0.752,0,0.298,0
2026-07-15T19:15:08+08:00,1.86,61,19,2,1,1.099,0.218,0,1.843,0
2026-07-15T19:37:01+08:00,7.05,706,19,2,3,1.081,1.135,0,-1.375,0
2026-07-15T19:38:56+08:00,7.13,766,19,2,3,1.021,2.154,0,-2.381,0
2026-07-15T19:39:38+08:00,5.45,413,19,2,0,1.034,1.879,0,-0.315,0
2026-07-15T19:42:29+08:00,1.08,81,19,2,1,1.135,0.216,0,-2.085,0
2026-07-15T20:01:24+08:00,3.41,79,20,2,1,1.14,0.582,0,-1.084,0
2026-07-15T20:03:21+08:00,10.16,122,20,2,3,1.091,1.18,0,-1.068,0
2026-07-15T20:04:51+08:00,6.44,59,20,2,2,1.04,0.813,0,1.421,0
2026-07-15T20:08:27+08:00,6.36,124,20,2,3,1.025,1.207,0,0.696,0
2026-07-15T20:49:13+08:00,6.88,177,20,2,2,1.095,0.704,0,1.23,0
2026-07-15T20:53:27+08:00,8.94,34,20,2,2,1.137,2.807,0,-1.951,0
2026-07-15T21:10:10+08:00,2.25,23,21,2,1,1.012,0.575,0,0.011,0
2026-07-15T22:04:53+08:00,2.33,41,22,2,1,1.089,0.144,1,-2.051,0
2026-07-15T23:07:09+08:00,1.82,38,23,2,1,1.053,0.354,1,0.653,0
2026-07-15T23:24:59+08:00,10.12,134,23,2,3,1.019,0.836,1,-1.88,0
2026-07-15T23:36:11+08:00,3.57,105,23,2,1,1.029,0.994,1,0.923,0
2026-07-16T01:54:46+08:00,0.54,258,1,3,0,1.089,0.177,1,1.219,0
2026-07-16T03:47:44+08:00,1.93,16054,3,3,0,3.168,0.09,1,0.026,1
2026-07-16T06:02:36+08:00,11.16,258,6,3,3,1.04,1.895,0,-0.918,0
2026-07-16T06:17:24+08:00,10.2,73,6,3,3,1.075,0.643,0,-2.089,0
2026-07-16T06:45:42+08:00,6.86,93,6,3,2,1.139,1.363,0,1.276,0
2026-07-16T07:10:02+08:00,11.71,872,7,3,3,1.005,2.221,0,0.927,0
2026-07-16T07:49:22+08:00,2.56,21,7,3,2,1.112,0.776,0,-0.388,0
2026-07-16T07:50:11+08:00,7.33,175,7,3,2,1.05,1.758,0,0.11,0
2026-07-16T07:51:33+08:00,7.4,358,7,3,2,1.074,0.508,0,0.03,0
2026-07-16T08:04:26+08:00,2.98,42,8,3,1,1.005,0.306,0,1.684,0
2026-07-16T08:08:55+08:00,4.62,433,8,3,2,1.009,1.033,0,-0.825,0
2026-07-16T08:09:48+08:00,5.13,40,8,3,0,1.14,1.302,0,1.247,0
2026-07-16T08:22:36+08:00,1.17,45,8,3,1,1.139,0.29,0,-1.466,0
2026-07-16T08:32:16+08:00,4.5,112,8,3,0,1.139,0.829,0,-0.008,0
2026-07-16T08:33:04+08:00,8.37,85,8,3,3,1.1,0.666,0,1.488,0
2026-07-16T08:41:54+08:00,3.29,215,8,3,1,1.069,0.778,0,-0.464,0
2026-07-16T08:55:16+08:00,3.65,57,8,3,2,1.03,0.894,0,0.038,0
2026-07-16T08:56:31+08:00,11.6,1240,8,3,3,1.009,1.693,0,-0.889,0
2026-07-16T09:03:27+08:00,10.73,512,9,3,3,1.059,2.086,0,-0.172,0
2026-07-16T09:09:56+08:00,8.95,47,9,3,2,1.108,1.108,0,0.788,0
2026-07-16T10:40:54+08:00,4.2,374,10,3,3,1.143,0.813,0,-0.175,0
2026-07-16T11:00:23+08:00,6.58,124,11,3,2,1.149,1.016,0,0.386,0
2026-07-16T11:55:53+08:00,1.83,252,11,3,0,1.03,0.281,0,-1.099,0
2026-07-16T12:03:30+08:00,2.85,66,12,3,1,1.129,0.545,0,1.239,0
2026-07-16T12:33:03+08:00,8.31,77,12,3,3,1.058,0.6,0,0.622,0
2026-07-16T12:54:08+08:00,2.67,43,12,3,1,1.082,0.373,0,-0.007,0
2026-07-16T13:13:20+08:00,6.18,268,13,3,2,1.11,0.926,0,-1.073,0
2026-07-16T14:23:36+08:00,1.68,16,14,3,1,1.06,0.299,0,0.972,0
2026-07-16T14:39:02+08:00,4.59,111,14,3,0,1.088,1.346,0,-0.061,0
2026-07-16T14:42:06+08:00,6.86,44,14,3,0,1.124,2.271,0,-0.998,0
2026-07-16T14:49:31+08:00,9.64,257,14,3,3,1.039,0.788,0,-1.991,0
2026-07-16T14:49:54+08:00,9.15,242,14,3,3,1.145,2.358,0,-1.733,0
2026-07-16T14:51:16+08:00,7.49,204,14,3,2,1.133,2.226,0,0.974,0
2026-07-16T14:56:33+08:00,8.56,77,14,3,2,1.033,1.665,0,1.221,0
2026-07-16T14:56:47+08:00,11.76,780,14,3,3,1.069,2.884,0,-0.313,0
2026-07-16T15:02:51+08:00,2.07,63,15,3,1,1.096,0.471,0,0.719,0
2026-07-16T15:31:12+08:00,7.7,35,15,3,0,1.06,0.984,0,-0.098,0
2026-07-16T16:05:28+08:00,1.88,97,16,3,1,1.138,0.449,0,-1.963,0
2026-07-16T16:27:40+08:00,3.04,26,16,3,1,1.068,1.053,0,0.589,0
2026-07-16T16:30:02+08:00,4.8,422,16,3,0,1.126,1.46,0,-0.898,0
2026-07-16T17:21:25+08:00,6.08,76,17,3,0,1.137,0.606,0,-0.505,0
2026-07-16T17:24:50+08:00,1.88,71,17,3,1,1.149,0.356,0,-0.645,0
2026-07-16T17:27:00+08:00,1.5,27,17,3,1,1.059,0.391,0,-0.866,0
2026-07-16T17:30:21+08:00,1.63,65,17,3,1,1.071,0.225,0,0.708,0
2026-07-16T17:32:42+08:00,4.65,155,17,3,0,1.058,0.396,0,1.14,0
2026-07-16T17:46:57+08:00,7.46,58,17,3,2,1.047,2.314,0,-0.809,0
2026-07-16T17:47:53+08:00,8.99,1109,17,3,3,1.061,2.36,0,0.844,0
2026-07-16T17:53:35+08:00,6.67,238,17,3,2,1.15,2.266,0,1.893,0
2026-07-16T18:13:21+08:00,3.19,134,18,3,1,1.033,1.088,0,-1.789,0
2026-07-16T18:23:02+08:00,6.23,305,18,3,2,1.045,1.044,0,0.022,0
2026-07-16T18:23:17+08:00,5.96,145,18,3,2,1.07,0.698,0,0.288,0
2026-07-16T18:28:13+08:00,7.25,540,18,3,2,1.069,1.832,0,-0.375,0
2026-07-16T18:31:12+08:00,3.61,88,18,3,1,1.131,0.546,0,1.336,0
2026-07-16T18:39:17+08:00,6.99,87,18,3,3,1.069,0.633,0,-0.998,0
2026-07-16T19:04:22+08:00,5.84,217,19,3,2,1.134,1.636,0,0.398,0
2026-07-16T20:07:43+08:00,6.01,82,20,3,2,1.021,2.038,0,-0.516,0
2026-07-16T20:30:18+08:00,2.01,54,20,3,1,1.094,0.297,0,0.816,0
2026-07-16T20:37:29+08:00,3.91,23,20,3,1,1.065,1.204,0,-1.856,0
2026-07-16T20:40:22+08:00,2.89,356,20,3,0,1.139,0.483,0,2.24,0
2026-07-16T20:51:40+08:00,3.32,918,20,3,0,1.032,0.378,0,-3.977,0
2026-07-16T21:00:33+08:00,6.04,980,21,3,0,1.074,0.668,0,1.766,0
2026-07-16T21:11:02+08:00,6.67,41,21,3,0,1.037,1.432,0,0.653,0
2026-07-16T21:12:52+08:00,13.38,1231,21,3,3,1.019,2.009,0,-1.902,0
2026-07-16T22:40:10+08:00,9.34,50,22,3,0,1.011,3.137,1,-2.185,0
2026-07-16T23:12:33+08:00,5.12,168,23,3,3,1.076,0.804,1,-1.829,0
2026-07-16T23:32:13+08:00,6.03,42,23,3,2,1.032,1.42,1,-0.769,0
2026-07-17T00:57:06+08:00,9.64,342,0,4,3,1.105,1.976,1,0.394,0
2026-07-17T02:22:40+08:00,3.72,46,2,4,1,1.026,0.668,1,-1.662,0
2026-07-17T03:48:12+08:00,34.07,17,3,4,1,0.918,18.997,1,5.588,1
2026-07-17T04:00:42+08:00,8.25,105,4,4,0,1.085,2.75,1,0.746,0
2026-07-17T04:10:32+08:00,16.97,1171,4,4,1,1.037,2.359,1,-0.446,1
2026-07-17T06:21:41+08:00,2.35,27,6,4,1,1.029,0.594,0,-0.362,0
2026-07-17T06:24:21+08:00,3.19,110,6,4,1,1.002,0.16,0,1.626,0
2026-07-17T06:26:14+08:00,1.04,30,6,4,1,1.073,0.289,0,-4.077,0
2026-07-17T06:39:50+08:00,8.57,187,6,4,2,1.008,2.327,0,0.043,0
2026-07-17T07:02:25+08:00,8.54,1659,7,4,3,1.026,2.344,0,-1.012,0
2026-07-17T07:04:26+08:00,8.43,302,7,4,3,1.15,1.582,0,1.454,0
2026-07-17T07:09:19+08:00,1.92,64,7,4,1,1.102,0.623,0,2.823,0
2026-07-17T07:27:19+08:00,8.24,838,7,4,3,1.12,2.356,0,-0.486,0
2026-07-17T07:53:51+08:00,8.25,231,7,4,2,1.036,1.982,0,1.81,0
2026-07-17T08:02:20+08:00,7.95,839,8,4,3,1.128,1.518,0,-1.212,0
2026-07-17T08:05:42+08:00,3.28,82,8,4,1,1.119,0.993,0,1.269,0
2026-07-17T08:28:54+08:00,11.72,130,8,4,3,1.105,3.372,0,1.36,0
2026-07-17T08:33:56+08:00,6.47,954,8,4,3,1.078,1.362,0,1.193,0
2026-07-17T08:40:52+08:00,8.68,35,8,4,0,1.126,0.796,0,0.411,0
2026-07-17T08:43:13+08:00,4.47,166,8,4,1,1.148,0.225,0,2.622,0
2026-07-17T09:33:55+08:00,12.04,523,9,4,3,1.109,0.987,0,-1.145,0
2026-07-17T11:25:10+08:00,7.95,265,11,4,2,1.013,0.513,0,-0.439,0
2026-07-17T11:27:34+08:00,7.67,1696,11,4,3,1.108,0.499,0,-1.154,0
2026-07-17T11:27:39+08:00,6.06,306,11,4,2,1.098,1.954,0,-1.811,0
2026-07-17T12:20:54+08:00,1.75,58,12,4,1,1.047,0.104,0,-0.656,0
2026-07-17T12:47:53+08:00,11.12,1139,12,4,3,1.084,3.481,0,-0.254,0
2026-07-17T13:22:36+08:00,3.59,653,13,4,0,1.126,0.907,0,1.247,0
2026-07-17T13:24:13+08:00,4.11,31,13,4,1,1.067,0.656,0,0.666,0
2026-07-17T13:26:45+08:00,4.88,302,13,4,2,1.06,1.39,0,-1.382,0
2026-07-17T13:40:08+08:00,4.7,88,13,4,2,1.132,0.71,0,0.324,0
2026-07-17T14:14:42+08:00,1.05,17,14,4,1,1.11,0.208,0,0.439,0
2026-07-17T14:20:47+08:00,2.82,21,14,4,1,1.111,0.211,0,-2.11,0
2026-07-17T14:38:45+08:00,1.96,18,14,4,1,1.133,0.267,0,-1.126,0
2026-07-17T15:30:36+08:00,10.99,744,15,4,3,1.132,2.461,0,-0.963,0
2026-07-17T15:51:01+08:00,4.99,339,15,4,2,1.004,1.467,0,-0.456,0
2026-07-17T15:54:13+08:00,5.88,271,15,4,2,1.039,1.298,0,-0.178,0
2026-07-17T16:21:15+08:00,10.85,640,16,4,3,1.108,1.338,0,0.406,0
2026-07-17T16:52:48+08:00,8.6,116,16,4,2,1.011,1.724,0,1.612,0
2026-07-17T17:07:43+08:00,4.37,93,17,4,3,1.139,0.822,0,-1.287,0
2026-07-17T17:31:12+08:00,5.1,75,17,4,2,1.061,0.36,0,0.54,0
2026-07-17T17:41:19+08:00,6.27,173,17,4,0,1.134,0.599,0,-0.27,0
2026-07-17T17:48:36+08:00,8.97,203,17,4,3,1.035,1.269,0,1.797,0
2026-07-17T17:53:44+08:00,6.45,86,17,4,2,1.025,1.763,0,-0.321,0
2026-07-17T18:03:51+08:00,4.39,777,18,4,3,1.011,0.994,0,-1.075,0
2026-07-17T18:06:00+08:00,3.33,21,18,4,1,1.132,0.617,0,1.292,0
2026-07-17T18:13:55+08:00,2.97,42,18,4,1,1.005,0.646,0,-1.296,0
2026-07-17T18:21:03+08:00,3.12,17,18,4,1,1.142,1.038,0,0.996,0
2026-07-17T18:59:28+08:00,8.23,528,18,4,3,1.098,1.924,0,1.263,0
2026-07-17T19:36:12+08:00,2.28,44,19,4,1,1.016,0.492,0,0.697,0
2026-07-17T19:56:11+08:00,2.82,124,19,4,0,1.104,0.478,0,-0.44,0
2026-07-17T19:58:31+08:00,7.38,111,19,4,3,1.122,2.137,0,0.344,0
2026-07-17T19:58:49+08:00,2.81,24,19,4,1,1.036,0.975,0,0.89,0
2026-07-17T20:05:04+08:00,5.42,146,20,4,2,1.066,0.353,0,-0.405,0
2026-07-17T20:21:38+08:00,9.81,910,20,4,3,1.082,3.351,0,-1.066,0
2026-07-17T20:40:03+08:00,1.55,98,20,4,1,1.051,0.248,0,-1.492,0
2026-07-17T20:41:14+08:00,12.56,192,20,4,3,1.079,3.449,0,0.363,0
2026-07-17T20:59:32+08:00,4.5,1598,20,4,3,1.102,0.796,0,-0.036,0
2026-07-17T21:25:21+08:00,1.62,210,21,4,0,1.133,0.417,0,-1.091,0
2026-07-17T21:31:35+08:00,7.46,79,21,4,0,1.106,1.703,0,-0.011,0
2026-07-17T22:27:51+08:00,2.08,75,22,4,1,1.089,0.355,1,0.105,0
2026-07-17T22:38:02+08:00,4.97,539,22,4,0,1.024,0.751,1,0.538,0
2026-07-17T22:39:50+08:00,8.7,61,22,4,3,1.104,0.786,1,-0.009,0
2026-07-17T22:45:08+08:00,0.78,53,22,4,1,1.088,0.079,1,-0.985,0
2026-07-18T04:37:11+08:00,18.42,351,4,5,2,1.05,1.625,1,0.523,1
2026-07-18T04:40:37+08:00,18.51,492,4,5,3,1.03,1.632,1,0.623,1
2026-07-18T05:18:24+08:00,8.02,109,5,5,2,1.012,0.888,0,-0.726,0
2026-07-18T06:03:59+08:00,4.57,307,6,5,1,1.142,1.223,0,0.191,0
2026-07-18T07:02:42+08:00,2.49,27,7,5,1,1.117,0.434,0,0.556,0
2026-07-18T07:17:24+08:00,3.95,50,7,5,2,1.036,0.199,0,0.485,0
2026-07-18T07:36:28+08:00,2.73,12,7,5,1,1.081,0.237,0,0.468,0
2026-07-18T07:44:30+08:00,7.05,147,7,5,0,1.008,0.851,0,0.773,0
2026-07-18T07:48:25+08:00,7.09,656,7,5,3,1.1,0.783,0,-1.527,0
2026-07-18T07:50:16+08:00,2.76,95,7,5,1,1.062,0.933,0,-0.729,0
2026-07-18T07:54:59+08:00,7.95,154,7,5,3,1.031,1.784,0,-0.471,0
2026-07-18T08:02:55+08:00,5.48,156,8,5,2,1.028,1.074,0,-1.054,0
2026-07-18T08:06:04+08:00,8.76,996,8,5,3,1.034,2.105,0,-0.254,0
2026-07-18T08:12:26+08:00,2.47,34,8,5,1,1.018,0.3,0,-0.597,0
2026-07-18T08:19:11+08:00,9.65,274,8,5,0,1.114,0.773,0,-0.45,0
2026-07-18T08:28:40+08:00,5.82,261,8,5,2,1.021,0.921,0,0.338,0
2026-07-18T08:31:14+08:00,3.91,53,8,5,1,1.125,0.938,0,0.504,0
2026-07-18T08:35:15+08:00,7.41,740,8,5,0,1.009,2.426,0,-1.344,0
2026-07-18T08:40:06+08:00,5.71,249,8,5,2,1.138,1.463,0,-0.662,0
2026-07-18T09:15:12+08:00,4.38,173,9,5,2,1.142,1.267,0,-0.254,0
2026-07-18T09:18:37+08:00,5.33,308,9,5,2,1.002,1.399,0,0.161,0
2026-07-18T09:46:31+08:00,5.92,197,9,5,0,1.064,1.227,0,1.162,0
2026-07-18T09:50:27+08:00,5.57,439,9,5,2,1.1,0.781,0,0.518,0
2026-07-18T10:15:23+08:00,4.33,57,10,5,1,1.142,1.067,0,-0.261,0
2026-07-18T10:31:30+08:00,11.91,113,10,5,3,1.019,1.775,0,-0.214,0
2026-07-18T10:44:02+08:00,0.86,139,10,5,1,1.089,0.231,0,-0.298,0
2026-07-18T11:04:38+08:00,5.97,278,11,5,2,1.091,1.438,0,-0.368,0
2026-07-18T11:22:08+08:00,10.29,293,11,5,3,1.129,1.999,0,-1.749,0
2026-07-18T11:38:10+08:00,4.44,51,11,5,0,1.065,1.538,0,0.988,0
2026-07-18T11:56:36+08:00,9.62,262,11,5,3,1.13,0.964,0,-0.467,0
2026-07-18T12:21:04+08:00,6.32,50,12,5,2,1.105,1.554,0,-2.122,0
2026-07-18T13:11:25+08:00,7.46,222,13,5,0,1.076,0.925,0,-0.721,0
2026-07-18T13:32:51+08:00,8.15,462,13,5,0,1.059,1.736,0,0.239,0
2026-07-18T14:13:15+08:00,7.46,377,14,5,2,1.035,1.342,0,-0.869,0
2026-07-18T14:20:02+08:00,2.74,8,14,5,1,1.013,0.736,0,-1.096,0
2026-07-18T14:48:10+08:00,1.87,14,14,5,1,1.137,0.25,0,1.954,0
2026-07-18T15:02:59+08:00,2.13,250,15,5,3,1.034,0.128,0,1.035,0
2026-07-18T15:06:10+08:00,3.52,39,15,5,1,1.027,0.775,0,-3.642,0
2026-07-18T15:28:50+08:00,4.64,392,15,5,0,1.08,0.673,0,0.385,0
2026-07-18T15:29:18+08:00,2.57,18,15,5,1,1.092,0.88,0,-0.192,0
2026-07-18T16:12:04+08:00,10.86,116,16,5,3,1.004,1.135,0,-0.784,0
2026-07-18T16:52:58+08:00,5.26,292,16,5,1,1.018,1.674,0,-1.325,0
2026-07-18T16:54:16+08:00,5.5,323,16,5,2,1.133,1.854,0,-1.493,0
2026-07-18T17:04:22+08:00,2.53,8,17,5,1,1.117,0.511,0,-0.75,0
2026-07-18T17:13:02+08:00,5.66,26,17,5,2,1.125,0.365,0,-0.045,0
2026-07-18T17:27:36+08:00,2.51,38,17,5,1,1.09,0.639,0,-0.185,0
2026-07-18T17:30:17+08:00,4.47,31,17,5,2,1.05,0.84,0,0.152,0
2026-07-18T17:31:58+08:00,1.05,131,17,5,2,1.031,0.354,0,0.804,0
2026-07-18T17:38:08+08:00,8.26,130,17,5,3,1.106,2.58,0,0.136,0
2026-07-18T18:14:08+08:00,10.93,500,18,5,3,1.107,1.13,0,0.092,0
2026-07-18T18:17:33+08:00,2.67,51,18,5,1,1.053,0.604,0,0.633,0
2026-07-18T18:31:50+08:00,4.85,159,18,5,0,1.084,0.866,0,-0.905,0
2026-07-18T18:36:52+08:00,40.36,5,18,5,1,0.819,15.021,0,2.903,1
2026-07-18T18:40:40+08:00,9.48,398,18,5,2,1.102,2.097,0,-0.717,0
2026-07-18T19:13:05+08:00,7.44,177,19,5,2,1.122,1.165,0,0.274,0
2026-07-18T19:20:20+08:00,3.3,107,19,5,1,1.119,1.132,0,0.877,0
2026-07-18T19:23:50+08:00,12.0,365,19,5,3,1.056,4.158,0,0.293,0
2026-07-18T19:24:23+08:00,8.22,514,19,5,3,1.046,1.512,0,0.904,0
2026-07-18T19:36:09+08:00,1.89,111,19,5,1,1.049,0.156,0,-1.092,0
2026-07-18T19:40:18+08:00,2.74,73,19,5,1,1.064,0.401,0,-2.142,0
2026-07-18T20:10:31+08:00,2.26,25,20,5,1,1.079,0.184,0,-1.674,0
2026-07-18T20:22:14+08:00,8.71,307,20,5,3,1.099,1.474,0,-0.279,0
2026-07-18T20:28:11+08:00,0.98,215,20,5,0,1.032,0.218,0,-0.364,0
2026-07-18T20:49:09+08:00,8.04,206,20,5,0,1.05,1.487,0,2.193,0
2026-07-18T20:55:52+08:00,4.75,149,20,5,2,1.092,0.507,0,-0.94,0
2026-07-18T21:15:34+08:00,1.2,55,21,5,1,1.097,0.16,0,2.679,0
2026-07-18T21:31:02+08:00,9.8,440,21,5,2,1.127,3.189,0,0.147,0
2026-07-18T21:53:40+08:00,2.1,211,21,5,0,1.148,0.311,0,-1.739,0
2026-07-18T22:15:47+08:00,4.39,40,22,5,2,1.14,1.51,1,-0.057,0
2026-07-18T22:58:35+08:00,8.67,487,22,5,3,1.145,2.74,1,0.003,0
2026-07-18T23:58:31+08:00,2.6,258,23,5,1,1.149,0.826,1,-0.212,0
2026-07-19T04:56:23+08:00,4.56,266,4,6,2,1.058,0.786,1,-0.503,0
2026-07-19T06:12:44+08:00,3.4,177,6,6,3,1.121,1.021,0,-0.56,0
2026-07-19T06:42:03+08:00,7.01,133,6,6,2,1.11,0.437,0,-1.43,0
2026-07-19T06:55:45+08:00,6.71,953,6,6,2,1.058,1.312,0,0.932,0
2026-07-19T07:13:35+08:00,9.92,697,7,6,3,1.127,1.569,0,0.874,0
2026-07-19T07:21:24+08:00,7.2,87,7,6,3,1.036,0.708,0,0.433,0
2026-07-19T07:22:06+08:00,3.44,55,7,6,0,1.144,1.103,0,-0.616,0
2026-07-19T07:24:00+08:00,2.86,60,7,6,1,1.079,0.795,0,2.129,0
2026-07-19T07:24:04+08:00,2.52,54,7,6,1,1.063,0.776,0,-0.051,0
2026-07-19T07:25:25+08:00,8.13,1501,7,6,3,1.124,1.196,0,-2.884,0
2026-07-19T07:59:18+08:00,4.03,165,7,6,0,1.065,0.903,0,-0.712,0
2026-07-19T08:02:47+08:00,9.5,2140,8,6,3,1.045,2.012,0,2.634,0
2026-07-19T08:04:25+08:00,4.77,132,8,6,0,1.107,1.214,0,-0.032,0
2026-07-19T08:16:55+08:00,1.98,73,8,6,1,1.128,0.209,0,-2.279,0
2026-07-19T08:39:27+08:00,3.34,57,8,6,1,1.024,1.138,0,-0.643,0
2026-07-19T08:49:57+08:00,5.2,235,8,6,3,1.025,1.636,0,-0.554,0
2026-07-19T08:59:09+08:00,11.08,345,8,6,3,1.077,3.336,0,-0.987,0
2026-07-19T09:02:12+08:00,6.71,383,9,6,0,1.038,2.061,0,-1.176,0
2026-07-19T09:14:01+08:00,8.74,1865,9,6,3,1.028,2.328,0,0.931,0
2026-07-19T09:50:11+08:00,10.98,293,9,6,0,1.063,3.178,0,-1.292,0
2026-07-19T10:41:19+08:00,9.11,1255,10,6,0,1.136,1.158,0,2.978,0
2026-07-19T11:07:48+08:00,2.07,568,11,6,2,1.092,0.13,0,1.543,0
2026-07-19T11:50:33+08:00,1.04,44,11,6,1,1.032,0.277,0,-0.374,0
2026-07-19T12:50:09+08:00,2.17,185,12,6,0,1.146,0.178,0,0.278,0
2026-07-19T13:05:32+08:00,12.05,226,13,6,3,1.104,1.963,0,0.241,0
2026-07-19T13:06:17+08:00,7.0,211,13,6,0,1.068,2.445,0,-0.198,0
2026-07-19T13:20:43+08:00,11.03,420,13,6,3,1.106,3.115,0,-0.587,0
2026-07-19T13:22:09+08:00,4.81,156,13,6,2,1.142,1.595,0,-1.071,0
2026-07-19T14:14:50+08:00,7.74,130,14,6,2,1.121,2.249,0,1.404,0
2026-07-19T14:25:36+08:00,11.68,284,14,6,3,1.072,2.549,0,-0.222,0
2026-07-19T14:45:49+08:00,4.44,133,14,6,2,1.009,0.703,0,-0.354,0
2026-07-19T15:22:29+08:00,11.2,299,15,6,3,1.066,2.703,0,-0.109,0
2026-07-19T15:55:12+08:00,5.65,125,15,6,2,1.131,0.597,0,1.513,0
2026-07-19T16:09:29+08:00,3.39,31,16,6,1,1.011,0.897,0,-1.699,0
2026-07-19T16:12:54+08:00,5.36,408,16,6,2,1.069,0.554,0,0.172,0
2026-07-19T17:02:23+08:00,2.76,104,17,6,1,1.066,0.376,0,0.683,0
2026-07-19T17:05:48+08:00,7.96,126,17,6,0,1.095,1.963,0,-0.084,0
2026-07-19T17:07:38+08:00,6.56,233,17,6,2,1.06,0.441,0,-1.197,0
2026-07-19T17:49:14+08:00,7.85,181,17,6,3,1.144,0.559,0,0.825,0
2026-07-19T17:52:32+08:00,8.94,381,17,6,3,1.031,0.737,0,-0.167,0
2026-07-19T18:06:55+08:00,2.75,21,18,6,1,1.003,0.466,0,0.664,0
2026-07-19T18:34:43+08:00,3.0,24,18,6,1,1.042,0.247,0,-2.058,0
2026-07-19T18:42:13+08:00,5.82,38,18,6,2,1.029,0.708,0,-0.204,0
2026-07-19T18:43:09+08:00,8.37,215,18,6,0,1.067,2.193,0,-1.686,0
2026-07-19T18:52:47+08:00,5.44,61,18,6,2,1.04,1.894,0,1.24,0
2026-07-19T19:05:01+08:00,12.5,515,19,6,3,1.114,1.755,0,0.74,0
2026-07-19T19:07:20+08:00,5.68,234,19,6,0,1.13,1.525,0,-0.342,0
2026-07-19T19:27:59+08:00,6.99,609,19,6,0,1.025,1.389,0,0.44,0
2026-07-19T19:30:51+08:00,5.88,177,19,6,2,1.073,0.888,0,1.53,0
2026-07-19T19:40:46+08:00,10.99,1072,19,6,3,1.006,0.78,0,-0.934,0
2026-07-19T19:41:21+08:00,9.25,229,19,6,3,1.145,2.69,0,-0.844,0
2026-07-19T19:44:47+08:00,4.76,565,19,6,0,1.09,0.643,0,-2.369,0
2026-07-19T19:45:44+08:00,6.19,38,19,6,2,1.009,1.281,0,-1.143,0
2026-07-19T20:03:13+08:00,2.31,42,20,6,1,1.123,0.388,0,-0.271,0
2026-07-19T20:06:59+08:00,2.5,18,20,6,1,1.135,0.53,0,1.1,0
2026-07-19T20:31:02+08:00,8.8,584,20,6,3,1.046,1.252,0,-1.668,0
2026-07-19T20:34:39+08:00,9.75,1135,20,6,3,1.063,1.102,0,0.189,0
2026-07-19T20:51:38+08:00,10.43,84,20,6,3,1.068,3.538,0,-2.029,0
2026-07-19T21:53:49+08:00,3.05,35,21,6,1,1.126,0.865,0,0.464,0
2026-07-19T21:56:34+08:00,10.7,650,21,6,3,1.078,1.554,0,-0.431,0
2026-07-19T22:59:21+08:00,2.47,45,22,6,1,1.039,0.224,1,-1.138,0
2026-07-19T23:13:01+08:00,9.14,164,23,6,2,1.099,2.928,1,-0.097,0
2026-07-20T06:15:57+08:00,3.87,65,6,0,1,1.002,0.487,0,1.516,0
2026-07-20T06:38:23+08:00,4.94,591,6,0,0,1.068,1.211,0,-0.708,0
2026-07-20T06:51:37+08:00,3.64,98,6,0,2,1.116,1.046,0,-0.097,0
2026-07-20T07:03:30+08:00,6.39,44,7,0,2,1.032,1.255,0,-0.515,0
2026-07-20T07:17:32+08:00,4.87,496,7,0,0,1.021,1.66,0,0.978,0
2026-07-20T07:47:37+08:00,4.65,724,7,0,0,1.058,0.297,0,-0.14,0
2026-07-20T07:50:46+08:00,9.62,520,7,0,3,1.099,2.341,0,0.198,0
2026-07-20T08:06:37+08:00,3.26,204,8,0,0,1.143,0.633,0,1.176,0
2026-07-20T09:18:02+08:00,1.93,34,9,0,0,1.013,0.309,0,2.213,0
2026-07-20T09:31:39+08:00,2.96,35,9,0,1,1.047,0.295,0,-1.032,0
2026-07-20T10:02:38+08:00,6.66,135,10,0,2,1.052,0.484,0,0.674,0
2026-07-20T10:17:29+08:00,6.93,204,10,0,2,1.076,1.181,0,-0.667,0
2026-07-20T10:24:30+08:00,9.85,276,10,0,3,1.104,2.946,0,-0.181,0
2026-07-20T10:40:17+08:00,5.95,57,10,0,0,1.101,2.021,0,-1.0,0
2026-07-20T10:51:58+08:00,4.77,136,10,0,0,1.121,0.44,0,-1.139,0
2026-07-20T11:22:20+08:00,2.95,82,11,0,0,1.097,0.906,0,-0.935,0
2026-07-20T11:36:02+08:00,1.94,508,11,0,0,1.14,0.202,0,-1.234,0
2026-07-20T11:43:00+08:00,1.89,13,11,0,1,1.054,0.588,0,-2.39,0
2026-07-20T11:57:46+08:00,3.82,290,11,0,0,1.067,0.352,0,3.843,0
2026-07-20T11:58:41+08:00,9.84,1312,11,0,3,1.013,0.54,0,0.903,0
2026-07-20T12:30:55+08:00,2.33,53,12,0,1,1.038,0.207,0,1.02,0
2026-07-20T13:08:06+08:00,4.43,471,13,0,0,1.016,1.033,0,-0.388,0
2026-07-20T13:28:00+08:00,4.8,110,13,0,0,1.1,1.118,0,-0.4,0
2026-07-20T14:02:48+08:00,2.52,603,14,0,3,1.142,0.803,0,-0.069,0
2026-07-20T14:20:16+08:00,4.14,111,14,0,0,1.022,0.361,0,-0.038,0
2026-07-20T15:20:59+08:00,1.96,93,15,0,1,1.091,0.461,0,-0.105,0
2026-07-20T15:48:37+08:00,2.89,14,15,0,1,1.066,1.012,0,0.762,0
2026-07-20T17:26:51+08:00,9.42,141,17,0,0,1.092,0.974,0,0.157,0
2026-07-20T17:33:24+08:00,3.07,519,17,0,3,1.121,0.922,0,-0.578,0
2026-07-20T17:55:04+08:00,11.64,947,17,0,3,1.149,2.753,0,-0.315,0
2026-07-20T17:55:30+08:00,4.78,161,17,0,2,1.01,1.663,0,2.068,0
2026-07-20T17:57:39+08:00,10.88,415,17,0,0,1.076,3.406,0,0.021,0
2026-07-20T18:03:50+08:00,4.5,315,18,0,2,1.016,0.482,0,0.753,0
2026-07-20T18:09:15+08:00,6.44,530,18,0,2,1.121,0.511,0,2.147,0
2026-07-20T18:22:30+08:00,9.32,347,18,0,3,1.024,2.976,0,0.182,0
2026-07-20T18:25:47+08:00,12.21,407,18,0,3,1.035,1.528,0,1.331,0
2026-07-20T18:32:32+08:00,6.85,405,18,0,2,1.094,0.858,0,1.25,0
2026-07-20T18:41:56+08:00,6.19,29,18,0,2,1.024,1.46,0,0.896,0
2026-07-20T19:16:58+08:00,7.29,314,19,0,2,1.01,0.579,0,0.408,0
2026-07-20T19:20:56+08:00,3.43,304,19,0,0,1.018,0.408,0,-2.01,0
2026-07-20T19:30:16+08:00,9.06,1513,19,0,3,1.136,0.987,0,2.34,0
2026-07-20T19:38:52+08:00,5.07,103,19,0,2,1.128,1.194,0,-0.674,0
2026-07-20T19:41:02+08:00,1.7,159,19,0,0,1.037,0.346,0,-0.042,0
2026-07-20T19:41:32+08:00,8.17,159,19,0,2,1.081,2.204,0,1.066,0
2026-07-20T19:43:15+08:00,3.09,90,19,0,0,1.083,0.978,0,-0.757,0
2026-07-20T19:56:41+08:00,3.1,164,19,0,1,1.004,0.542,0,0.959,0
2026-07-20T19:57:05+08:00,2.55,43,19,0,1,1.081,0.534,0,-0.706,0
2026-07-20T20:03:55+08:00,11.84,297,20,0,3,1.136,3.717,0,1.327,0
2026-07-20T20:04:58+08:00,3.29,510,20,0,3,1.065,0.806,0,1.771,0
2026-07-20T20:07:07+08:00,6.11,234,20,0,2,1.101,1.475,0,0.06,0
2026-07-20T20:10:04+08:00,4.67,210,20,0,2,1.094,1.237,0,-0.091,0
2026-07-20T20:37:01+08:00,3.33,26,20,0,2,1.044,0.307,0,0.328,0
2026-07-20T20:51:51+08:00,4.61,170,20,0,2,1.092,0.898,0,-1.74,0
2026-07-20T21:52:45+08:00,2.07,69,21,0,1,1.102,0.581,0,-0.708,0
2026-07-20T22:13:47+08:00,7.35,29,22,0,2,1.042,0.399,1,2.711,0
2026-07-20T22:26:49+08:00,3.38,67,22,0,1,1.02,0.616,1,-0.043,0
2026-07-20T23:31:29+08:00,9.77,34,23,0,0,1.099,2.326,1,-0.697,0
2026-07-21T00:06:30+08:00,4.98,60,0,1,0,1.049,1.316,1,-1.315,0
2026-07-21T00:06:37+08:00,9.36,2141,0,1,3,1.056,1.649,1,-1.403,0
2026-07-21T01:59:52+08:00,1.1,105,1,1,1,1.007,0.322,1,-0.905,0
2026-07-21T02:24:14+08:00,1.78,289,2,1,2,1.103,0.307,1,-0.37,0
2026-07-21T06:09:15+08:00,2.6,18,6,1,1,1.075,0.416,0,-0.456,0
2026-07-21T06:13:26+08:00,1.31,71,6,1,1,1.073,0.435,0,1.525,0
2026-07-21T06:23:40+08:00,1.79,13,6,1,1,1.115,0.532,0,1.006,0
2026-07-21T06:34:58+08:00,4.3,212,6,1,0,1.092,0.863,0,-2.003,0
2026-07-21T06:35:30+08:00,7.06,41,6,1,0,1.078,2.412,0,0.076,0
2026-07-21T06:37:54+08:00,2.59,55,6,1,1,1.091,0.775,0,-0.414,0
2026-07-21T06:44:15+08:00,4.01,181,6,1,0,1.132,1.043,0,-0.923,0
2026-07-21T07:03:30+08:00,4.23,266,7,1,2,1.146,0.787,0,-3.256,0
2026-07-21T07:03:57+08:00,10.48,668,7,1,3,1.046,2.47,0,-0.539,0
2026-07-21T07:04:35+08:00,9.72,94,7,1,0,1.084,1.791,0,0.027,0
2026-07-21T07:27:58+08:00,7.81,220,7,1,3,1.055,1.461,0,-0.249,0
2026-07-21T07:33:36+08:00,9.92,443,7,1,0,1.009,1.895,0,-0.648,0
2026-07-21T07:37:39+08:00,5.32,519,7,1,2,1.023,0.3,0,1.859,0
2026-07-21T07:41:23+08:00,2.18,355,7,1,0,1.149,0.453,0,0.208,0
2026-07-21T07:45:37+08:00,12.23,246,7,1,3,1.146,3.345,0,-1.227,0
2026-07-21T08:02:43+08:00,1.81,55,8,1,1,1.098,0.316,0,1.247,0
2026-07-21T08:15:55+08:00,7.9,77,8,1,2,1.128,2.707,0,0.922,0
2026-07-21T08:22:11+08:00,11.81,408,8,1,3,1.018,0.817,0,-1.139,0
2026-07-21T08:27:57+08:00,8.75,1654,8,1,3,1.001,2.241,0,2.199,0
2026-07-21T08:29:19+08:00,9.63,44,8,1,0,1.107,2.878,0,1.176,0
2026-07-21T08:49:37+08:00,7.65,103,8,1,2,1.085,1.82,0,-0.817,0
2026-07-21T08:49:53+08:00,8.59,88,8,1,0,1.044,1.144,0,-1.298,0
2026-07-21T08:59:06+08:00,6.09,1195,8,1,0,1.137,1.001,0,-1.588,0
2026-07-21T09:13:41+08:00,4.35,630,9,1,2,1.134,1.064,0,-0.035,0
2026-07-21T09:20:35+08:00,5.69,1573,9,1,3,1.142,1.04,0,-1.158,0
2026-07-21T09:35:12+08:00,7.87,873,9,1,3,1.046,2.397,0,0.082,0
2026-07-21T09:40:21+08:00,2.78,35,9,1,1,1.116,0.454,0,-0.848,0
2026-07-21T09:56:18+08:00,7.01,633,9,1,2,1.111,1.336,0,-1.87,0
2026-07-21T10:30:09+08:00,6.21,315,10,1,2,1.055,1.693,0,-1.83,0
2026-07-21T10:44:17+08:00,6.01,643,10,1,3,1.099,0.567,0,2.117,0
2026-07-21T11:03:43+08:00,2.49,21,11,1,1,1.109,0.782,0,-0.296,0
2026-07-21T11:21:48+08:00,4.39,236,11,1,2,1.123,1.28,0,-2.441,0
2026-07-21T12:23:55+08:00,9.34,391,12,1,0,1.033,1.405,0,-1.336,0
2026-07-21T13:00:17+08:00,2.72,58,13,1,1,1.107,0.763,0,0.923,0
2026-07-21T13:06:36+08:00,0.62,86,13,1,1,1.117,0.034,0,2.039,0
2026-07-21T13:20:25+08:00,5.72,482,13,1,0,1.037,1.425,0,0.188,0
2026-07-21T13:25:10+08:00,2.37,703,13,1,0,1.031,0.62,0,0.901,0
2026-07-21T13:57:43+08:00,1.54,249,13,1,0,1.039,0.295,0,-1.55,0
2026-07-21T14:09:38+08:00,6.76,74,14,1,2,1.145,1.721,0,0.47,0
2026-07-21T14:42:10+08:00,6.82,164,14,1,2,1.021,1.931,0,0.453,0
2026-07-21T14:51:11+08:00,5.1,261,14,1,0,1.125,0.969,0,-0.936,0
2026-07-21T15:43:01+08:00,3.33,777,15,1,0,1.133,1.149,0,0.702,0
2026-07-21T16:00:21+08:00,5.19,60,16,1,2,1.101,1.598,0,-0.815,0
2026-07-21T16:12:38+08:00,1.18,143,16,1,0,1.137,0.212,0,-0.899,0
2026-07-21T17:03:05+08:00,3.66,26,17,1,1,1.066,0.435,0,0.748,0
2026-07-21T17:12:47+08:00,0.59,266,17,1,1,1.091,0.172,0,0.824,0
2026-07-21T17:28:56+08:00,3.47,313,17,1,2,1.081,0.378,0,-0.582,0
2026-07-21T17:32:39+08:00,5.93,381,17,1,3,1.055,1.285,0,-2.192,0
2026-07-21T17:36:14+08:00,3.11,28,17,1,1,1.066,0.18,0,-0.073,0
2026-07-21T17:57:11+08:00,6.86,29,17,1,2,1.142,1.869,0,0.993,0
2026-07-21T18:25:59+08:00,12.68,341,18,1,3,1.093,4.235,0,0.845,0
2026-07-21T18:38:54+08:00,6.94,206,18,1,2,1.072,1.456,0,1.017,0
2026-07-21T18:51:14+08:00,5.4,538,18,1,2,1.011,0.371,0,-1.364,0
2026-07-21T18:54:06+08:00,9.51,109,18,1,0,1.149,1.395,0,0.592,0
2026-07-21T19:03:55+08:00,6.72,1490,19,1,3,1.116,2.105,0,1.516,0
2026-07-21T19:04:36+08:00,8.64,55,19,1,0,1.019,2.444,0,-0.368,0
2026-07-21T19:05:37+08:00,8.71,541,19,1,3,1.065,2.874,0,-0.479,0
2026-07-21T19:09:02+08:00,5.15,95,19,1,2,1.076,1.427,0,-0.123,0
2026-07-21T19:23:16+08:00,5.53,68,19,1,0,1.092,0.985,0,-0.408,0
2026-07-21T19:26:39+08:00,3.54,355,19,1,0,1.131,0.741,0,1.835,0
2026-07-21T19:28:07+08:00,7.16,131,19,1,2,1.142,0.885,0,-0.595,0
2026-07-21T19:46:48+08:00,10.34,160,19,1,3,1.004,0.635,0,-0.749,0
2026-07-21T19:52:18+08:00,1.03,47,19,1,1,1.047,0.185,0,0.981,0
2026-07-21T20:40:10+08:00,3.16,32,20,1,1,1.114,0.471,0,0.199,0
2026-07-21T20:40:19+08:00,5.2,162,20,1,0,1.093,0.487,0,0.698,0
2026-07-21T20:44:52+08:00,5.89,223,20,1,2,1.15,1.261,0,-2.745,0
2026-07-21T20:51:11+08:00,7.86,135,20,1,3,1.063,1.376,0,-1.718,0
2026-07-21T20:52:03+08:00,8.49,313,20,1,0,1.03,0.687,0,-2.667,0
2026-07-21T21:06:13+08:00,6.62,117,21,1,2,1.053,2.02,0,-0.352,0
2026-07-21T21:23:57+08:00,4.03,79,21,1,0,1.145,0.516,0,0.326,0
2026-07-21T22:39:02+08:00,3.29,321,22,1,0,1.133,0.776,1,0.671,0
2026-07-21T22:45:27+08:00,4.55,188,22,1,2,1.01,0.403,1,-0.078,0
2026-07-21T23:00:27+08:00,4.37,557,23,1,0,1.134,1.208,1,-0.179,0
2026-07-21T23:04:58+08:00,6.66,1408,23,1,3,1.046,1.821,1,-3.013,0
2026-07-22T00:18:00+08:00,3.62,67,0,2,1,1.019,0.864,1,0.035,0
2026-07-22T03:07:53+08:00,26.64,1610,3,2,1,1.083,3.061,1,0.564,1
2026-07-22T06:09:57+08:00,7.8,208,6,2,3,1.042,1.232,0,1.826,0
2026-07-22T06:19:48+08:00,8.54,63,6,2,3,1.104,0.595,0,0.57,0
2026-07-22T06:27:37+08:00,7.28,1178,6,2,3,1.148,1.854,0,-0.56,0
2026-07-22T06:30:40+08:00,5.48,37,6,2,0,1.045,0.933,0,-0.23,0
2026-07-22T06:43:54+08:00,8.94,307,6,2,3,1.123,1.472,0,0.26,0
2026-07-22T06:44:25+08:00,6.59,32,6,2,2,1.058,2.137,0,-0.822,0
2026-07-22T07:03:54+08:00,2.02,20,7,2,1,1.099,0.481,0,0.865,0
2026-07-22T07:15:21+08:00,2.1,698,7,2,0,1.026,0.52,0,1.218,0
2026-07-22T07:16:55+08:00,2.58,36,7,2,2,1.061,0.656,0,0.373,0
2026-07-22T07:26:29+08:00,5.97,75,7,2,2,1.073,1.852,0,-2.02,0
2026-07-22T07:51:03+08:00,3.9,430,7,2,2,1.042,1.071,0,0.815,0
2026-07-22T07:57:50+08:00,2.09,9,7,2,1,1.085,0.353,0,-0.677,0
2026-07-22T08:00:24+08:00,8.15,693,8,2,0,1.041,1.239,0,0.114,0
2026-07-22T08:01:22+08:00,8.78,75,8,2,0,1.077,0.502,0,0.129,0
2026-07-22T08:16:26+08:00,10.5,648,8,2,3,1.034,0.991,0,2.206,0
2026-07-22T08:41:34+08:00,11.52,442,8,2,3,1.023,3.567,0,1.809,0
2026-07-22T08:47:59+08:00,2.06,19,8,2,1,1.052,0.137,0,0.945,0
2026-07-22T08:56:56+08:00,5.35,164,8,2,2,1.065,1.62,0,-1.473,0
2026-07-22T09:00:55+08:00,2.9,18,9,2,1,1.139,0.432,0,-0.937,0
2026-07-22T09:21:12+08:00,5.79,160,9,2,0,1.003,0.47,0,0.085,0
2026-07-22T09:45:57+08:00,8.89,498,9,2,3,1.042,2.537,0,0.941,0
2026-07-22T09:53:54+08:00,1.19,45,9,2,0,1.11,0.169,0,-0.574,0
2026-07-22T10:20:46+08:00,2.51,14,10,2,1,1.049,0.289,0,-0.648,0
2026-07-22T10:24:23+08:00,7.13,64,10,2,2,1.01,0.498,0,-0.657,0
2026-07-22T10:29:33+08:00,6.17,289,10,2,2,1.146,1.405,0,-0.851,0
2026-07-22T11:01:06+08:00,8.82,1543,11,2,3,1.112,0.884,0,-0.714,0
2026-07-22T11:21:14+08:00,9.13,189,11,2,0,1.133,2.725,0,-0.288,0
2026-07-22T11:40:47+08:00,9.69,2663,11,2,3,1.015,2.258,0,-1.036,0
2026-07-22T11:44:50+08:00,11.55,357,11,2,3,1.009,1.324,0,0.513,0
2026-07-22T11:53:50+08:00,1.94,51,11,2,0,1.108,0.521,0,-0.6,0
2026-07-22T12:11:11+08:00,9.21,311,12,2,2,1.013,2.503,0,-1.409,0
2026-07-22T12:26:02+08:00,9.37,324,12,2,3,1.024,1.975,0,-2.75,0
2026-07-22T12:39:01+08:00,0.3,288,12,2,0,1.098,0.083,0,0.561,0
2026-07-22T12:45:41+08:00,4.81,130,12,2,1,1.047,0.357,0,1.235,0
2026-07-22T12:50:57+08:00,1.78,15,12,2,1,1.078,0.424,0,0.274,0
2026-07-22T13:53:11+08:00,1.61,40,13,2,0,1.146,0.48,0,0.45,0
2026-07-22T13:54:17+08:00,0.94,106,13,2,1,1.013,0.068,0,-0.261,0
2026-07-22T13:56:19+08:00,10.07,216,13,2,0,1.118,1.069,0,-0.993,0
2026-07-22T13:59:14+08:00,11.38,1173,13,2,3,1.033,1.798,0,0.406,0
2026-07-22T14:18:04+08:00,9.06,383,14,2,3,1.147,2.453,0,0.561,0
2026-07-22T14:19:54+08:00,9.98,489,14,2,3,1.101,3.435,0,2.457,0
2026-07-22T14:23:04+08:00,7.86,836,14,2,3,1.051,0.976,0,0.338,0
2026-07-22T14:44:35+08:00,1.81,20,14,2,1,1.089,0.443,0,-0.748,0
2026-07-22T14:57:41+08:00,4.61,434,14,2,2,1.041,1.141,0,1.474,0
2026-07-22T15:22:04+08:00,2.65,67,15,2,1,1.023,0.31,0,-0.867,0
2026-07-22T15:33:07+08:00,7.64,229,15,2,3,1.103,2.536,0,-0.627,0
2026-07-22T16:37:04+08:00,6.23,401,16,2,3,1.137,0.62,0,-1.634,0
2026-07-22T16:39:13+08:00,5.96,248,16,2,2,1.054,0.488,0,0.004,0
2026-07-22T17:12:06+08:00,8.67,234,17,2,0,1.128,1.654,0,1.199,0
2026-07-22T17:20:17+08:00,7.52,56,17,2,2,1.014,2.119,0,-1.085,0
2026-07-22T17:26:46+08:00,2.14,39,17,2,1,1.085,0.479,0,2.171,0
2026-07-22T17:38:12+08:00,7.32,173,17,2,0,1.004,1.367,0,-3.084,0
2026-07-22T17:38:54+08:00,10.0,247,17,2,3,1.11,2.107,0,1.483,0
2026-07-22T17:55:33+08:00,5.95,139,17,2,2,1.059,1.879,0,-0.308,0
2026-07-22T17:56:19+08:00,6.76,263,17,2,2,1.14,2.195,0,-0.049,0
2026-07-22T18:04:18+08:00,7.21,96,18,2,0,1.124,1.738,0,2.692,0
2026-07-22T18:19:34+08:00,3.81,645,18,2,0,1.055,0.491,0,-1.44,0
2026-07-22T18:24:50+08:00,4.89,457,18,2,2,1.093,1.426,0,0.909,0
2026-07-22T18:38:02+08:00,1.52,50,18,2,1,1.124,0.262,0,-1.94,0
2026-07-22T18:46:15+08:00,2.65,147,18,2,2,1.125,0.798,0,0.957,0
2026-07-22T18:52:01+08:00,3.89,37,18,2,1,1.055,0.914,0,0.67,0
2026-07-22T18:57:01+08:00,2.69,24,18,2,1,1.078,0.617,0,-0.11,0
2026-07-22T19:10:14+08:00,7.5,1931,19,2,3,1.105,0.741,0,-0.133,0
2026-07-22T19:33:21+08:00,7.85,1376,19,2,3,1.092,0.727,0,-1.434,0
2026-07-22T19:56:39+08:00,4.54,88,19,2,2,1.024,1.379,0,0.312,0
2026-07-22T20:10:45+08:00,7.0,149,20,2,3,1.083,1.68,0,1.086,0
2026-07-22T20:11:01+08:00,2.9,27,20,2,1,1.081,0.164,0,-3.124,0
2026-07-22T20:29:30+08:00,6.38,274,20,2,0,1.011,1.49,0,1.695,0
2026-07-22T20:32:43+08:00,10.32,1506,20,2,3,1.133,1.184,0,-0.361,0
2026-07-22T20:33:40+08:00,6.88,297,20,2,0,1.068,1.442,0,-0.411,0
2026-07-22T20:35:26+08:00,3.32,259,20,2,3,1.076,0.85,0,-0.264,0
2026-07-22T21:36:26+08:00,2.32,37,21,2,1,1.051,0.13,0,0.431,0
2026-07-22T21:42:05+08:00,6.09,75,21,2,0,1.025,0.894,0,-0.188,0
2026-07-22T22:39:25+08:00,4.9,613,22,2,0,1.006,0.437,1,0.624,0
2026-07-22T22:44:00+08:00,2.34,35,22,2,1,1.123,0.265,1,-0.102,0
2026-07-22T23:25:49+08:00,9.16,449,23,2,3,1.103,1.829,1,0.581,0
2026-07-22T23:30:44+08:00,3.13,49,23,2,1,1.13,0.413,1,-0.471,0
2026-07-22T23:34:05+08:00,8.5,137,23,2,3,1.136,0.439,1,-0.514,0
2026-07-23T02:15:21+08:00,15.22,1221,2,3,3,1.096,1.58,1,-0.499,1
2026-07-23T06:06:24+08:00,2.17,272,6,3,1,1.005,0.723,0,-0.695,0
2026-07-23T06:12:36+08:00,10.16,1027,6,3,3,1.039,0.677,0,0.166,0
2026-07-23T06:13:24+08:00,10.81,182,6,3,3,1.052,2.144,0,0.644,0
2026-07-23T06:13:39+08:00,2.79,65,6,3,0,1.088,0.829,0,-0.13,0
2026-07-23T06:45:04+08:00,8.06,37,6,3,2,1.033,0.542,0,-2.484,0
2026-07-23T06:49:12+08:00,2.92,316,6,3,0,1.131,0.602,0,-0.313,0
2026-07-23T06:50:54+08:00,2.04,145,6,3,1,1.088,0.333,0,1.741,0
2026-07-23T07:07:12+08:00,7.16,355,7,3,2,1.134,0.366,0,0.886,0
2026-07-23T07:23:59+08:00,8.61,434,7,3,0,1.146,2.323,0,-1.887,0
2026-07-23T07:25:35+08:00,6.55,633,7,3,0,1.113,0.588,0,-0.484,0
2026-07-23T07:35:58+08:00,10.48,679,7,3,3,1.082,2.3,0,-0.101,0
2026-07-23T07:37:02+08:00,2.54,480,7,3,3,1.05,0.447,0,-1.68,0
2026-07-23T07:41:35+08:00,8.26,325,7,3,3,1.09,0.446,0,-1.443,0
2026-07-23T08:08:23+08:00,5.85,186,8,3,3,1.064,1.205,0,-0.077,0
2026-07-23T08:41:47+08:00,2.69,357,8,3,0,1.077,0.249,0,-1.07,0
2026-07-23T08:44:55+08:00,1.04,69,8,3,1,1.066,0.087,0,0.527,0
2026-07-23T08:50:23+08:00,9.33,57,8,3,0,1.148,1.437,0,-0.894,0
2026-07-23T08:53:01+08:00,1.74,40,8,3,0,1.018,0.096,0,-2.981,0
2026-07-23T09:11:19+08:00,12.78,97,9,3,3,1.063,1.713,0,-0.594,0
2026-07-23T09:29:50+08:00,7.05,371,9,3,0,1.117,2.465,0,-0.033,0
2026-07-23T09:43:20+08:00,5.48,310,9,3,2,1.079,1.892,0,0.411,0
2026-07-23T10:24:13+08:00,3.83,24,10,3,1,1.079,1.006,0,0.232,0
2026-07-23T10:54:57+08:00,3.45,118,10,3,0,1.036,0.624,0,1.089,0
2026-07-23T11:03:31+08:00,3.17,222,11,3,1,1.126,0.747,0,-0.318,0
2026-07-23T11:23:45+08:00,2.49,30,11,3,1,1.004,0.371,0,-0.706,0
2026-07-23T11:31:17+08:00,4.57,469,11,3,3,1.085,0.527,0,1.246,0
2026-07-23T12:04:18+08:00,8.77,751,12,3,0,1.015,2.101,0,-0.389,0
2026-07-23T12:04:41+08:00,6.1,166,12,3,0,1.034,1.432,0,-0.528,0
2026-07-23T12:05:23+08:00,3.14,116,12,3,1,1.023,0.833,0,0.366,0
2026-07-23T12:34:38+08:00,5.85,320,12,3,0,1.047,1.434,0,0.423,0
2026-07-23T12:51:31+08:00,3.68,24,12,3,1,1.026,0.71,0,-0.824,0
2026-07-23T13:39:09+08:00,4.17,347,13,3,2,1.032,1.173,0,0.715,0
2026-07-23T14:07:34+08:00,7.07,113,14,3,0,1.02,1.975,0,-0.576,0
2026-07-23T14:30:28+08:00,3.12,8,14,3,1,1.1,0.615,0,-1.09,0
2026-07-23T14:39:01+08:00,6.18,3493,14,3,3,1.048,0.755,0,-0.825,0
2026-07-23T15:34:09+08:00,7.79,152,15,3,2,1.06,1.847,0,-0.183,0
2026-07-23T16:31:45+08:00,5.28,125,16,3,2,1.057,1.187,0,0.876,0
2026-07-23T16:41:07+08:00,6.55,841,16,3,3,1.038,0.372,0,0.389,0
2026-07-23T17:32:02+08:00,9.84,266,17,3,3,1.09,2.944,0,1.065,0
2026-07-23T17:35:14+08:00,4.65,116,17,3,0,1.065,0.78,0,0.264,0
2026-07-23T17:40:08+08:00,6.4,365,17,3,2,1.136,1.979,0,-0.826,0
2026-07-23T17:53:15+08:00,7.99,91,17,3,0,1.102,1.56,0,0.065,0
2026-07-23T18:08:17+08:00,1.85,10,18,3,1,1.049,0.124,0,0.46,0
2026-07-23T18:21:26+08:00,2.92,63,18,3,1,1.111,0.256,0,0.503,0
2026-07-23T18:26:37+08:00,6.43,101,18,3,2,1.145,1.257,0,-1.56,0
2026-07-23T18:37:17+08:00,5.61,224,18,3,2,1.05,1.26,0,0.387,0
2026-07-23T19:23:04+08:00,2.07,37,19,3,1,1.114,0.468,0,0.944,0
2026-07-23T19:30:16+08:00,8.79,284,19,3,3,1.092,1.955,0,1.537,0
2026-07-23T19:31:31+08:00,6.4,41,19,3,2,1.03,1.149,0,-0.56,0
2026-07-23T19:36:19+08:00,7.49,322,19,3,2,1.02,1.246,0,1.357,0
2026-07-23T19:44:15+08:00,2.68,40,19,3,1,1.068,0.303,0,0.172,0
2026-07-23T19:45:45+08:00,7.2,185,19,3,2,1.02,1.416,0,0.988,0
2026-07-23T20:02:13+08:00,5.0,32,20,3,2,1.12,1.568,0,-0.648,0
2026-07-23T20:11:55+08:00,7.3,53,20,3,2,1.136,1.793,0,0.849,0
2026-07-23T20:23:06+08:00,2.97,57,20,3,1,1.066,0.501,0,-0.42,0
2026-07-23T20:54:21+08:00,14.91,485,20,3,3,1.071,3.093,0,-0.285,0
2026-07-23T21:24:52+08:00,0.3,97,21,3,0,1.037,0.088,0,1.483,0
2026-07-23T22:56:25+08:00,7.37,564,22,3,0,1.077,0.4,1,1.005,0
2026-07-23T23:14:21+08:00,3.67,233,23,3,2,1.134,0.557,1,-0.643,0
2026-07-23T23:57:44+08:00,5.61,24,23,3,2,1.0,1.833,1,-1.942,0
2026-07-24T01:21:17+08:00,6.42,70,1,4,2,1.059,1.719,1,-0.731,0
2026-07-24T05:50:42+08:00,6.56,398,5,4,3,1.045,1.924,0,-0.32,0
2026-07-24T06:08:58+08:00,4.57,223,6,4,2,1.008,0.711,0,0.292,0
2026-07-24T06:10:42+08:00,9.68,284,6,4,3,1.058,3.099,0,2.221,0
2026-07-24T06:12:18+08:00,10.48,427,6,4,3,1.029,1.065,0,0.607,0
2026-07-24T06:16:11+08:00,2.54,43,6,4,1,1.097,0.145,0,-0.234,0
2026-07-24T06:19:00+08:00,6.44,201,6,4,3,1.082,2.102,0,0.663,0
2026-07-24T06:22:19+08:00,7.32,1356,6,4,3,1.025,2.307,0,0.665,0
2026-07-24T07:25:41+08:00,8.76,275,7,4,0,1.004,0.469,0,-2.213,0
2026-07-24T07:30:54+08:00,4.05,13,7,4,1,1.012,1.065,0,2.049,0
2026-07-24T07:50:23+08:00,10.12,660,7,4,3,1.098,0.786,0,-1.252,0
2026-07-24T08:06:56+08:00,7.78,399,8,4,2,1.02,1.538,0,-3.018,0
2026-07-24T08:20:30+08:00,3.56,127,8,4,0,1.0,1.007,0,0.572,0
2026-07-24T08:25:59+08:00,8.68,714,8,4,0,1.141,1.996,0,-0.769,0
2026-07-24T08:34:51+08:00,1.86,99,8,4,0,1.069,0.387,0,1.222,0
2026-07-24T08:47:30+08:00,7.87,58,8,4,2,1.122,2.469,0,0.418,0
2026-07-24T08:48:15+08:00,5.59,331,8,4,2,1.111,0.491,0,0.621,0
2026-07-24T08:53:41+08:00,9.26,343,8,4,3,1.048,1.241,0,-2.279,0
2026-07-24T09:07:28+08:00,3.85,120,9,4,1,1.049,0.206,0,0.525,0
2026-07-24T10:09:26+08:00,8.95,294,10,4,0,1.093,2.368,0,1.152,0
2026-07-24T10:26:21+08:00,8.67,248,10,4,0,1.029,2.827,0,2.555,0
2026-07-24T10:26:41+08:00,5.2,332,10,4,2,1.08,1.794,0,2.095,0
2026-07-24T10:31:12+08:00,5.89,191,10,4,0,1.108,1.098,0,2.185,0
2026-07-24T10:47:11+08:00,7.4,347,10,4,0,1.082,2.564,0,0.029,0
2026-07-24T11:39:19+08:00,13.65,547,11,4,3,1.064,2.293,0,0.533,0
2026-07-24T11:44:56+08:00,2.6,52,11,4,1,1.147,0.318,0,0.808,0
2026-07-24T11:48:10+08:00,4.51,98,11,4,0,1.145,1.241,0,-0.524,0
2026-07-24T11:52:00+08:00,4.2,594,11,4,0,1.048,0.278,0,0.609,0
2026-07-24T12:27:01+08:00,3.88,29,12,4,1,1.149,0.257,0,-0.359,0
2026-07-24T12:28:47+08:00,13.76,781,12,4,3,1.01,2.353,0,1.864,0
2026-07-24T13:22:49+08:00,7.04,249,13,4,2,1.109,1.736,0,-2.107,0
2026-07-24T13:37:21+08:00,1.99,80,13,4,1,1.096,0.381,0,0.776,0
2026-07-24T13:40:06+08:00,7.01,915,13,4,3,1.058,1.264,0,-0.879,0
2026-07-24T13:42:13+08:00,9.77,79,13,4,0,1.036,2.686,0,0.085,0
2026-07-24T14:15:44+08:00,7.14,125,14,4,2,1.006,1.651,0,0.737,0
2026-07-24T14:38:36+08:00,30.7,25,14,4,3,0.983,10.526,0,5.714,1
2026-07-24T16:36:19+08:00,7.93,1372,16,4,3,1.049,1.819,0,-0.354,0
2026-07-24T17:29:45+08:00,4.87,159,17,4,2,1.035,1.416,0,-1.37,0
2026-07-24T17:37:17+08:00,3.06,241,17,4,0,1.089,0.48,0,-0.238,0
2026-07-24T17:39:22+08:00,7.67,151,17,4,0,1.086,1.413,0,0.71,0
2026-07-24T17:39:28+08:00,2.59,28,17,4,1,1.069,0.826,0,-0.238,0
2026-07-24T17:48:26+08:00,1.77,15,17,4,1,1.02,0.492,0,0.936,0
2026-07-24T18:22:35+08:00,9.14,133,18,4,2,1.084,0.539,0,0.031,0
2026-07-24T18:44:46+08:00,10.46,206,18,4,3,1.048,1.548,0,-2.658,0
2026-07-24T18:56:05+08:00,8.87,263,18,4,2,1.136,1.967,0,-1.331,0
2026-07-24T18:56:07+08:00,6.41,165,18,4,2,1.115,1.984,0,-2.903,0
2026-07-24T18:56:40+08:00,3.2,81,18,4,2,1.14,1.088,0,-0.984,0
2026-07-24T18:59:57+08:00,6.62,183,18,4,2,1.129,0.401,0,-0.198,0
2026-07-24T19:03:42+08:00,10.78,245,19,4,3,1.002,3.675,0,-0.891,0
2026-07-24T20:32:56+08:00,3.73,65,20,4,1,1.114,0.732,0,2.338,0
2026-07-24T20:51:32+08:00,1.98,22,20,4,1,1.093,0.188,0,-0.907,0
2026-07-24T20:54:08+08:00,7.47,818,20,4,2,1.038,1.324,0,-0.541,0
2026-07-24T21:52:51+08:00,36.49,52,21,4,2,0.8,20.078,0,2.797,1
2026-07-24T22:09:53+08:00,6.79,107,22,4,2,1.084,0.631,1,0.926,0
2026-07-24T22:25:33+08:00,6.47,552,22,4,3,1.15,1.383,1,-1.003,0
2026-07-24T22:27:58+08:00,3.26,90,22,4,0,1.034,0.326,1,0.814,0
2026-07-24T22:38:59+08:00,6.09,190,22,4,2,1.038,0.784,1,2.151,0
2026-07-24T22:43:17+08:00,8.5,328,22,4,2,1.091,0.847,1,-1.83,0
2026-07-24T23:05:22+08:00,5.17,193,23,4,2,1.123,1.241,1,-0.986,0
2026-07-24T23:41:03+08:00,6.13,1130,23,4,3,1.004,2.102,1,0.131,0
2026-07-25T00:01:59+08:00,0.95,9329,0,5,0,3.125,0.018,1,-0.334,1
2026-07-25T00:36:23+08:00,2.91,144,0,5,1,1.136,0.85,1,-0.881,0
2026-07-25T00:43:56+08:00,0.39,20,0,5,1,1.145,0.084,1,0.123,0
2026-07-25T03:50:07+08:00,0.04,47116,3,5,2,1.048,0.0,1,0.145,1
2026-07-25T05:55:36+08:00,8.23,64,5,5,0,1.102,0.799,0,-2.279,0
2026-07-25T06:06:41+08:00,9.42,104,6,5,3,1.065,2.202,0,0.305,0
2026-07-25T06:12:10+08:00,4.3,422,6,5,2,1.103,1.28,0,-0.44,0
2026-07-25T06:12:21+08:00,1.78,42,6,5,1,1.133,0.232,0,1.101,0
2026-07-25T06:36:33+08:00,8.18,342,6,5,3,1.068,2.04,0,1.925,0
2026-07-25T06:41:57+08:00,5.01,173,6,5,2,1.021,0.302,0,-1.801,0
2026-07-25T06:49:18+08:00,6.59,27,6,5,2,1.109,0.795,0,-0.273,0
2026-07-25T06:52:16+08:00,11.27,65,6,5,3,1.049,2.521,0,0.649,0
2026-07-25T06:58:03+08:00,2.66,30,6,5,1,1.034,0.331,0,-0.706,0
2026-07-25T07:05:29+08:00,4.69,31,7,5,2,1.015,1.157,0,-1.431,0
2026-07-25T07:23:47+08:00,5.17,748,7,5,0,1.002,1.029,0,0.799,0
2026-07-25T07:27:07+08:00,12.13,278,7,5,3,1.03,1.573,0,-0.661,0
2026-07-25T07:43:03+08:00,9.44,1152,7,5,0,1.034,2.921,0,0.309,0
2026-07-25T07:52:27+08:00,2.31,25,7,5,1,1.118,0.738,0,-1.736,0
2026-07-25T07:54:26+08:00,5.97,71,7,5,2,1.086,0.652,0,0.467,0
2026-07-25T07:56:38+08:00,8.03,45,7,5,2,1.114,0.533,0,0.553,0
2026-07-25T08:03:07+08:00,7.96,30,8,5,2,1.016,1.412,0,-0.633,0
2026-07-25T08:10:03+08:00,7.76,251,8,5,2,1.052,1.608,0,1.239,0
2026-07-25T08:11:56+08:00,8.96,1031,8,5,3,1.075,0.709,0,-2.125,0
2026-07-25T08:32:06+08:00,7.65,837,8,5,3,1.139,2.135,0,-0.987,0
2026-07-25T09:05:13+08:00,7.77,254,9,5,0,1.076,1.065,0,1.34,0
2026-07-25T09:16:58+08:00,2.23,754,9,5,0,1.086,0.652,0,-0.35,0
2026-07-25T09:23:41+08:00,8.75,498,9,5,3,1.03,0.466,0,2.116,0
2026-07-25T09:52:05+08:00,5.69,113,9,5,0,1.085,1.1,0,1.565,0
2026-07-25T09:53:35+08:00,5.45,335,9,5,0,1.011,1.186,0,-0.678,0
2026-07-25T11:06:41+08:00,7.44,48,11,5,0,1.139,2.578,0,0.098,0
2026-07-25T11:28:08+08:00,2.86,48,11,5,1,1.128,0.712,0,-2.138,0
2026-07-25T11:31:30+08:00,5.09,529,11,5,2,1.019,0.658,0,1.433,0
2026-07-25T11:59:02+08:00,3.72,174,11,5,2,1.142,0.445,0,1.525,0
2026-07-25T12:54:57+08:00,2.69,54,12,5,1,1.127,0.323,0,0.054,0
2026-07-25T13:01:10+08:00,7.33,151,13,5,0,1.038,0.739,0,0.44,0
2026-07-25T13:19:49+08:00,0.97,89,13,5,1,1.14,0.339,0,1.811,0
2026-07-25T13:27:56+08:00,2.01,16,13,5,1,1.028,0.541,0,1.059,0
2026-07-25T14:41:36+08:00,2.4,55,14,5,1,1.093,0.501,0,-1.051,0
2026-07-25T16:21:10+08:00,2.95,21,16,5,1,1.024,0.236,0,-0.748,0
2026-07-25T16:24:38+08:00,0.55,60,16,5,1,1.108,0.174,0,-3.223,0
2026-07-25T16:51:50+08:00,3.35,122,16,5,0,1.138,0.707,0,3.006,0
2026-07-25T18:22:47+08:00,2.02,48,18,5,1,1.089,0.194,0,0.576,0
2026-07-25T18:40:20+08:00,5.15,1050,18,5,3,1.13,0.76,0,1.382,0
2026-07-25T18:44:03+08:00,5.86,53,18,5,2,1.036,0.554,0,1.609,0
2026-07-25T18:59:13+08:00,2.22,499,18,5,2,1.052,0.346,0,-0.508,0
2026-07-25T19:12:15+08:00,6.66,738,19,5,3,1.118,0.781,0,-1.06,0
2026-07-25T19:17:25+08:00,6.71,451,19,5,0,1.025,2.247,0,1.192,0
2026-07-25T19:25:05+08:00,7.56,213,19,5,3,1.091,1.77,0,1.189,0
2026-07-25T19:25:31+08:00,6.3,596,19,5,3,1.018,0.656,0,-0.432,0
2026-07-25T19:27:14+08:00,14.45,218,19,5,3,1.046,1.076,0,0.832,0
2026-07-25T19:35:58+08:00,5.57,61,19,5,2,1.066,1.692,0,1.09,0
2026-07-25T19:42:26+08:00,5.31,243,19,5,2,1.123,0.83,0,-0.644,0
2026-07-25T19:46:36+08:00,7.26,644,19,5,3,1.121,0.492,0,-0.157,0
2026-07-25T20:07:33+08:00,2.2,36,20,5,0,1.098,0.425,0,0.248,0
2026-07-25T20:12:55+08:00,7.57,52,20,5,0,1.111,1.205,0,-1.199,0
2026-07-25T20:16:52+08:00,1.89,16,20,5,1,1.042,0.183,0,2.262,0
2026-07-25T20:19:53+08:00,2.87,96,20,5,1,1.144,0.628,0,-1.955,0
2026-07-25T20:23:55+08:00,5.14,192,20,5,2,1.05,1.789,0,-1.615,0
2026-07-25T20:29:00+08:00,4.41,187,20,5,2,1.086,0.827,0,2.16,0
2026-07-25T20:31:16+08:00,5.74,526,20,5,2,1.066,1.731,0,0.538,0
2026-07-25T20:44:33+08:00,1.87,98,20,5,1,1.078,0.129,0,1.677,0
2026-07-25T20:46:48+08:00,7.76,593,20,5,3,1.089,1.519,0,-1.279,0
2026-07-25T20:50:20+08:00,6.97,274,20,5,3,1.059,2.337,0,-0.441,0
2026-07-25T20:50:43+08:00,9.78,75,20,5,3,1.05,2.734,0,1.849,0
2026-07-25T21:09:47+08:00,7.06,759,21,5,2,1.112,1.675,0,0.55,0
2026-07-25T21:21:15+08:00,6.58,98,21,5,3,1.022,1.712,0,1.1,0
2026-07-25T21:24:11+08:00,8.34,81,21,5,2,1.048,1.668,0,0.685,0
2026-07-25T22:15:30+08:00,2.18,80,22,5,1,1.074,0.121,1,1.914,0
2026-07-25T22:24:06+08:00,6.43,438,22,5,2,1.025,0.58,1,-0.553,0
2026-07-25T22:31:42+08:00,3.89,368,22,5,2,1.117,1.26,1,-0.42,0
2026-07-25T22:44:49+08:00,10.16,212,22,5,3,1.015,0.982,1,-1.068,0
2026-07-26T04:23:50+08:00,0.03,47347,4,6,2,1.05,0.0,1,0.013,1
2026-07-26T04:41:01+08:00,1.1,8363,4,6,0,3.71,0.025,1,-0.11,1
2026-07-26T07:04:51+08:00,8.92,330,7,6,3,1.123,1.546,0,-0.188,0
2026-07-26T07:33:33+08:00,7.53,343,7,6,3,1.051,0.749,0,0.25,0
2026-07-26T07:34:31+08:00,3.56,21,7,6,1,1.106,0.673,0,2.044,0
2026-07-26T07:35:44+08:00,3.86,45,7,6,2,1.14,1.304,0,0.06,0
2026-07-26T07:37:18+08:00,7.56,31,7,6,0,1.071,1.944,0,-0.225,0
2026-07-26T07:49:14+08:00,1.47,68,7,6,1,1.011,0.151,0,-0.391,0
2026-07-26T07:56:58+08:00,9.58,1038,7,6,3,1.129,3.079,0,0.942,0
2026-07-26T08:22:32+08:00,3.74,14,8,6,1,1.148,0.415,0,1.432,0
2026-07-26T08:39:26+08:00,5.11,242,8,6,3,1.101,1.083,0,2.106,0
2026-07-26T09:38:42+08:00,0.65,76,9,6,1,1.064,0.146,0,0.177,0
2026-07-26T10:10:01+08:00,1.8,43,10,6,1,1.014,0.133,0,0.04,0
2026-07-26T10:19:38+08:00,2.71,116,10,6,1,1.085,0.726,0,-1.375,0
2026-07-26T10:27:25+08:00,9.73,520,10,6,3,1.05,0.754,0,2.085,0
2026-07-26T10:44:56+08:00,2.05,47,10,6,1,1.074,0.517,0,1.28,0
2026-07-26T10:58:22+08:00,5.33,546,10,6,2,1.079,0.603,0,-0.788,0
2026-07-26T11:22:46+08:00,5.77,48,11,6,2,1.076,1.339,0,-1.164,0
2026-07-26T11:52:17+08:00,7.9,322,11,6,3,1.004,0.994,0,-1.521,0
2026-07-26T12:34:37+08:00,12.07,189,12,6,0,1.095,1.368,0,0.154,0
2026-07-26T12:44:25+08:00,9.39,476,12,6,0,1.123,1.413,0,1.178,0
2026-07-26T13:02:08+08:00,1.85,11,13,6,1,1.135,0.575,0,0.318,0
2026-07-26T13:15:34+08:00,9.38,1185,13,6,0,1.087,2.617,0,-0.446,0
2026-07-26T13:38:01+08:00,9.9,201,13,6,3,1.082,0.612,0,-0.474,0
2026-07-26T14:13:41+08:00,4.69,277,14,6,0,1.14,1.594,0,-0.646,0
2026-07-26T15:05:12+08:00,9.69,144,15,6,3,1.08,1.133,0,0.65,0
2026-07-26T15:10:26+08:00,7.23,106,15,6,0,1.132,2.053,0,0.518,0
2026-07-26T15:54:28+08:00,5.4,36,15,6,2,1.007,0.907,0,0.077,0
2026-07-26T16:08:41+08:00,4.78,237,16,6,0,1.029,0.911,0,-0.168,0
2026-07-26T16:22:43+08:00,8.94,288,16,6,3,1.148,1.98,0,-0.653,0
2026-07-26T16:49:36+08:00,9.85,328,16,6,3,1.051,2.512,0,1.078,0
2026-07-26T17:03:45+08:00,2.64,68,17,6,1,1.032,0.639,0,0.143,0
2026-07-26T17:11:36+08:00,3.38,12,17,6,1,1.019,0.687,0,-0.756,0
2026-07-26T17:18:46+08:00,4.75,659,17,6,0,1.125,1.567,0,0.654,0
2026-07-26T17:21:12+08:00,7.53,24,17,6,2,1.121,1.906,0,-0.917,0
2026-07-26T17:23:55+08:00,5.34,397,17,6,2,1.109,1.434,0,0.212,0
2026-07-26T17:38:19+08:00,7.7,408,17,6,2,1.116,0.955,0,-0.987,0
2026-07-26T17:42:38+08:00,10.27,356,17,6,3,1.091,1.474,0,-0.5,0
2026-07-26T18:05:27+08:00,2.77,32,18,6,1,1.149,0.383,0,-0.127,0
2026-07-26T18:19:53+08:00,2.25,101,18,6,1,1.136,0.714,0,-1.229,0
2026-07-26T19:07:37+08:00,8.82,565,19,6,3,1.038,2.05,0,-1.029,0
2026-07-26T19:12:28+08:00,8.94,906,19,6,3,1.02,2.063,0,1.425,0
2026-07-26T19:27:23+08:00,1.8,16,19,6,1,1.075,0.132,0,0.692,0
2026-07-26T19:29:02+08:00,10.68,287,19,6,3,1.0,3.45,0,-1.119,0
2026-07-26T19:36:14+08:00,8.56,1606,19,6,3,1.144,2.616,0,0.952,0
2026-07-26T19:39:32+08:00,5.33,315,19,6,0,1.009,0.97,0,0.421,0
2026-07-26T19:50:26+08:00,3.07,23,19,6,1,1.032,0.301,0,-0.839,0
2026-07-26T19:52:29+08:00,2.41,13,19,6,1,1.079,0.446,0,-0.155,0
2026-07-26T20:02:07+08:00,9.25,273,20,6,3,1.047,1.935,0,0.731,0
2026-07-26T20:34:48+08:00,3.89,316,20,6,0,1.074,0.267,0,0.557,0
2026-07-26T20:45:54+08:00,9.55,148,20,6,0,1.008,1.941,0,0.6,0
2026-07-26T20:59:48+08:00,11.24,500,20,6,3,1.029,3.557,0,-0.308,0
2026-07-26T21:20:18+08:00,5.78,458,21,6,3,1.067,0.711,0,2.023,0
2026-07-26T21:29:29+08:00,1.85,339,21,6,0,1.108,0.321,0,1.241,0
2026-07-26T21:34:13+08:00,11.49,677,21,6,3,1.0,3.581,0,0.065,0
2026-07-26T22:11:50+08:00,2.74,994,22,6,2,1.117,0.87,1,-1.175,0
2026-07-26T23:08:08+08:00,8.32,717,23,6,3,1.018,0.992,1,-0.683,0
2026-07-26T23:56:48+08:00,1.92,391,23,6,3,1.122,0.632,1,0.005,0
2026-07-26T23:57:25+08:00,12.52,362,23,6,3,1.097,1.627,1,-1.728,0
2026-07-27T00:16:13+08:00,40.37,38,0,0,3,1.022,14.426,1,3.247,1
2026-07-27T01:47:19+08:00,18.23,1031,1,0,1,1.07,2.441,1,0.329,1
2026-07-27T06:14:47+08:00,5.63,150,6,0,0,1.009,0.504,0,0.592,0
2026-07-27T06:16:25+08:00,3.89,12,6,0,1,1.099,0.866,0,0.394,0
2026-07-27T06:23:24+08:00,1.64,192,6,0,0,1.144,0.496,0,4.082,0
2026-07-27T06:24:18+08:00,1.46,27,6,0,1,1.143,0.133,0,0.818,0
2026-07-27T06:50:50+08:00,8.85,1112,6,0,3,1.121,1.687,0,-0.689,0
2026-07-27T07:07:04+08:00,3.27,68,7,0,1,1.128,0.477,0,-1.381,0
2026-07-27T07:07:05+08:00,2.92,31,7,0,1,1.147,0.561,0,0.332,0
2026-07-27T07:09:13+08:00,7.4,42,7,0,0,1.125,1.586,0,-0.076,0
2026-07-27T07:37:00+08:00,1.18,1182,7,0,2,1.065,0.33,0,3.047,0
2026-07-27T07:37:10+08:00,4.39,79,7,0,2,1.127,0.444,0,2.041,0
2026-07-27T08:00:37+08:00,11.17,72,8,0,3,1.091,3.706,0,-1.475,0
2026-07-27T08:19:08+08:00,7.93,576,8,0,3,1.115,1.084,0,2.217,0
2026-07-27T08:21:27+08:00,13.32,465,8,0,3,1.128,3.88,0,-1.485,0
2026-07-27T08:27:46+08:00,4.2,260,8,0,1,1.076,0.414,0,-0.193,0
2026-07-27T08:30:33+08:00,9.28,260,8,0,0,1.093,2.798,0,0.206,0
2026-07-27T08:57:35+08:00,6.26,147,8,0,2,1.105,1.96,0,-0.005,0
2026-07-27T09:00:10+08:00,4.4,38,9,0,2,1.002,0.746,0,-2.155,0
2026-07-27T09:29:37+08:00,2.51,37,9,0,1,1.093,0.201,0,-2.933,0
2026-07-27T09:47:33+08:00,1.48,53,9,0,2,1.097,0.322,0,0.976,0
2026-07-27T09:55:52+08:00,3.75,20,9,0,1,1.051,0.332,0,0.888,0
2026-07-27T10:03:57+08:00,5.61,89,10,0,2,1.012,1.744,0,1.555,0
2026-07-27T10:21:00+08:00,2.81,41,10,0,1,1.05,0.535,0,-0.811,0
2026-07-27T10:36:18+08:00,0.52,91,10,0,1,1.15,0.061,0,0.43,0
2026-07-27T10:37:09+08:00,2.33,361,10,0,0,1.071,0.551,0,1.1,0
2026-07-27T10:45:08+08:00,10.88,141,10,0,3,1.123,3.519,0,-1.326,0
2026-07-27T10:53:38+08:00,3.73,118,10,0,1,1.058,0.747,0,-0.237,0
2026-07-27T11:35:51+08:00,5.39,115,11,0,2,1.051,0.834,0,-0.091,0
2026-07-27T11:57:54+08:00,6.68,857,11,0,2,1.123,0.633,0,-1.743,0
2026-07-27T12:08:13+08:00,4.2,140,12,0,2,1.037,0.438,0,-1.997,0
2026-07-27T12:25:22+08:00,7.08,39,12,0,2,1.121,0.387,0,-0.766,0
2026-07-27T13:31:54+08:00,7.19,951,13,0,3,1.1,1.848,0,-0.189,0
2026-07-27T13:36:50+08:00,7.19,199,13,0,0,1.071,1.001,0,-0.434,0
2026-07-27T14:05:41+08:00,0.54,25,14,0,1,1.111,0.094,0,1.222,0
2026-07-27T15:14:36+08:00,8.07,106,15,0,2,1.001,1.168,0,-0.531,0
2026-07-27T15:36:21+08:00,4.77,1185,15,0,0,1.129,1.596,0,0.86,0
2026-07-27T16:08:38+08:00,8.13,135,16,0,2,1.032,2.565,0,-1.382,0
2026-07-27T16:26:37+08:00,7.22,1402,16,0,3,1.087,2.4,0,1.282,0
2026-07-27T16:38:56+08:00,7.58,69,16,0,0,1.089,1.528,0,-0.351,0
2026-07-27T16:39:01+08:00,4.64,36,16,0,2,1.045,0.528,0,0.669,0
2026-07-27T16:43:03+08:00,1.93,154,16,0,2,1.02,0.57,0,-0.975,0
2026-07-27T17:00:43+08:00,10.24,148,17,0,3,1.079,2.401,0,0.37,0
2026-07-27T17:04:55+08:00,9.39,108,17,0,2,1.007,1.769,0,0.558,0
2026-07-27T17:31:44+08:00,8.4,659,17,0,3,1.13,1.994,0,0.587,0
2026-07-27T17:33:12+08:00,5.63,110,17,0,2,1.052,1.396,0,-1.573,0
2026-07-27T18:57:46+08:00,10.02,1113,18,0,3,1.042,1.098,0,-1.845,0
2026-07-27T19:07:10+08:00,7.83,915,19,0,3,1.083,0.729,0,0.102,0
2026-07-27T19:14:36+08:00,8.87,54,19,0,0,1.012,0.83,0,-0.817,0
2026-07-27T19:21:13+08:00,5.52,397,19,0,2,1.1,0.909,0,-1.119,0
2026-07-27T19:58:58+08:00,2.27,131,19,0,1,1.106,0.142,0,-1.708,0
2026-07-27T20:03:25+08:00,5.22,251,20,0,2,1.048,1.139,0,1.26,0
2026-07-27T20:04:57+08:00,1.94,944,20,0,3,1.079,0.643,0,-1.677,0
2026-07-27T20:09:47+08:00,7.34,247,20,0,2,1.094,2.411,0,0.299,0
2026-07-27T20:15:54+08:00,6.08,141,20,0,3,1.037,2.079,0,1.187,0
2026-07-27T20:19:38+08:00,3.85,290,20,0,0,1.108,0.231,0,-0.26,0
2026-07-27T20:20:40+08:00,5.72,158,20,0,0,1.123,1.307,0,-0.6,0
2026-07-27T20:23:36+08:00,3.55,25,20,0,1,1.105,0.315,0,0.692,0
2026-07-27T20:39:41+08:00,2.68,40,20,0,1,1.066,0.846,0,-0.52,0
2026-07-27T20:50:09+08:00,3.29,18,20,0,1,1.13,1.086,0,0.221,0
2026-07-27T21:34:19+08:00,6.63,46,21,0,0,1.016,0.792,0,-0.765,0
2026-07-27T21:42:28+08:00,2.23,119,21,0,0,1.066,0.38,0,1.283,0
2026-07-27T22:17:42+08:00,10.35,439,22,0,3,1.1,2.141,1,-0.752,0
2026-07-27T22:56:35+08:00,1.47,120,22,0,1,1.135,0.095,1,0.194,0
2026-07-27T23:41:54+08:00,3.15,69,23,0,2,1.04,0.368,1,0.166,0
2026-07-28T06:06:06+08:00,2.7,71,6,1,1,1.037,0.721,0,-0.554,0
2026-07-28T06:11:26+08:00,4.15,138,6,1,2,1.088,0.261,0,-0.15,0
2026-07-28T06:11:33+08:00,1.67,497,6,1,0,1.006,0.447,0,1.723,0
2026-07-28T06:16:01+08:00,7.45,105,6,1,2,1.087,0.685,0,-1.308,0
2026-07-28T06:37:26+08:00,6.55,75,6,1,2,1.091,0.736,0,-0.656,0
2026-07-28T06:47:20+08:00,6.08,288,6,1,2,1.069,0.803,0,2.04,0
2026-07-28T06:57:36+08:00,4.85,165,6,1,2,1.021,1.154,0,2.779,0
2026-07-28T06:58:39+08:00,2.61,35,6,1,1,1.055,0.837,0,0.946,0
2026-07-28T07:04:14+08:00,6.53,103,7,1,2,1.009,0.445,0,-0.493,0
2026-07-28T07:08:14+08:00,4.9,364,7,1,0,1.07,0.819,0,3.19,0
2026-07-28T07:22:14+08:00,3.38,146,7,1,0,1.023,0.615,0,2.445,0
2026-07-28T07:27:50+08:00,4.08,16,7,1,1,1.147,0.583,0,0.501,0
2026-07-28T07:41:10+08:00,2.78,8,7,1,1,1.066,0.581,0,-0.705,0
2026-07-28T08:47:19+08:00,9.42,591,8,1,3,1.003,0.65,0,0.31,0
2026-07-28T08:52:12+08:00,5.84,434,8,1,2,1.087,0.882,0,0.724,0
2026-07-28T08:56:27+08:00,9.16,119,8,1,0,1.033,0.742,0,-0.386,0
2026-07-28T09:14:36+08:00,6.39,298,9,1,0,1.016,0.328,0,0.939,0
2026-07-28T09:19:39+08:00,2.62,33,9,1,1,1.028,0.468,0,-0.528,0
2026-07-28T09:27:48+08:00,6.71,49,9,1,2,1.037,1.567,0,-2.083,0
2026-07-28T10:02:11+08:00,2.96,80,10,1,1,1.027,0.525,0,0.696,0
2026-07-28T10:11:58+08:00,2.6,359,10,1,2,1.022,0.189,0,0.508,0
2026-07-28T10:26:13+08:00,6.97,230,10,1,2,1.038,1.79,0,0.863,0
2026-07-28T10:42:21+08:00,7.37,92,10,1,3,1.106,1.005,0,1.045,0
2026-07-28T11:00:33+08:00,8.69,326,11,1,3,1.076,3.017,0,1.496,0
2026-07-28T11:38:40+08:00,7.56,264,11,1,2,1.058,2.024,0,0.104,0
2026-07-28T11:39:30+08:00,4.17,15,11,1,1,1.034,1.219,0,2.109,0
2026-07-28T11:51:16+08:00,3.13,105,11,1,1,1.115,0.485,0,-1.486,0
2026-07-28T11:53:06+08:00,4.65,642,11,1,2,1.066,1.032,0,-1.028,0
2026-07-28T11:53:33+08:00,7.24,101,11,1,2,1.085,1.595,0,0.477,0
2026-07-28T12:43:05+08:00,2.98,33,12,1,1,1.095,0.878,0,-0.155,0
2026-07-28T12:58:24+08:00,6.46,352,12,1,3,1.022,0.597,0,-0.764,0
2026-07-28T13:13:38+08:00,2.24,138,13,1,1,1.146,0.235,0,1.151,0
2026-07-28T13:40:10+08:00,5.82,139,13,1,0,1.08,1.347,0,-0.072,0
2026-07-28T14:14:09+08:00,5.63,118,14,1,0,1.003,1.039,0,1.816,0
2026-07-28T14:53:46+08:00,3.97,60,14,1,2,1.073,0.958,0,-1.352,0
2026-07-28T15:10:09+08:00,6.0,74,15,1,0,1.103,1.632,0,-1.23,0
2026-07-28T15:24:29+08:00,6.89,770,15,1,3,1.146,0.516,0,2.73,0
2026-07-28T15:51:28+08:00,5.24,501,15,1,2,1.071,1.273,0,1.472,0
2026-07-28T16:06:32+08:00,2.87,14,16,1,1,1.14,0.876,0,1.335,0
2026-07-28T16:59:30+08:00,2.1,57,16,1,2,1.028,0.222,0,0.49,0
2026-07-28T17:14:08+08:00,6.18,181,17,1,0,1.056,1.407,0,-2.267,0
2026-07-28T17:20:19+08:00,6.18,248,17,1,0,1.064,0.968,0,-0.106,0
2026-07-28T17:22:28+08:00,0.87,337,17,1,2,1.115,0.16,0,-1.259,0
2026-07-28T17:25:16+08:00,0.91,42,17,1,1,1.11,0.091,0,-2.33,0
2026-07-28T17:27:03+08:00,2.76,12,17,1,1,1.098,0.345,0,-0.914,0
2026-07-28T17:40:22+08:00,1.09,60,17,1,0,1.032,0.164,0,0.067,0
2026-07-28T17:57:24+08:00,10.27,295,17,1,3,1.066,2.548,0,-0.617,0
2026-07-28T18:02:37+08:00,4.85,71,18,1,0,1.011,0.61,0,-0.243,0
2026-07-28T18:08:53+08:00,8.46,801,18,1,3,1.093,2.595,0,-0.258,0
2026-07-28T18:57:46+08:00,5.89,600,18,1,0,1.107,0.327,0,0.826,0
2026-07-28T18:58:09+08:00,5.41,168,18,1,3,1.025,0.708,0,-0.609,0
2026-07-28T19:04:01+08:00,2.64,20,19,1,1,1.033,0.161,0,-0.327,0
2026-07-28T19:07:41+08:00,2.36,81,19,1,1,1.089,0.238,0,-0.719,0
2026-07-28T19:07:57+08:00,3.91,22,19,1,1,1.009,1.066,0,-0.522,0
2026-07-28T19:10:54+08:00,6.78,29,19,1,2,1.099,1.976,0,-2.235,0
2026-07-28T19:34:18+08:00,10.24,322,19,1,3,1.023,1.28,0,2.076,0
2026-07-28T19:54:29+08:00,4.3,333,19,1,2,1.017,0.259,0,0.194,0
2026-07-28T20:00:13+08:00,8.14,91,20,1,3,1.085,1.809,0,-0.565,0
2026-07-28T20:03:22+08:00,4.75,311,20,1,0,1.109,1.424,0,1.83,0
2026-07-28T20:23:41+08:00,14.46,274,20,1,3,1.148,3.403,0,1.187,0
2026-07-28T20:52:59+08:00,3.59,49,20,1,1,1.114,1.237,0,0.987,0
2026-07-28T21:35:44+08:00,4.06,100,21,1,0,1.122,0.41,0,-0.475,0
2026-07-28T21:37:31+08:00,6.2,267,21,1,2,1.097,0.912,0,-1.693,0
2026-07-28T22:33:34+08:00,8.79,246,22,1,0,1.062,1.674,1,-0.54,0
2026-07-28T22:49:11+08:00,1.66,153,22,1,1,1.07,0.468,1,0.658,0
2026-07-28T23:33:47+08:00,1.8,660,23,1,0,1.068,0.173,1,0.036,0
2026-07-29T03:19:02+08:00,43.8,47,3,2,3,0.97,24.082,1,5.23,1
2026-07-29T04:18:02+08:00,5.78,86,4,2,2,1.039,1.983,1,1.267,0
2026-07-29T06:02:00+08:00,1.96,39,6,2,2,1.107,0.516,0,0.163,0
2026-07-29T06:05:01+08:00,6.5,773,6,2,0,1.086,1.921,0,0.317,0
2026-07-29T06:27:12+08:00,1.38,60,6,2,1,1.048,0.271,0,1.827,0
2026-07-29T06:28:41+08:00,4.25,25,6,2,2,1.069,1.212,0,-0.979,0
2026-07-29T06:38:10+08:00,6.09,34,6,2,2,1.105,0.966,0,0.093,0
2026-07-29T06:40:28+08:00,2.4,18,6,2,1,1.123,0.228,0,-0.829,0
2026-07-29T06:42:44+08:00,3.85,29,6,2,1,1.062,1.221,0,0.429,0
2026-07-29T07:17:34+08:00,8.09,55,7,2,2,1.005,0.656,0,-0.409,0
2026-07-29T07:25:10+08:00,4.35,535,7,2,2,1.013,1.377,0,0.374,0
2026-07-29T07:31:12+08:00,1.76,273,7,2,2,1.027,0.478,0,-1.08,0
2026-07-29T07:31:29+08:00,10.61,275,7,2,3,1.102,2.497,0,-1.434,0
2026-07-29T07:32:31+08:00,6.07,20,7,2,2,1.01,1.505,0,-0.381,0
2026-07-29T07:46:56+08:00,2.55,20,7,2,1,1.107,0.137,0,0.76,0
2026-07-29T07:50:58+08:00,5.72,121,7,2,2,1.041,1.108,0,-0.585,0
2026-07-29T07:54:51+08:00,5.91,33,7,2,2,1.056,1.661,0,-0.841,0
2026-07-29T08:16:03+08:00,0.61,4001,8,2,0,2.778,0.016,0,0.223,1
2026-07-29T08:18:10+08:00,6.67,508,8,2,0,1.047,1.441,0,-1.151,0
2026-07-29T08:24:20+08:00,1.85,160,8,2,1,1.079,0.608,0,-1.176,0
2026-07-29T08:33:54+08:00,4.27,278,8,2,2,1.082,0.893,0,-0.351,0
2026-07-29T08:58:03+08:00,6.79,112,8,2,3,1.02,1.582,0,-2.027,0
2026-07-29T08:58:03+08:00,2.63,38,8,2,1,1.041,0.335,0,-0.864,0
2026-07-29T09:21:53+08:00,3.17,367,9,2,0,1.063,0.903,0,-0.395,0
2026-07-29T09:35:05+08:00,5.92,85,9,2,0,1.051,1.736,0,2.659,0
2026-07-29T10:33:56+08:00,4.54,108,10,2,0,1.126,1.061,0,0.843,0
2026-07-29T11:16:42+08:00,9.64,237,11,2,3,1.13,2.67,0,-0.623,0
2026-07-29T11:37:58+08:00,8.23,987,11,2,0,1.136,0.524,0,0.236,0
2026-07-29T11:47:55+08:00,1.97,26,11,2,1,1.136,0.136,0,-2.23,0
2026-07-29T12:04:35+08:00,10.28,161,12,2,3,1.001,0.528,0,1.69,0
2026-07-29T12:10:13+08:00,8.18,213,12,2,3,1.103,2.488,0,-0.557,0
2026-07-29T12:26:08+08:00,6.92,53,12,2,0,1.145,2.008,0,0.702,0
2026-07-29T12:34:49+08:00,6.73,120,12,2,0,1.021,0.543,0,0.248,0
2026-07-29T12:39:16+08:00,7.27,492,12,2,0,1.068,1.132,0,1.486,0
2026-07-29T12:43:35+08:00,3.77,59,12,2,1,1.057,1.143,0,-0.4,0
2026-07-29T12:58:35+08:00,2.87,53,12,2,1,1.12,0.502,0,1.177,0
2026-07-29T13:49:25+08:00,6.29,240,13,2,0,1.04,0.856,0,-1.095,0
2026-07-29T14:30:38+08:00,3.42,450,14,2,0,1.024,0.248,0,-0.605,0
2026-07-29T14:43:47+08:00,10.28,459,14,2,3,1.046,2.111,0,-1.641,0
2026-07-29T14:45:35+08:00,9.81,250,14,2,0,1.041,2.143,0,-1.13,0
2026-07-29T15:13:39+08:00,4.54,180,15,2,2,1.009,1.276,0,0.828,0
2026-07-29T15:20:13+08:00,2.41,34,15,2,1,1.035,0.54,0,0.51,0
2026-07-29T15:42:13+08:00,6.73,107,15,2,2,1.141,0.645,0,0.898,0
2026-07-29T15:58:10+08:00,1.8,304,15,2,3,1.119,0.458,0,1.724,0
2026-07-29T16:32:28+08:00,6.26,1175,16,2,3,1.099,0.854,0,0.092,0
2026-07-29T17:08:41+08:00,2.19,127,17,2,1,1.125,0.131,0,0.758,0
2026-07-29T17:12:52+08:00,4.84,421,17,2,0,1.129,1.652,0,-1.257,0
2026-07-29T17:13:37+08:00,5.73,150,17,2,2,1.067,1.704,0,-0.812,0
2026-07-29T17:23:08+08:00,4.88,290,17,2,2,1.087,0.602,0,-2.179,0
2026-07-29T17:38:17+08:00,5.1,202,17,2,2,1.003,1.09,0,0.491,0
2026-07-29T17:47:24+08:00,9.77,171,17,2,3,1.102,0.495,0,-0.84,0
2026-07-29T17:48:48+08:00,2.99,22,17,2,1,1.094,0.546,0,0.488,0
2026-07-29T17:49:29+08:00,4.53,220,17,2,2,1.093,0.373,0,1.441,0
2026-07-29T17:59:35+08:00,0.4,52,17,2,1,1.019,0.079,0,0.717,0
2026-07-29T18:00:00+08:00,12.31,353,18,2,3,1.114,1.025,0,1.095,0
2026-07-29T18:00:13+08:00,5.25,286,18,2,2,1.017,0.555,0,0.118,0
2026-07-29T18:20:21+08:00,2.51,21,18,2,1,1.03,0.817,0,-0.076,0
2026-07-29T18:23:20+08:00,5.04,669,18,2,0,1.127,1.118,0,0.649,0
2026-07-29T18:41:55+08:00,6.6,847,18,2,3,1.076,1.509,0,-0.248,0
2026-07-29T18:45:05+08:00,4.92,26,18,2,2,1.024,0.652,0,-0.588,0
2026-07-29T18:54:52+08:00,7.06,371,18,2,0,1.141,1.527,0,-1.542,0
2026-07-29T19:37:22+08:00,6.5,349,19,2,3,1.026,2.014,0,0.58,0
2026-07-29T19:58:02+08:00,6.24,476,19,2,0,1.051,0.949,0,1.496,0
2026-07-29T19:58:47+08:00,11.7,390,19,2,3,1.1,2.251,0,-0.211,0
2026-07-29T20:38:18+08:00,7.52,222,20,2,0,1.081,2.169,0,2.095,0
2026-07-29T20:46:55+08:00,10.17,779,20,2,3,1.128,2.211,0,2.79,0
2026-07-29T21:10:48+08:00,11.82,505,21,2,3,1.055,1.159,0,-0.068,0
2026-07-29T22:02:16+08:00,4.09,112,22,2,2,1.111,0.673,1,0.095,0
2026-07-29T22:53:23+08:00,8.19,96,22,2,0,1.043,1.284,1,-0.268,0
2026-07-29T22:58:52+08:00,5.87,325,22,2,0,1.086,0.871,1,-2.715,0
2026-07-29T23:30:29+08:00,11.65,691,23,2,3,1.132,0.77,1,-0.937,0
2026-07-29T23:44:57+08:00,3.37,34,23,2,1,1.059,0.754,1,0.595,0
2026-07-30T03:24:24+08:00,1.83,31,3,3,1,1.046,0.138,1,0.269,0
2026-07-30T06:19:20+08:00,10.72,320,6,3,3,1.136,1.166,0,0.638,0
2026-07-30T06:25:18+08:00,2.6,105,6,3,2,1.051,0.818,0,0.48,0
2026-07-30T06:30:10+08:00,1.76,116,6,3,2,1.0,0.222,0,-0.773,0
2026-07-30T06:40:19+08:00,2.37,72,6,3,1,1.048,0.797,0,0.38,0
2026-07-30T06:48:17+08:00,4.16,480,6,3,0,1.125,0.597,0,-1.259,0
2026-07-30T07:11:21+08:00,5.14,47,7,3,2,1.072,0.575,0,-0.114,0
2026-07-30T07:19:35+08:00,10.42,193,7,3,3,1.025,0.535,0,1.815,0
2026-07-30T07:32:05+08:00,10.66,133,7,3,3,1.046,2.705,0,-1.033,0
2026-07-30T07:43:12+08:00,2.76,36,7,3,1,1.042,0.574,0,-0.596,0
2026-07-30T07:43:45+08:00,6.91,236,7,3,2,1.048,0.369,0,0.964,0
2026-07-30T07:44:31+08:00,1.78,41,7,3,0,1.094,0.267,0,-0.011,0
2026-07-30T08:22:33+08:00,5.1,241,8,3,2,1.096,1.016,0,0.124,0
2026-07-30T08:26:59+08:00,8.49,62,8,3,0,1.142,2.026,0,-1.346,0
2026-07-30T08:51:18+08:00,1.95,117,8,3,1,1.083,0.443,0,1.419,0
2026-07-30T09:11:18+08:00,1.88,25,9,3,1,1.085,0.416,0,-0.306,0
2026-07-30T10:01:27+08:00,7.49,281,10,3,3,1.082,0.973,0,2.226,0
2026-07-30T10:02:19+08:00,6.85,773,10,3,2,1.008,1.411,0,-0.321,0
2026-07-30T10:04:31+08:00,3.2,237,10,3,1,1.082,1.03,0,0.694,0
2026-07-30T10:06:18+08:00,6.72,99,10,3,2,1.142,1.016,0,0.248,0
2026-07-30T11:23:03+08:00,2.65,134,11,3,0,1.13,0.469,0,-0.01,0
2026-07-30T11:42:30+08:00,11.03,452,11,3,3,1.145,1.262,0,-0.327,0
2026-07-30T11:47:04+08:00,5.93,554,11,3,3,1.065,1.86,0,-0.543,0
2026-07-30T11:47:45+08:00,4.23,54,11,3,0,1.062,1.049,0,-0.724,0
2026-07-30T11:48:43+08:00,5.25,313,11,3,2,1.076,0.721,0,-0.628,0
2026-07-30T12:15:06+08:00,4.59,317,12,3,0,1.118,0.512,0,0.643,0
2026-07-30T12:59:14+08:00,8.15,386,12,3,0,1.016,1.671,0,0.153,0
2026-07-30T13:07:09+08:00,5.57,169,13,3,0,1.083,1.473,0,2.367,0
2026-07-30T13:58:52+08:00,10.21,163,13,3,3,1.107,2.387,0,2.348,0
2026-07-30T14:05:45+08:00,2.06,44,14,3,1,1.084,0.296,0,0.68,0
2026-07-30T14:06:23+08:00,7.26,288,14,3,2,1.1,0.888,0,0.49,0
2026-07-30T14:48:49+08:00,10.03,131,14,3,3,1.063,2.852,0,0.071,0
2026-07-30T14:57:09+08:00,8.93,258,14,3,2,1.038,1.763,0,0.145,0
2026-07-30T15:34:11+08:00,4.73,345,15,3,0,1.145,0.629,0,1.153,0
2026-07-30T16:02:30+08:00,5.25,123,16,3,0,1.125,1.218,0,2.309,0
2026-07-30T16:20:00+08:00,2.94,173,16,3,1,1.091,0.337,0,0.109,0
2026-07-30T16:32:39+08:00,4.69,213,16,3,2,1.098,0.498,0,0.213,0
2026-07-30T16:40:07+08:00,3.71,32,16,3,1,1.052,0.627,0,0.708,0
2026-07-30T16:53:56+08:00,1.9,6258,16,3,0,2.253,0.042,0,-0.279,1
2026-07-30T17:32:50+08:00,3.11,65,17,3,1,1.066,0.562,0,0.926,0
2026-07-30T17:48:58+08:00,2.07,61,17,3,1,1.14,0.414,0,1.323,0
2026-07-30T18:13:45+08:00,8.13,1145,18,3,3,1.069,1.096,0,-0.083,0
2026-07-30T18:21:17+08:00,9.3,167,18,3,0,1.1,0.705,0,0.424,0
2026-07-30T18:39:41+08:00,0.93,100,18,3,1,1.033,0.195,0,-0.568,0
2026-07-30T18:40:24+08:00,10.88,594,18,3,3,1.116,2.879,0,0.935,0
2026-07-30T18:48:19+08:00,6.42,110,18,3,0,1.055,1.842,0,-0.079,0
2026-07-30T19:01:24+08:00,2.91,16,19,3,1,1.131,0.459,0,-1.552,0
2026-07-30T19:06:39+08:00,8.97,73,19,3,3,1.106,1.4,0,-0.032,0
2026-07-30T19:14:45+08:00,3.78,22,19,3,2,1.118,0.915,0,1.152,0
2026-07-30T19:36:52+08:00,7.37,126,19,3,2,1.134,1.491,0,1.377,0
2026-07-30T19:49:23+08:00,10.79,1130,19,3,3,1.1,2.38,0,-0.618,0
2026-07-30T20:02:35+08:00,6.66,47,20,3,2,1.109,0.695,0,-0.513,0
2026-07-30T20:05:54+08:00,5.67,42,20,3,2,1.07,0.918,0,-0.794,0
2026-07-30T20:08:24+08:00,0.36,10,20,3,1,1.001,0.079,0,0.962,0
2026-07-30T20:10:55+08:00,2.06,8,20,3,1,1.095,0.21,0,0.403,0
2026-07-30T20:11:04+08:00,5.82,275,20,3,0,1.088,0.834,0,-1.095,0
2026-07-30T20:11:06+08:00,1.69,139,20,3,0,1.011,0.282,0,-0.626,0
2026-07-30T20:25:21+08:00,2.53,43,20,3,1,1.017,0.54,0,0.958,0
2026-07-30T20:25:25+08:00,5.61,384,20,3,2,1.061,0.893,0,0.092,0
2026-07-30T20:28:58+08:00,7.25,357,20,3,3,1.007,1.726,0,-0.001,0
2026-07-30T20:33:38+08:00,7.3,132,20,3,2,1.137,1.733,0,-0.098,0
2026-07-30T20:43:17+08:00,7.76,124,20,3,2,1.016,0.92,0,-1.634,0
2026-07-30T20:47:35+08:00,5.36,922,20,3,2,1.032,0.683,0,1.032,0
2026-07-30T21:36:14+08:00,9.35,100,21,3,3,1.052,1.954,0,-1.651,0
2026-07-30T22:14:10+08:00,6.92,549,22,3,3,1.141,0.894,1,0.166,0
2026-07-30T22:20:40+08:00,2.65,81,22,3,1,1.002,0.35,1,-1.02,0
2026-07-30T22:28:56+08:00,7.62,130,22,3,0,1.11,1.351,1,3.174,0
2026-07-30T22:39:27+08:00,0.75,56,22,3,1,1.049,0.254,1,0.742,0
2026-07-30T22:44:14+08:00,8.25,755,22,3,0,1.014,2.379,1,1.592,0
2026-07-30T23:02:03+08:00,3.32,208,23,3,0,1.027,0.495,1,1.117,0
2026-07-30T23:51:32+08:00,5.54,94,23,3,2,1.035,0.4,1,-0.893,0
