timestamp,flow_rate,duration_seconds,hour_of_day,day_of_week,fixture_id,inlet_ratio,rate_variance,is_night_time,pulse_trend,label
2026-07-01T01:43:11+08:00,6.9,128,1,2,3,1.138,1.606,1,2.342,0
2026-07-01T02:34:38+08:00,23.73,423,2,2,2,1.018,1.23,1,0.146,2
2026-07-01T03:04:29+08:00,0.11,1714,3,2,2,1.057,0.005,1,-0.286,1
2026-07-01T04:09:43+08:00,0.11,747,4,2,1,1.012,0.003,1,-0.145,1
2026-07-01T04:13:02+08:00,6.17,487,4,2,2,1.067,0.994,1,-0.154,0
2026-07-01T05:04:16+08:00,0.44,5637,5,2,2,1.078,0.016,0,-0.08,1
2026-07-01T06:09:50+08:00,8.69,221,6,2,2,1.001,2.805,0,-1.51,0
2026-07-01T06:18:28+08:00,6.44,160,6,2,0,1.021,1.368,0,-0.517,0
2026-07-01T06:37:15+08:00,4.3,28,6,2,2,1.074,0.825,0,-2.344,0
2026-07-01T06:39:59+08:00,9.02,38,6,2,2,1.013,2.715,0,-0.992,0
2026-07-01T06:59:04+08:00,12.77,1227,6,2,3,1.055,3.482,0,0.358,0
2026-07-01T07:26:09+08:00,8.28,241,7,2,0,1.073,2.098,0,-1.396,0
2026-07-01T07:31:59+08:00,7.91,170,7,2,2,1.119,1.219,0,1.492,0
2026-07-01T07:41:46+08:00,1.77,31,7,2,1,1.047,0.295,0,0.721,0
2026-07-01T07:45:19+08:00,24.7,175,7,2,3,1.136,1.217,0,0.713,2
2026-07-01T07:53:50+08:00,0.48,2398,7,2,1,1.039,0.008,0,0.003,1
2026-07-01T07:59:19+08:00,4.05,41,7,2,2,1.123,1.376,0,-1.243,0
2026-07-01T08:09:23+08:00,1.85,60,8,2,0,1.025,0.539,0,0.351,0
2026-07-01T08:13:30+08:00,9.92,161,8,2,3,1.122,2.567,0,0.338,0
2026-07-01T08:19:30+08:00,5.93,138,8,2,2,1.027,1.917,0,1.514,0
2026-07-01T08:19:58+08:00,8.18,111,8,2,0,1.128,1.645,0,-1.178,0
2026-07-01T08:22:05+08:00,1.08,49,8,2,1,1.092,0.247,0,-0.147,0
2026-07-01T08:23:00+08:00,2.31,26,8,2,1,1.111,0.258,0,-2.949,0
2026-07-01T08:25:30+08:00,5.62,1191,8,2,3,1.023,1.876,0,0.887,0
2026-07-01T08:26:01+08:00,8.32,84,8,2,0,1.037,2.685,0,0.352,0
2026-07-01T08:58:58+08:00,5.59,54,8,2,2,1.121,1.194,0,0.414,0
2026-07-01T09:03:17+08:00,18.95,330,9,2,2,1.157,0.347,0,0.017,2
2026-07-01T09:14:54+08:00,1.66,41,9,2,1,1.147,0.406,0,-1.592,0
2026-07-01T09:21:58+08:00,20.85,554,9,2,1,1.022,1.103,0,0.347,2
2026-07-01T09:50:09+08:00,5.25,60,9,2,0,1.046,0.852,0,1.415,0
2026-07-01T10:05:19+08:00,2.38,392,10,2,0,1.109,0.539,0,1.269,0
2026-07-01T10:31:32+08:00,2.74,596,10,2,3,1.065,0.856,0,-0.809,0
2026-07-01T10:45:21+08:00,3.55,28,10,2,1,1.117,0.308,0,0.774,0
2026-07-01T10:56:59+08:00,0.38,6891,10,2,2,1.11,0.017,0,0.325,1
2026-07-01T11:12:12+08:00,4.7,169,11,2,0,1.095,1.52,0,-0.224,0
2026-07-01T11:33:37+08:00,7.95,48,11,2,2,1.046,1.215,0,-1.37,0
2026-07-01T11:35:55+08:00,7.39,461,11,2,2,1.119,1.987,0,1.42,0
2026-07-01T11:36:30+08:00,6.42,271,11,2,0,1.125,0.779,0,-0.026,0
2026-07-01T11:41:34+08:00,7.54,307,11,2,0,1.123,2.409,0,-1.297,0
2026-07-01T12:07:04+08:00,1.94,102,12,2,0,1.111,0.418,0,-1.694,0
2026-07-01T12:29:51+08:00,4.13,82,12,2,2,1.113,0.694,0,-0.416,0
2026-07-01T12:36:31+08:00,6.98,883,12,2,3,1.058,0.822,0,0.356,0
2026-07-01T12:51:24+08:00,0.11,5380,12,2,3,1.274,0.005,0,-0.208,1
2026-07-01T13:32:47+08:00,1.69,1204,13,2,3,1.075,0.221,0,1.021,0
2026-07-01T13:43:59+08:00,2.0,23,13,2,1,1.035,0.46,0,0.51,0
2026-07-01T13:51:30+08:00,5.76,296,13,2,2,1.117,1.867,0,0.554,0
2026-07-01T14:05:34+08:00,3.26,14,14,2,1,1.024,0.633,0,0.648,0
2026-07-01T15:05:53+08:00,9.32,183,15,2,0,1.129,0.745,0,-1.494,0
2026-07-01T15:05:59+08:00,3.79,95,15,2,1,1.015,0.932,0,0.994,0
2026-07-01T15:17:50+08:00,1.87,197,15,2,0,1.003,0.463,0,-0.272,0
2026-07-01T15:23:12+08:00,8.54,109,15,2,0,1.127,1.265,0,0.563,0
2026-07-01T15:40:04+08:00,6.64,552,15,2,2,1.025,2.236,0,1.348,0
2026-07-01T15:57:49+08:00,1.9,53,15,2,0,1.099,0.61,0,-0.393,0
2026-07-01T15:59:22+08:00,10.36,105,15,2,0,1.133,3.313,0,0.628,0
2026-07-01T16:13:21+08:00,0.46,749,16,2,2,1.173,0.003,0,0.012,1
2026-07-01T16:15:54+08:00,5.86,265,16,2,2,1.018,0.717,0,-0.214,0
2026-07-01T16:33:49+08:00,6.88,77,16,2,2,1.134,1.552,0,1.246,0
2026-07-01T17:03:16+08:00,2.53,86,17,2,3,1.046,0.454,0,1.575,0
2026-07-01T17:07:18+08:00,3.67,150,17,2,1,1.045,1.274,0,1.072,0
2026-07-01T17:13:59+08:00,1.64,93,17,2,1,1.039,0.128,0,0.114,0
2026-07-01T17:24:10+08:00,6.45,57,17,2,2,1.091,1.911,0,0.782,0
2026-07-01T17:29:01+08:00,3.13,46,17,2,1,1.114,0.385,0,2.085,0
2026-07-01T17:29:33+08:00,3.42,262,17,2,0,1.015,0.84,0,0.283,0
2026-07-01T17:35:30+08:00,6.26,169,17,2,2,1.144,0.416,0,-1.255,0
2026-07-01T17:42:52+08:00,3.33,62,17,2,1,1.092,1.153,0,1.902,0
2026-07-01T17:44:51+08:00,8.22,276,17,2,3,1.07,2.365,0,-1.497,0
2026-07-01T17:48:04+08:00,3.14,317,17,2,3,1.015,1.067,0,0.334,0
2026-07-01T17:48:09+08:00,5.65,325,17,2,2,1.133,1.814,0,-0.442,0
2026-07-01T17:54:26+08:00,5.34,212,17,2,0,1.099,0.377,0,-0.14,0
2026-07-01T17:58:22+08:00,6.09,181,17,2,2,1.13,1.395,0,-1.217,0
2026-07-01T18:04:36+08:00,3.73,77,18,2,2,1.099,1.08,0,-0.253,0
2026-07-01T18:07:35+08:00,0.84,24,18,2,1,1.043,0.088,0,1.331,0
2026-07-01T18:16:35+08:00,8.42,240,18,2,3,1.007,2.605,0,0.731,0
2026-07-01T18:27:04+08:00,2.39,101,18,2,1,1.143,0.735,0,0.782,0
2026-07-01T18:41:00+08:00,21.19,2207,18,2,2,1.093,0.95,0,0.832,2
2026-07-01T18:42:28+08:00,3.36,30,18,2,1,1.142,0.802,0,-0.763,0
2026-07-01T18:47:06+08:00,2.35,27,18,2,1,1.054,0.437,0,1.248,0
2026-07-01T19:03:01+08:00,8.81,273,19,2,3,1.049,2.763,0,-2.404,0
2026-07-01T19:15:53+08:00,2.97,61,19,2,0,1.03,1.012,0,1.676,0
2026-07-01T19:16:10+08:00,1.61,81,19,2,1,1.009,0.468,0,0.427,0
2026-07-01T19:25:59+08:00,14.02,460,19,2,3,1.14,0.982,0,-1.58,0
2026-07-01T20:04:06+08:00,7.61,63,20,2,2,1.007,1.871,0,0.858,0
2026-07-01T20:15:02+08:00,7.77,42,20,2,2,1.111,0.394,0,-1.108,0
2026-07-01T20:19:36+08:00,3.67,692,20,2,0,1.144,1.202,0,0.846,0
2026-07-01T20:20:08+08:00,1.56,72,20,2,1,1.032,0.248,0,-0.325,0
2026-07-01T20:44:10+08:00,6.38,182,20,2,0,1.015,1.984,0,-1.883,0
2026-07-01T20:51:43+08:00,6.29,214,20,2,2,1.091,1.307,0,0.979,0
2026-07-01T21:00:55+08:00,6.88,254,21,2,3,1.107,0.748,0,-0.523,0
2026-07-01T21:06:38+08:00,8.06,51,21,2,2,1.007,2.654,0,-0.277,0
2026-07-01T21:25:57+08:00,8.9,371,21,2,3,1.106,2.486,0,-0.43,0
2026-07-01T21:42:03+08:00,0.48,1161,21,2,1,1.289,0.007,0,0.074,1
2026-07-01T21:44:59+08:00,8.77,540,21,2,3,1.091,1.351,0,0.557,0
2026-07-01T21:50:59+08:00,9.22,52,21,2,2,1.096,2.1,0,-0.953,0
2026-07-01T22:54:56+08:00,8.3,918,22,2,3,1.058,2.332,1,0.091,0
2026-07-01T23:04:12+08:00,10.65,199,23,2,3,1.145,3.132,1,1.303,0
2026-07-01T23:19:44+08:00,2.3,25,23,2,1,1.027,0.44,1,-1.327,0
2026-07-01T23:36:20+08:00,4.63,284,23,2,2,1.113,0.916,1,0.251,0
2026-07-02T00:04:51+08:00,7.08,65,0,3,2,1.123,0.862,1,0.023,0
2026-07-02T00:18:38+08:00,1.24,28,0,3,1,1.068,0.42,1,-0.615,0
2026-07-02T03:56:30+08:00,15.93,2075,3,3,3,1.168,0.296,1,-0.114,2
2026-07-02T04:13:35+08:00,0.47,973,4,3,2,1.29,0.017,1,-0.098,1
2026-07-02T06:00:42+08:00,6.31,133,6,3,2,1.076,1.2,0,-1.012,0
2026-07-02T06:11:14+08:00,0.19,1348,6,3,2,1.189,0.008,0,-0.285,1
2026-07-02T06:17:19+08:00,6.25,61,6,3,0,1.086,1.403,0,-1.044,0
2026-07-02T06:19:04+08:00,5.85,229,6,3,2,1.008,1.844,0,-0.028,0
2026-07-02T06:19:31+08:00,1.91,62,6,3,1,1.097,0.162,0,-1.008,0
2026-07-02T06:35:29+08:00,6.23,147,6,3,2,1.146,1.189,0,1.252,0
2026-07-02T06:37:03+08:00,2.15,18,6,3,1,1.002,0.692,0,-2.207,0
2026-07-02T06:49:07+08:00,2.74,82,6,3,1,1.069,0.139,0,-0.546,0
2026-07-02T06:51:44+08:00,4.25,70,6,3,0,1.032,1.031,0,2.69,0
2026-07-02T06:53:54+08:00,6.42,26,6,3,2,1.023,0.69,0,1.316,0
2026-07-02T06:58:46+08:00,10.82,877,6,3,3,1.028,1.786,0,1.047,0
2026-07-02T07:10:11+08:00,2.45,643,7,3,0,1.085,0.743,0,-0.502,0
2026-07-02T07:18:24+08:00,2.12,20,7,3,1,1.018,0.392,0,-0.053,0
2026-07-02T07:34:11+08:00,3.92,342,7,3,2,1.024,0.64,0,0.761,0
2026-07-02T07:34:44+08:00,2.81,171,7,3,0,1.024,0.42,0,0.189,0
2026-07-02T07:38:12+08:00,3.56,35,7,3,1,1.07,1.118,0,1.014,0
2026-07-02T07:41:15+08:00,9.46,214,7,3,3,1.091,1.945,0,0.695,0
2026-07-02T07:59:28+08:00,1.02,490,7,3,0,1.131,0.235,0,-0.896,0
2026-07-02T08:08:25+08:00,7.71,273,8,3,3,1.131,0.844,0,1.018,0
2026-07-02T08:20:22+08:00,9.97,431,8,3,0,1.011,0.878,0,0.179,0
2026-07-02T08:27:40+08:00,1.59,177,8,3,2,1.042,0.35,0,1.031,0
2026-07-02T08:35:16+08:00,8.07,431,8,3,0,1.087,2.266,0,-1.375,0
2026-07-02T08:47:11+08:00,2.66,141,8,3,1,1.068,0.784,0,0.72,0
2026-07-02T08:48:39+08:00,2.78,29,8,3,1,1.09,0.954,0,1.092,0
2026-07-02T08:50:44+08:00,10.62,200,8,3,0,1.143,1.871,0,0.071,0
2026-07-02T09:23:24+08:00,8.95,228,9,3,2,1.05,0.147,0,0.302,2
2026-07-02T09:48:08+08:00,1.83,26,9,3,1,1.068,0.233,0,1.534,0
2026-07-02T09:54:08+08:00,0.31,930,9,3,3,1.099,0.008,0,-0.313,1
2026-07-02T09:58:49+08:00,10.66,564,9,3,3,1.113,1.452,0,-0.929,0
2026-07-02T10:04:43+08:00,1.61,12,10,3,1,1.136,0.418,0,1.141,0
2026-07-02T10:37:33+08:00,1.78,30,10,3,1,1.063,0.619,0,-2.266,0
2026-07-02T10:45:37+08:00,0.21,6166,10,3,2,1.12,0.01,0,0.26,1
2026-07-02T10:46:55+08:00,4.86,251,10,3,0,1.064,1.25,0,-0.87,0
2026-07-02T11:21:39+08:00,8.66,20,11,3,2,1.084,0.569,0,0.382,0
2026-07-02T11:31:27+08:00,1.65,231,11,3,2,1.032,0.279,0,-0.168,0
2026-07-02T11:33:26+08:00,2.02,11,11,3,1,1.052,0.143,0,0.868,0
2026-07-02T11:48:41+08:00,6.72,31,11,3,2,1.056,1.601,0,-0.048,0
2026-07-02T12:13:29+08:00,9.35,98,12,3,3,1.085,0.852,0,-0.058,0
2026-07-02T12:31:55+08:00,2.04,34,12,3,1,1.121,0.473,0,-2.412,0
2026-07-02T13:08:18+08:00,12.26,633,13,3,3,1.023,0.802,0,-0.854,0
2026-07-02T13:20:29+08:00,8.92,262,13,3,3,1.146,1.111,0,2.216,0
2026-07-02T13:26:42+08:00,11.58,447,13,3,3,1.123,2.831,0,0.26,0
2026-07-02T13:26:57+08:00,8.35,1133,13,3,3,1.065,1.68,0,0.483,0
2026-07-02T13:32:10+08:00,2.99,22,13,3,1,1.04,0.542,0,-3.266,0
2026-07-02T13:37:39+08:00,0.82,123,13,3,0,1.135,0.25,0,-0.163,0
2026-07-02T14:20:19+08:00,0.18,1994,14,3,2,1.212,0.008,0,0.023,1
2026-07-02T14:31:30+08:00,9.0,1205,14,3,3,1.143,0.851,0,-0.557,0
2026-07-02T15:08:55+08:00,1.17,164,15,3,1,1.006,0.277,0,-1.01,0
2026-07-02T15:11:33+08:00,2.13,8,15,3,1,1.141,0.652,0,0.206,0
2026-07-02T15:35:59+08:00,2.51,780,15,3,0,1.02,0.501,0,0.538,0
2026-07-02T15:43:17+08:00,9.16,1718,15,3,3,1.147,1.59,0,0.073,0
2026-07-02T15:56:13+08:00,5.5,65,15,3,2,1.011,1.816,0,-1.137,0
2026-07-02T16:03:18+08:00,8.13,299,16,3,3,1.069,0.994,0,0.009,0
2026-07-02T16:17:00+08:00,0.36,691,16,3,2,1.025,0.012,0,0.042,1
2026-07-02T16:47:48+08:00,0.22,2684,16,3,1,1.208,0.005,0,0.282,1
2026-07-02T16:59:22+08:00,1.9,125,16,3,2,1.029,0.169,0,-0.474,0
2026-07-02T17:08:23+08:00,2.03,118,17,3,0,1.111,0.564,0,-1.707,0
2026-07-02T17:11:14+08:00,7.14,334,17,3,2,1.086,0.613,0,-0.532,0
2026-07-02T17:18:03+08:00,2.39,71,17,3,1,1.11,0.325,0,-1.566,0
2026-07-02T17:39:47+08:00,2.78,43,17,3,1,1.141,0.769,0,-0.131,0
2026-07-02T17:42:19+08:00,0.17,777,17,3,2,1.044,0.003,0,-0.298,1
2026-07-02T17:46:31+08:00,5.91,404,17,3,0,1.042,1.273,0,0.289,0
2026-07-02T17:47:59+08:00,8.81,304,17,3,0,1.047,1.295,0,-0.152,0
2026-07-02T17:50:24+08:00,4.55,828,17,3,2,1.113,1.37,0,-0.276,0
2026-07-02T18:08:12+08:00,3.81,340,18,3,0,1.148,0.421,0,-0.317,0
2026-07-02T18:12:29+08:00,11.46,197,18,3,3,1.116,2.097,0,1.423,0
2026-07-02T18:18:37+08:00,4.09,34,18,3,1,1.117,1.294,0,1.318,0
2026-07-02T18:22:22+08:00,3.14,285,18,3,3,1.02,0.876,0,-0.491,0
2026-07-02T18:35:12+08:00,0.46,14,18,3,1,1.055,0.123,0,-2.862,0
2026-07-02T18:36:03+08:00,3.18,54,18,3,1,1.047,0.275,0,-0.098,0
2026-07-02T18:51:06+08:00,1.69,33,18,3,1,1.064,0.453,0,1.898,0
2026-07-02T19:02:54+08:00,7.04,121,19,3,3,1.027,1.116,0,0.176,0
2026-07-02T19:12:18+08:00,6.08,1019,19,3,0,1.006,1.011,0,1.49,0
2026-07-02T19:15:44+08:00,1.82,44,19,3,1,1.018,0.488,0,-0.135,0
2026-07-02T19:16:21+08:00,2.7,42,19,3,1,1.032,0.76,0,0.989,0
2026-07-02T20:11:09+08:00,8.54,412,20,3,3,1.142,2.328,0,-1.076,0
2026-07-02T20:12:15+08:00,7.13,566,20,3,0,1.039,2.37,0,0.387,0
2026-07-02T20:25:52+08:00,8.89,559,20,3,3,1.066,1.673,0,-0.336,0
2026-07-02T20:27:19+08:00,0.1,2889,20,3,2,1.043,0.003,0,-0.348,1
2026-07-02T20:31:34+08:00,2.58,18,20,3,1,1.041,0.444,0,0.559,0
2026-07-02T20:37:11+08:00,1.07,940,20,3,0,1.101,0.096,0,-0.034,0
2026-07-02T21:07:07+08:00,0.22,814,21,3,1,1.063,0.007,0,-0.784,1
2026-07-02T21:15:31+08:00,6.94,325,21,3,2,1.049,1.925,0,0.296,0
2026-07-02T22:00:47+08:00,7.41,116,22,3,2,1.118,1.893,1,0.342,0
2026-07-02T22:17:09+08:00,0.12,2195,22,3,2,1.29,0.004,1,0.009,1
2026-07-02T22:47:25+08:00,2.67,20,22,3,1,1.083,0.567,1,-1.252,0
2026-07-02T22:48:01+08:00,5.99,758,22,3,0,1.034,0.423,1,-0.392,0
2026-07-02T22:48:26+08:00,1.8,87,22,3,2,1.138,0.42,1,1.529,0
2026-07-02T22:52:52+08:00,2.43,10,22,3,1,1.045,0.259,1,-1.48,0
2026-07-02T22:57:56+08:00,13.53,1091,22,3,3,1.124,0.787,1,2.333,0
2026-07-02T23:35:47+08:00,0.45,2158,23,3,2,1.139,0.015,1,-0.251,1
2026-07-02T23:38:10+08:00,7.56,199,23,3,0,1.145,1.643,1,-1.169,0
2026-07-03T01:20:14+08:00,0.2,1327,1,4,1,1.192,0.004,1,0.729,1
2026-07-03T03:10:12+08:00,8.51,106,3,4,0,1.028,2.249,1,-0.265,0
2026-07-03T05:16:40+08:00,0.27,2175,5,4,2,1.027,0.003,0,0.114,1
2026-07-03T05:56:56+08:00,0.47,900,5,4,3,1.15,0.018,0,-0.367,1
2026-07-03T06:07:08+08:00,5.93,655,6,4,2,1.078,1.726,0,-0.097,0
2026-07-03T06:08:50+08:00,5.24,32,6,4,2,1.064,0.853,0,-0.236,0
2026-07-03T06:19:00+08:00,8.8,41,6,4,0,1.148,1.716,0,0.794,0
2026-07-03T06:45:53+08:00,9.27,560,6,4,3,1.137,1.295,0,0.106,0
2026-07-03T06:51:27+08:00,7.09,29,6,4,2,1.085,0.779,0,-1.947,0
2026-07-03T06:59:09+08:00,7.3,316,6,4,2,1.057,0.935,0,-1.628,0
2026-07-03T07:30:55+08:00,7.59,698,7,4,3,1.078,1.891,0,0.743,0
2026-07-03T07:33:30+08:00,8.79,88,7,4,2,1.101,0.526,0,0.613,0
2026-07-03T07:53:53+08:00,11.25,163,7,4,2,1.174,0.245,0,0.339,2
2026-07-03T08:02:09+08:00,3.61,20,8,4,1,1.026,1.217,0,2.511,0
2026-07-03T08:02:27+08:00,5.0,35,8,4,0,1.038,0.254,0,-0.911,0
2026-07-03T08:03:17+08:00,8.09,202,8,4,2,1.141,2.648,0,0.179,0
2026-07-03T08:06:34+08:00,8.78,721,8,4,3,1.073,1.453,0,0.505,0
2026-07-03T08:08:58+08:00,3.97,799,8,4,0,1.014,0.448,0,1.463,0
2026-07-03T08:11:20+08:00,6.33,499,8,4,2,1.013,2.059,0,-0.436,0
2026-07-03T08:17:05+08:00,19.37,262,8,4,3,1.013,0.238,0,-0.489,2
2026-07-03T08:19:04+08:00,2.34,10,8,4,1,1.055,0.475,0,-0.944,0
2026-07-03T08:19:39+08:00,4.71,66,8,4,0,1.106,0.636,0,0.849,0
2026-07-03T08:19:57+08:00,6.28,227,8,4,2,1.008,1.88,0,-0.962,0
2026-07-03T08:21:38+08:00,2.38,69,8,4,1,1.052,0.189,0,-0.45,0
2026-07-03T08:24:54+08:00,7.95,205,8,4,2,1.149,0.938,0,-0.834,0
2026-07-03T08:33:33+08:00,1.95,23,8,4,1,1.131,0.391,0,1.361,0
2026-07-03T08:47:06+08:00,9.79,178,8,4,3,1.019,3.257,0,-0.636,0
2026-07-03T08:52:08+08:00,3.05,293,8,4,2,1.049,0.657,0,0.92,0
2026-07-03T09:08:16+08:00,0.24,1848,9,4,1,1.272,0.011,0,-0.044,1
2026-07-03T09:13:17+08:00,3.63,65,9,4,2,1.147,1.028,0,-0.494,0
2026-07-03T09:33:13+08:00,3.56,196,9,4,1,1.106,1.16,0,1.689,0
2026-07-03T09:51:22+08:00,22.15,3071,9,4,2,1.056,0.248,0,0.279,2
2026-07-03T09:55:10+08:00,10.47,82,9,4,3,1.101,1.916,0,-0.64,0
2026-07-03T09:59:38+08:00,8.33,115,9,4,3,1.126,1.543,0,0.889,0
2026-07-03T10:03:06+08:00,2.24,9,10,4,1,1.087,0.517,0,0.547,0
2026-07-03T10:16:40+08:00,2.94,223,10,4,0,1.102,0.454,0,0.038,0
2026-07-03T10:23:58+08:00,6.03,211,10,4,0,1.103,1.038,0,0.952,0
2026-07-03T10:35:54+08:00,7.77,167,10,4,2,1.131,1.275,0,-0.332,0
2026-07-03T10:45:15+08:00,4.17,316,10,4,0,1.006,1.254,0,-2.067,0
2026-07-03T10:58:44+08:00,8.57,43,10,4,0,1.037,1.032,0,-0.063,0
2026-07-03T11:19:19+08:00,8.43,660,11,4,0,1.114,1.152,0,1.408,0
2026-07-03T11:19:38+08:00,0.29,645,11,4,3,1.262,0.002,0,0.175,1
2026-07-03T11:23:14+08:00,3.88,32,11,4,1,1.059,0.63,0,-1.837,0
2026-07-03T11:32:43+08:00,0.29,780,11,4,2,1.027,0.004,0,-0.388,1
2026-07-03T11:48:44+08:00,8.46,372,11,4,3,1.017,0.52,0,-0.037,0
2026-07-03T12:16:14+08:00,6.25,52,12,4,0,1.022,2.049,0,-0.027,0
2026-07-03T12:16:59+08:00,1.76,11,12,4,1,1.068,0.264,0,-0.884,0
2026-07-03T12:36:36+08:00,8.36,148,12,4,0,1.147,1.715,0,0.898,0
2026-07-03T13:20:03+08:00,10.62,236,13,4,3,1.06,3.21,0,1.167,0
2026-07-03T13:24:57+08:00,7.64,70,13,4,0,1.017,1.611,0,-0.953,0
2026-07-03T13:59:14+08:00,2.53,108,13,4,1,1.012,0.368,0,-1.155,0
2026-07-03T14:05:35+08:00,2.89,120,14,4,1,1.049,0.795,0,0.04,0
2026-07-03T14:13:58+08:00,5.32,96,14,4,2,1.062,1.783,0,-0.145,0
2026-07-03T14:19:53+08:00,3.62,77,14,4,1,1.107,0.215,0,-1.79,0
2026-07-03T14:30:22+08:00,1.47,17,14,4,1,1.088,0.353,0,-2.176,0
2026-07-03T15:32:31+08:00,6.04,85,15,4,2,1.031,1.215,0,-0.319,0
2026-07-03T15:50:45+08:00,6.31,353,15,4,2,1.045,1.811,0,-1.663,0
2026-07-03T16:09:13+08:00,10.82,324,16,4,3,1.134,0.994,0,-2.991,0
2026-07-03T16:39:16+08:00,6.04,103,16,4,2,1.115,1.899,0,0.133,0
2026-07-03T17:25:16+08:00,2.71,80,17,4,1,1.112,0.58,0,-0.928,0
2026-07-03T17:49:07+08:00,6.06,111,17,4,2,1.104,1.76,0,-0.218,0
2026-07-03T18:00:27+08:00,7.28,630,18,4,0,1.139,0.77,0,0.227,0
2026-07-03T18:13:10+08:00,9.17,684,18,4,3,1.099,3.047,0,0.237,0
2026-07-03T18:18:14+08:00,12.23,268,18,4,2,1.134,0.139,0,0.278,2
2026-07-03T18:33:09+08:00,3.39,89,18,4,1,1.021,0.974,0,0.381,0
2026-07-03T18:34:55+08:00,3.15,21,18,4,1,1.128,0.557,0,0.893,0
2026-07-03T18:50:00+08:00,8.65,215,18,4,2,1.14,2.537,0,1.624,0
2026-07-03T18:58:18+08:00,3.45,24,18,4,1,1.066,0.772,0,-0.987,0
2026-07-03T19:06:16+08:00,12.78,441,19,4,3,1.004,2.162,0,0.962,0
2026-07-03T19:22:58+08:00,2.61,136,19,4,3,1.131,0.8,0,-0.893,0
2026-07-03T19:23:25+08:00,4.17,262,19,4,0,1.038,0.651,0,-0.136,0
2026-07-03T19:41:03+08:00,8.42,393,19,4,0,1.05,1.312,0,0.155,0
2026-07-03T20:07:08+08:00,8.06,362,20,4,3,1.111,2.506,0,-0.806,0
2026-07-03T20:10:21+08:00,1.33,32,20,4,1,1.092,0.229,0,-2.131,0
2026-07-03T20:29:26+08:00,2.58,9,20,4,1,1.037,0.498,0,0.79,0
2026-07-03T20:29:51+08:00,5.25,668,20,4,0,1.031,1.036,0,-0.284,0
2026-07-03T20:44:12+08:00,5.63,59,20,4,2,1.079,0.993,0,-0.02,0
2026-07-03T20:56:23+08:00,10.76,1747,20,4,3,1.142,2.368,0,2.313,0
2026-07-03T20:56:33+08:00,4.41,266,20,4,2,1.101,1.227,0,-1.575,0
2026-07-03T21:05:53+08:00,10.74,585,21,4,3,1.056,1.029,0,0.712,0
2026-07-03T21:13:19+08:00,4.77,91,21,4,0,1.005,0.645,0,1.641,0
2026-07-03T22:16:51+08:00,0.41,912,22,4,3,1.266,0.011,1,-0.363,1
2026-07-03T22:19:13+08:00,6.99,44,22,4,0,1.108,1.473,1,-1.335,0
2026-07-03T22:29:10+08:00,9.69,432,22,4,3,1.078,3.096,1,1.379,0
2026-07-03T22:34:24+08:00,7.01,173,22,4,2,1.059,1.152,1,-2.531,0
2026-07-03T22:47:00+08:00,0.33,1464,22,4,3,1.044,0.009,1,-0.199,1
2026-07-03T22:54:11+08:00,9.1,197,22,4,0,1.128,0.885,1,0.559,0
2026-07-03T23:15:23+08:00,4.97,484,23,4,0,1.135,1.061,1,-0.787,0
2026-07-03T23:21:43+08:00,8.63,738,23,4,3,1.183,0.097,1,0.257,2
2026-07-03T23:54:55+08:00,7.54,434,23,4,3,1.11,1.055,1,-0.802,0
2026-07-04T00:21:46+08:00,19.66,323,0,5,1,1.158,0.522,1,0.274,2
2026-07-04T02:42:47+08:00,0.1,2253,2,5,2,1.132,0.002,1,-0.006,1
2026-07-04T03:06:03+08:00,0.46,1402,3,5,3,1.174,0.021,1,0.084,1
2026-07-04T03:10:23+08:00,20.08,452,3,5,1,1.192,0.595,1,-0.457,2
2026-07-04T05:44:38+08:00,0.45,977,5,5,2,1.038,0.014,0,0.088,1
2026-07-04T06:12:46+08:00,13.32,178,6,5,0,1.082,1.828,0,-1.591,0
2026-07-04T06:17:52+08:00,10.16,851,6,5,3,1.029,2.68,0,-0.54,0
2026-07-04T06:28:29+08:00,7.81,158,6,5,2,1.096,2.041,0,-0.583,0
2026-07-04T06:36:47+08:00,2.21,8,6,5,1,1.029,0.317,0,2.262,0
2026-07-04T06:49:17+08:00,5.26,260,6,5,3,1.032,1.089,0,-1.059,0
2026-07-04T06:55:33+08:00,9.03,112,6,5,2,1.125,2.958,0,0.047,0
2026-07-04T06:56:00+08:00,1.43,79,6,5,1,1.1,0.474,0,0.201,0
2026-07-04T07:00:39+08:00,5.58,286,7,5,2,1.101,0.735,0,1.44,0
2026-07-04T07:05:23+08:00,5.5,705,7,5,0,1.123,1.794,0,-0.564,0
2026-07-04T07:09:16+08:00,7.49,133,7,5,0,1.144,1.826,0,1.949,0
2026-07-04T07:25:39+08:00,0.38,1289,7,5,3,1.198,0.003,0,0.137,1
2026-07-04T07:27:53+08:00,10.41,2003,7,5,3,1.006,0.419,0,0.434,2
2026-07-04T07:44:34+08:00,1.46,89,7,5,0,1.143,0.277,0,-0.784,0
2026-07-04T08:02:52+08:00,3.15,165,8,5,1,1.087,0.619,0,-1.285,0
2026-07-04T08:04:23+08:00,5.51,162,8,5,2,1.012,0.733,0,1.361,0
2026-07-04T08:06:46+08:00,8.38,187,8,5,3,1.002,0.774,0,0.088,0
2026-07-04T08:09:02+08:00,10.87,595,8,5,3,1.118,2.621,0,2.756,0
2026-07-04T08:24:17+08:00,5.87,66,8,5,2,1.043,0.434,0,-0.353,0
2026-07-04T08:28:36+08:00,10.68,340,8,5,2,1.187,0.633,0,-1.077,2
2026-07-04T08:29:03+08:00,2.15,44,8,5,1,1.08,0.648,0,0.356,0
2026-07-04T08:44:11+08:00,4.08,376,8,5,0,1.097,1.187,0,-0.712,0
2026-07-04T08:44:39+08:00,0.15,938,8,5,2,1.051,0.007,0,0.206,1
2026-07-04T08:50:59+08:00,7.63,77,8,5,2,1.015,2.622,0,1.707,0
2026-07-04T09:00:22+08:00,9.79,44,9,5,0,1.001,1.841,0,-1.457,0
2026-07-04T09:05:23+08:00,10.16,93,9,5,3,1.004,0.749,0,0.782,0
2026-07-04T09:19:31+08:00,0.27,721,9,5,3,1.101,0.013,0,0.45,1
2026-07-04T09:29:44+08:00,6.81,86,9,5,2,1.112,1.504,0,0.314,0
2026-07-04T10:02:37+08:00,8.03,217,10,5,2,1.013,0.799,0,-0.917,0
2026-07-04T10:04:00+08:00,4.28,392,10,5,0,1.033,0.498,0,-1.329,0
2026-07-04T10:28:46+08:00,5.71,130,10,5,0,1.118,1.179,0,-1.102,0
2026-07-04T10:38:05+08:00,4.25,59,10,5,1,1.135,1.103,0,-1.117,0
2026-07-04T10:52:06+08:00,5.72,113,10,5,2,1.039,1.613,0,0.126,0
2026-07-04T10:58:23+08:00,6.0,125,10,5,2,1.079,0.31,0,-0.176,0
2026-07-04T11:02:12+08:00,3.29,24,11,5,1,1.124,0.207,0,-1.225,0
2026-07-04T11:35:15+08:00,8.93,668,11,5,3,1.087,1.598,0,-1.013,0
2026-07-04T11:38:11+08:00,7.44,135,11,5,2,1.093,1.14,0,-0.5,0
2026-07-04T12:32:12+08:00,2.63,25,12,5,1,1.037,0.523,0,0.01,0
2026-07-04T12:52:26+08:00,6.71,181,12,5,3,1.01,1.268,0,-0.255,0
2026-07-04T13:05:03+08:00,6.05,184,13,5,2,1.066,0.476,0,0.465,0
2026-07-04T13:16:31+08:00,6.55,2164,13,5,3,1.077,0.617,0,-2.545,0
2026-07-04T13:30:42+08:00,7.24,43,13,5,2,1.115,2.056,0,0.859,0
2026-07-04T13:47:07+08:00,1.42,144,13,5,1,1.087,0.115,0,0.849,0
2026-07-04T13:53:57+08:00,8.6,83,13,5,3,1.063,2.478,0,0.987,0
2026-07-04T14:01:51+08:00,8.88,35,14,5,2,1.1,1.292,0,-1.393,0
2026-07-04T14:08:59+08:00,5.86,121,14,5,2,1.049,0.725,0,-0.169,0
2026-07-04T14:23:24+08:00,9.71,111,14,5,3,1.069,0.664,0,0.1,0
2026-07-04T14:37:41+08:00,3.63,51,14,5,1,1.113,0.237,0,-0.671,0
2026-07-04T14:51:46+08:00,4.64,100,14,5,2,1.039,0.947,0,1.01,0
2026-07-04T15:02:04+08:00,8.78,655,15,5,3,1.022,2.516,0,0.433,0
2026-07-04T15:12:13+08:00,0.59,21,15,5,1,1.077,0.145,0,0.757,0
2026-07-04T15:25:21+08:00,10.44,1962,15,5,3,1.007,1.319,0,-0.676,0
2026-07-04T15:35:17+08:00,2.98,45,15,5,1,1.058,0.687,0,-2.465,0
2026-07-04T15:39:23+08:00,6.47,31,15,5,0,1.035,0.552,0,-1.086,0
2026-07-04T15:44:24+08:00,3.3,51,15,5,1,1.005,0.467,0,0.869,0
2026-07-04T16:25:49+08:00,6.54,108,16,5,2,1.025,1.868,0,0.363,0
2026-07-04T16:35:02+08:00,6.55,371,16,5,3,1.146,1.618,0,-0.436,0
2026-07-04T16:58:50+08:00,5.54,336,16,5,2,1.105,1.599,0,-0.991,0
2026-07-04T17:01:30+08:00,2.22,20,17,5,1,1.025,0.318,0,0.217,0
2026-07-04T17:05:58+08:00,4.89,29,17,5,2,1.017,0.968,0,0.122,0
2026-07-04T17:14:14+08:00,9.59,214,17,5,3,1.069,2.752,0,-1.72,0
2026-07-04T17:23:07+08:00,1.69,53,17,5,0,1.021,0.352,0,0.748,0
2026-07-04T17:36:46+08:00,8.45,419,17,5,3,1.079,2.187,0,-0.904,0
2026-07-04T17:48:28+08:00,8.47,1167,17,5,3,1.12,2.146,0,-1.382,0
2026-07-04T17:50:26+08:00,2.23,57,17,5,1,1.019,0.245,0,1.955,0
2026-07-04T18:02:51+08:00,9.67,263,18,5,3,1.041,3.203,0,-0.811,0
2026-07-04T18:13:10+08:00,1.4,13,18,5,1,1.06,0.337,0,0.001,0
2026-07-04T18:14:13+08:00,2.54,83,18,5,1,1.15,0.791,0,-1.623,0
2026-07-04T18:18:07+08:00,5.57,65,18,5,0,1.125,0.454,0,1.624,0
2026-07-04T18:26:30+08:00,2.05,61,18,5,1,1.123,0.149,0,-1.983,0
2026-07-04T18:34:22+08:00,7.62,84,18,5,0,1.037,0.727,0,-1.509,0
2026-07-04T18:36:23+08:00,2.76,12,18,5,1,1.111,0.913,0,0.342,0
2026-07-04T18:38:32+08:00,0.43,754,18,5,2,1.234,0.013,0,0.166,1
2026-07-04T18:38:51+08:00,2.19,323,18,5,3,1.008,0.389,0,-1.471,0
2026-07-04T18:42:57+08:00,2.67,17,18,5,1,1.061,0.486,0,0.016,0
2026-07-04T18:45:49+08:00,12.98,95,18,5,3,1.063,1.662,0,-0.067,0
2026-07-04T18:49:03+08:00,5.14,27,18,5,2,1.053,0.381,0,0.333,0
2026-07-04T18:53:50+08:00,5.49,123,18,5,2,1.079,1.498,0,0.519,0
2026-07-04T18:54:48+08:00,6.32,112,18,5,0,1.12,0.909,0,0.303,0
2026-07-04T19:31:38+08:00,6.49,256,19,5,0,1.125,0.449,0,-0.49,0
2026-07-04T19:36:27+08:00,2.77,34,19,5,1,1.12,0.951,0,0.54,0
2026-07-04T19:58:46+08:00,7.61,706,19,5,3,1.125,0.9,0,1.436,0
2026-07-04T20:05:06+08:00,3.67,256,20,5,2,1.1,0.845,0,0.077,0
2026-07-04T20:34:49+08:00,24.38,613,20,5,3,1.123,0.727,0,-0.741,2
2026-07-04T20:39:34+08:00,6.48,452,20,5,0,1.069,1.016,0,-0.838,0
2026-07-04T20:50:10+08:00,13.78,710,20,5,3,1.122,1.439,0,-1.212,0
2026-07-04T20:52:24+08:00,1.75,38,20,5,1,1.081,0.133,0,-3.521,0
2026-07-04T21:05:24+08:00,15.95,2256,21,5,2,1.088,0.359,0,-0.047,2
2026-07-04T21:22:30+08:00,7.41,750,21,5,0,1.064,2.241,0,-0.049,0
2026-07-04T21:45:38+08:00,0.49,2886,21,5,1,1.225,0.017,0,0.017,1
2026-07-04T21:58:30+08:00,5.12,300,21,5,0,1.077,1.143,0,-0.437,0
2026-07-04T22:22:23+08:00,2.39,22,22,5,2,1.057,0.421,1,-0.158,0
2026-07-04T22:29:58+08:00,6.73,48,22,5,0,1.019,1.561,1,-0.834,0
2026-07-04T23:17:37+08:00,2.51,81,23,5,0,1.025,0.419,1,-1.466,0
2026-07-04T23:37:57+08:00,9.38,919,23,5,3,1.013,0.677,1,0.105,0
2026-07-04T23:55:18+08:00,4.09,162,23,5,1,1.0,0.892,1,0.986,0
2026-07-04T23:57:20+08:00,8.99,208,23,5,2,1.035,1.477,1,0.288,0
2026-07-05T01:22:33+08:00,16.56,1606,1,6,1,1.131,0.339,1,0.066,2
2026-07-05T02:42:32+08:00,21.21,157,2,6,3,1.183,0.42,1,-0.584,2
2026-07-05T06:13:08+08:00,10.14,92,6,6,3,1.074,3.409,0,1.546,0
2026-07-05T06:18:21+08:00,7.6,157,6,6,2,1.047,1.495,0,-1.807,0
2026-07-05T06:20:48+08:00,11.54,914,6,6,3,1.106,3.218,0,-0.928,0
2026-07-05T06:34:22+08:00,2.91,12,6,6,1,1.08,0.97,0,0.827,0
2026-07-05T06:40:19+08:00,1.39,8,6,6,1,1.071,0.259,0,0.123,0
2026-07-05T06:45:17+08:00,8.87,422,6,6,3,1.036,1.752,0,-0.556,0
2026-07-05T06:46:21+08:00,5.13,616,6,6,0,1.006,1.207,0,0.379,0
2026-07-05T06:54:08+08:00,2.34,39,6,6,1,1.009,0.211,0,-0.02,0
2026-07-05T06:56:59+08:00,9.84,1113,6,6,2,1.132,3.086,0,-1.192,0
2026-07-05T07:10:59+08:00,2.2,92,7,6,3,1.002,0.481,0,0.302,0
2026-07-05T07:32:14+08:00,0.52,37,7,6,1,1.051,0.168,0,-0.132,0
2026-07-05T07:51:29+08:00,10.03,359,7,6,3,1.084,3.262,0,-1.746,0
2026-07-05T07:55:13+08:00,8.73,49,7,6,0,1.025,0.73,0,2.727,0
2026-07-05T07:57:44+08:00,10.66,576,7,6,0,1.144,3.37,0,-0.269,0
2026-07-05T08:07:22+08:00,9.35,43,8,6,2,1.087,1.271,0,2.253,0
2026-07-05T08:21:45+08:00,6.19,209,8,6,0,1.0,2.015,0,0.838,0
2026-07-05T08:25:02+08:00,4.42,1205,8,6,0,1.089,1.062,0,-0.011,0
2026-07-05T08:36:43+08:00,2.81,28,8,6,1,1.128,0.376,0,1.807,0
2026-07-05T08:39:59+08:00,9.05,1179,8,6,3,1.013,1.518,0,0.687,0
2026-07-05T08:46:23+08:00,3.63,46,8,6,1,1.095,0.71,0,0.289,0
2026-07-05T08:46:32+08:00,8.83,224,8,6,3,1.073,2.458,0,-1.277,0
2026-07-05T09:06:52+08:00,7.94,617,9,6,0,1.04,2.138,0,-2.298,0
2026-07-05T09:21:57+08:00,9.8,434,9,6,0,1.004,2.122,0,-1.743,0
2026-07-05T09:28:48+08:00,3.85,152,9,6,2,1.114,0.934,0,-0.72,0
2026-07-05T09:39:17+08:00,5.12,35,9,6,2,1.076,1.565,0,-0.695,0
2026-07-05T09:40:55+08:00,2.1,14,9,6,1,1.007,0.139,0,1.782,0
2026-07-05T10:02:08+08:00,3.47,63,10,6,1,1.034,0.731,0,-0.821,0
2026-07-05T10:03:26+08:00,0.16,5627,10,6,1,1.257,0.005,0,0.413,1
2026-07-05T10:04:08+08:00,8.14,658,10,6,3,1.067,2.605,0,0.256,0
2026-07-05T10:16:54+08:00,7.64,529,10,6,3,1.058,0.402,0,0.581,0
2026-07-05T10:26:44+08:00,8.79,1481,10,6,3,1.016,0.489,0,-0.276,0
2026-07-05T11:27:41+08:00,6.22,285,11,6,0,1.103,0.901,0,0.097,0
2026-07-05T11:39:20+08:00,2.51,107,11,6,1,1.047,0.787,0,1.545,0
2026-07-05T11:41:01+08:00,1.16,242,11,6,0,1.028,0.119,0,2.193,0
2026-07-05T11:49:07+08:00,3.52,445,11,6,0,1.021,0.955,0,-0.996,0
2026-07-05T11:54:55+08:00,6.86,2203,11,6,3,1.087,1.935,0,-0.501,0
2026-07-05T12:13:18+08:00,8.2,723,12,6,3,1.116,0.702,0,2.377,0
2026-07-05T12:20:00+08:00,2.91,63,12,6,1,1.125,0.165,0,-1.45,0
2026-07-05T12:21:01+08:00,16.12,276,12,6,1,1.064,0.651,0,0.468,2
2026-07-05T12:32:39+08:00,24.35,439,12,6,3,1.198,0.747,0,0.056,2
2026-07-05T12:50:37+08:00,6.43,134,12,6,2,1.072,0.744,0,1.603,0
2026-07-05T12:57:28+08:00,2.76,21,12,6,1,1.113,0.705,0,0.629,0
2026-07-05T13:02:39+08:00,7.44,269,13,6,3,1.136,0.985,0,0.851,0
2026-07-05T13:20:55+08:00,3.92,76,13,6,2,1.026,0.358,0,-1.429,0
2026-07-05T13:21:18+08:00,0.3,50,13,6,1,1.078,0.084,0,-0.038,0
2026-07-05T13:36:27+08:00,4.06,355,13,6,0,1.022,1.306,0,0.582,0
2026-07-05T13:40:36+08:00,3.51,37,13,6,0,1.026,0.289,0,1.204,0
2026-07-05T13:46:04+08:00,9.46,485,13,6,3,1.018,0.778,0,0.404,0
2026-07-05T15:40:19+08:00,4.08,92,15,6,1,1.038,0.982,0,-0.924,0
2026-07-05T15:47:13+08:00,3.64,119,15,6,2,1.024,1.245,0,-0.022,0
2026-07-05T16:33:09+08:00,5.44,123,16,6,0,1.021,0.679,0,1.712,0
2026-07-05T16:58:22+08:00,8.52,1196,16,6,3,1.131,1.278,0,-1.731,0
2026-07-05T17:00:04+08:00,1.14,90,17,6,1,1.023,0.398,0,1.809,0
2026-07-05T17:09:48+08:00,2.33,37,17,6,1,1.092,0.185,0,-0.329,0
2026-07-05T17:09:48+08:00,8.66,126,17,6,0,1.107,2.334,0,1.839,0
2026-07-05T17:19:04+08:00,8.62,1027,17,6,3,1.074,0.782,0,-0.399,0
2026-07-05T17:19:36+08:00,3.51,47,17,6,1,1.015,0.979,0,0.178,0
2026-07-05T17:28:55+08:00,7.78,166,17,6,3,1.002,1.406,0,0.744,0
2026-07-05T17:32:06+08:00,2.15,356,17,6,3,1.026,0.602,0,0.172,0
2026-07-05T17:35:46+08:00,0.15,737,17,6,3,1.039,0.002,0,-0.117,1
2026-07-05T17:48:48+08:00,8.16,283,17,6,3,1.113,1.29,0,-0.016,0
2026-07-05T17:59:59+08:00,6.0,292,17,6,2,1.133,1.032,0,0.559,0
2026-07-05T18:00:11+08:00,2.49,182,18,6,0,1.138,0.159,0,1.358,0
2026-07-05T18:01:09+08:00,6.06,357,18,6,2,1.039,0.439,0,-0.632,0
2026-07-05T18:02:09+08:00,4.76,240,18,6,0,1.038,0.71,0,-0.221,0
2026-07-05T18:06:24+08:00,6.63,1279,18,6,3,1.027,1.482,0,0.153,0
2026-07-05T18:06:37+08:00,4.21,135,18,6,0,1.048,0.552,0,-2.219,0
2026-07-05T18:10:47+08:00,3.58,12,18,6,1,1.122,0.684,0,-0.917,0
2026-07-05T18:15:09+08:00,6.0,44,18,6,0,1.042,1.481,0,-1.236,0
2026-07-05T18:25:26+08:00,5.94,117,18,6,3,1.117,1.969,0,0.574,0
2026-07-05T18:29:46+08:00,6.38,477,18,6,0,1.072,1.965,0,-0.913,0
2026-07-05T18:31:33+08:00,9.18,429,18,6,2,1.009,0.341,0,0.189,2
2026-07-05T18:34:27+08:00,1.62,94,18,6,1,1.015,0.121,0,-0.93,0
2026-07-05T18:42:27+08:00,2.01,14,18,6,1,1.084,0.697,0,-0.674,0
2026-07-05T18:49:15+08:00,7.04,211,18,6,0,1.014,1.308,0,1.665,0
2026-07-05T18:59:31+08:00,2.29,26,18,6,1,1.07,0.269,0,0.155,0
2026-07-05T19:11:52+08:00,8.22,216,19,6,0,1.043,1.699,0,1.428,0
2026-07-05T19:21:11+08:00,3.09,52,19,6,1,1.058,1.01,0,0.596,0
2026-07-05T19:23:30+08:00,7.43,135,19,6,2,1.037,0.99,0,0.982,0
2026-07-05T19:28:10+08:00,10.47,1655,19,6,3,1.147,2.674,0,0.059,0
2026-07-05T19:28:41+08:00,10.18,377,19,6,3,1.012,2.348,0,1.199,0
2026-07-05T19:30:11+08:00,4.43,64,19,6,2,1.068,0.263,0,1.573,0
2026-07-05T19:43:49+08:00,8.96,75,19,6,0,1.065,2.801,0,-0.778,0
2026-07-05T19:53:38+08:00,12.04,673,19,6,3,1.03,2.412,0,-0.075,0
2026-07-05T20:00:58+08:00,8.0,39,20,6,2,1.045,1.628,0,1.565,0
2026-07-05T20:09:58+08:00,0.32,3798,20,6,3,1.046,0.014,0,0.175,1
2026-07-05T20:11:55+08:00,2.0,13,20,6,1,1.078,0.14,0,1.542,0
2026-07-05T20:16:39+08:00,1.28,22,20,6,1,1.107,0.084,0,-0.246,0
2026-07-05T20:30:43+08:00,9.89,224,20,6,2,1.11,0.222,0,-0.092,2
2026-07-05T20:40:32+08:00,6.18,244,20,6,2,1.089,1.869,0,0.118,0
2026-07-05T20:55:48+08:00,2.68,499,20,6,0,1.011,0.671,0,-0.551,0
2026-07-05T21:07:41+08:00,8.14,1766,21,6,3,1.039,1.88,0,0.609,0
2026-07-05T21:53:31+08:00,2.99,26,21,6,1,1.013,0.279,0,-2.274,0
2026-07-05T22:27:56+08:00,5.14,71,22,6,3,1.089,0.452,1,-1.079,0
2026-07-05T22:41:56+08:00,2.03,92,22,6,0,1.097,0.243,1,-1.098,0
2026-07-05T22:42:57+08:00,2.72,49,22,6,1,1.054,0.335,1,1.756,0
2026-07-05T23:30:58+08:00,7.63,74,23,6,3,1.103,2.3,1,0.775,0
2026-07-06T00:35:13+08:00,3.29,46,0,0,2,1.108,0.636,1,-3.29,0
2026-07-06T01:26:32+08:00,6.43,613,1,0,2,1.068,1.101,1,-0.788,0
2026-07-06T05:58:26+08:00,9.91,1258,5,0,1,1.045,0.337,0,-0.234,2
2026-07-06T06:06:31+08:00,7.71,78,6,0,0,1.132,1.812,0,0.987,0
2026-07-06T06:07:55+08:00,8.15,1113,6,0,2,1.114,1.497,0,2.626,0
2026-07-06T06:24:38+08:00,9.46,702,6,0,3,1.125,1.887,0,-0.104,0
2026-07-06T06:29:17+08:00,7.92,599,6,0,3,1.004,1.598,0,-1.473,0
2026-07-06T06:42:12+08:00,4.88,493,6,0,2,1.021,0.279,0,-0.04,0
2026-07-06T06:42:30+08:00,2.75,164,6,0,0,1.063,0.49,0,-2.842,0
2026-07-06T06:42:42+08:00,1.03,42,6,0,1,1.026,0.079,0,-0.217,0
2026-07-06T06:45:31+08:00,1.88,31,6,0,1,1.141,0.438,0,-1.124,0
2026-07-06T06:48:47+08:00,6.81,311,6,0,0,1.129,1.818,0,-2.037,0
2026-07-06T06:50:10+08:00,5.08,277,6,0,2,1.132,1.239,0,-0.251,0
2026-07-06T07:17:29+08:00,5.39,57,7,0,0,1.029,1.136,0,-2.135,0
2026-07-06T07:23:26+08:00,9.8,206,7,0,3,1.124,2.705,0,0.474,0
2026-07-06T07:27:28+08:00,9.16,236,7,0,3,1.054,1.199,0,0.076,0
2026-07-06T07:30:47+08:00,0.69,11,7,0,1,1.085,0.202,0,0.365,0
2026-07-06T07:35:04+08:00,5.62,85,7,0,0,1.032,1.395,0,-2.908,0
2026-07-06T07:46:27+08:00,3.49,110,7,0,2,1.015,0.491,0,2.042,0
2026-07-06T07:57:14+08:00,7.76,282,7,0,3,1.105,2.508,0,-0.113,0
2026-07-06T08:16:36+08:00,6.34,168,8,0,3,1.089,0.513,0,-0.644,0
2026-07-06T08:32:27+08:00,5.67,82,8,0,0,1.061,0.374,0,1.873,0
2026-07-06T08:42:51+08:00,1.92,15,8,0,1,1.033,0.576,0,-1.142,0
2026-07-06T08:52:55+08:00,9.37,280,8,0,3,1.135,0.732,0,1.919,0
2026-07-06T08:53:45+08:00,4.66,261,8,0,0,1.024,0.981,0,2.932,0
2026-07-06T08:57:22+08:00,5.66,308,8,0,3,1.106,1.412,0,-0.415,0
2026-07-06T09:16:43+08:00,11.81,542,9,0,3,1.127,1.536,0,-2.032,0
2026-07-06T09:28:02+08:00,8.65,162,9,0,3,1.114,0.815,0,-0.372,0
2026-07-06T09:49:08+08:00,5.49,424,9,0,2,1.148,1.052,0,-0.108,0
2026-07-06T10:04:32+08:00,3.42,150,10,0,0,1.047,0.519,0,-0.775,0
2026-07-06T10:20:59+08:00,3.15,99,10,0,1,1.125,0.647,0,1.028,0
2026-07-06T10:25:50+08:00,0.2,4768,10,0,3,1.219,0.008,0,0.036,1
2026-07-06T10:33:10+08:00,9.84,492,10,0,3,1.108,1.021,0,1.778,0
2026-07-06T10:50:36+08:00,2.78,218,10,0,1,1.055,0.18,0,-1.373,0
2026-07-06T10:54:32+08:00,2.29,92,10,0,1,1.141,0.767,0,0.421,0
2026-07-06T11:04:16+08:00,2.67,8,11,0,1,1.104,0.5,0,-0.711,0
2026-07-06T11:27:29+08:00,5.52,280,11,0,0,1.065,1.569,0,0.006,0
2026-07-06T11:30:14+08:00,7.65,619,11,0,3,1.041,1.477,0,-1.032,0
2026-07-06T11:59:53+08:00,8.17,94,11,0,0,1.033,1.449,0,-0.808,0
2026-07-06T12:02:35+08:00,2.64,457,12,0,0,1.146,0.416,0,-1.317,0
2026-07-06T12:10:20+08:00,6.65,167,12,0,2,1.063,1.313,0,0.707,0
2026-07-06T12:34:58+08:00,0.74,34,12,0,1,1.064,0.09,0,0.845,0
2026-07-06T12:36:59+08:00,7.09,170,12,0,3,1.126,1.975,0,0.432,0
2026-07-06T13:10:42+08:00,7.39,412,13,0,0,1.138,0.406,0,-2.08,0
2026-07-06T13:12:14+08:00,10.28,563,13,0,3,1.028,1.709,0,-1.111,0
2026-07-06T13:24:50+08:00,2.04,24,13,0,1,1.045,0.669,0,0.402,0
2026-07-06T13:36:03+08:00,1.1,66,13,0,1,1.085,0.075,0,-0.93,0
2026-07-06T13:46:12+08:00,1.76,84,13,0,0,1.076,0.312,0,-0.646,0
2026-07-06T14:34:13+08:00,0.31,997,14,0,3,1.097,0.015,0,0.098,1
2026-07-06T14:52:11+08:00,0.46,2644,14,0,1,1.044,0.007,0,0.115,1
2026-07-06T15:06:00+08:00,3.62,82,15,0,3,1.057,0.831,0,-1.912,0
2026-07-06T15:30:20+08:00,5.83,152,15,0,0,1.112,0.889,0,0.984,0
2026-07-06T16:06:03+08:00,9.78,668,16,0,0,1.046,1.607,0,-2.272,0
2026-07-06T17:02:52+08:00,1.53,53,17,0,1,1.046,0.155,0,2.699,0
2026-07-06T17:08:30+08:00,3.56,86,17,0,1,1.077,0.27,0,-2.011,0
2026-07-06T17:18:07+08:00,1.67,22,17,0,1,1.024,0.502,0,0.516,0
2026-07-06T17:20:33+08:00,2.76,73,17,0,1,1.118,0.845,0,0.578,0
2026-07-06T17:24:23+08:00,11.37,86,17,0,3,1.065,1.306,0,0.709,0
2026-07-06T17:32:34+08:00,2.03,27,17,0,1,1.101,0.699,0,-0.699,0
2026-07-06T17:32:47+08:00,7.42,545,17,0,3,1.028,2.194,0,-0.857,0
2026-07-06T17:40:28+08:00,5.75,91,17,0,2,1.104,1.603,0,-1.499,0
2026-07-06T17:40:42+08:00,1.82,33,17,0,1,1.069,0.527,0,-0.345,0
2026-07-06T17:43:53+08:00,1.31,25,17,0,1,1.049,0.137,0,-0.649,0
2026-07-06T17:55:41+08:00,10.62,605,17,0,3,1.007,2.115,0,-1.444,0
2026-07-06T18:11:23+08:00,2.8,61,18,0,1,1.079,0.691,0,0.005,0
2026-07-06T18:31:10+08:00,8.05,85,18,0,0,1.1,1.96,0,-0.704,0
2026-07-06T18:33:28+08:00,5.52,334,18,0,0,1.028,0.723,0,0.275,0
2026-07-06T18:39:36+08:00,8.17,162,18,0,3,1.1,1.338,0,-1.443,0
2026-07-06T18:56:26+08:00,3.06,13,18,0,1,1.0,0.507,0,0.382,0
2026-07-06T18:57:28+08:00,5.87,429,18,0,0,1.116,1.369,0,0.916,0
2026-07-06T18:59:47+08:00,7.87,118,18,0,3,1.127,1.923,0,2.079,0
2026-07-06T19:02:49+08:00,6.1,94,19,0,0,1.099,0.615,0,0.077,0
2026-07-06T19:15:38+08:00,3.27,78,19,0,1,1.133,0.797,0,1.189,0
2026-07-06T19:15:55+08:00,8.72,119,19,0,0,1.098,1.166,0,2.087,0
2026-07-06T19:46:10+08:00,7.32,89,19,0,0,1.132,2.117,0,1.668,0
2026-07-06T19:56:01+08:00,5.03,112,19,0,2,1.094,0.935,0,-0.199,0
2026-07-06T20:21:20+08:00,7.1,61,20,0,2,1.093,1.619,0,0.592,0
2026-07-06T20:23:10+08:00,9.47,194,20,0,0,1.077,0.631,0,-0.263,0
2026-07-06T20:34:43+08:00,5.65,1057,20,0,3,1.081,1.77,0,1.007,0
2026-07-06T20:38:20+08:00,2.3,18,20,0,1,1.141,0.556,0,-0.107,0
2026-07-06T20:44:07+08:00,0.18,2351,20,0,2,1.158,0.005,0,-0.089,1
2026-07-06T20:46:04+08:00,6.49,102,20,0,0,1.016,0.99,0,0.05,0
2026-07-06T20:56:02+08:00,7.68,136,20,0,0,1.07,2.122,0,-0.715,0
2026-07-06T21:01:35+08:00,6.8,341,21,0,0,1.045,2.003,0,-2.334,0
2026-07-06T21:19:02+08:00,5.65,161,21,0,0,1.135,0.962,0,1.087,0
2026-07-06T21:24:54+08:00,0.3,3626,21,0,1,1.067,0.005,0,-0.044,1
2026-07-06T21:57:07+08:00,3.72,24,21,0,2,1.013,0.704,0,-1.329,0
2026-07-06T21:59:55+08:00,4.95,113,21,0,2,1.114,0.673,0,-0.174,0
2026-07-06T22:01:45+08:00,2.55,144,22,0,1,1.102,0.173,1,-0.69,0
2026-07-06T22:52:07+08:00,2.18,80,22,0,1,1.02,0.681,1,-0.873,0
2026-07-06T22:57:48+08:00,3.85,72,22,0,1,1.079,1.018,1,0.925,0
2026-07-06T23:23:10+08:00,2.26,42,23,0,1,1.081,0.582,1,-0.071,0
2026-07-06T23:27:03+08:00,12.62,1440,23,0,3,1.013,1.822,1,0.136,0
2026-07-06T23:36:45+08:00,0.31,2336,23,0,1,1.083,0.004,1,0.02,1
2026-07-06T23:38:37+08:00,0.27,3090,23,0,3,1.092,0.013,1,-0.144,1
2026-07-06T23:45:44+08:00,3.69,402,23,0,2,1.085,0.698,1,-0.607,0
2026-07-07T00:26:00+08:00,10.19,456,0,1,3,1.035,0.454,1,-0.046,2
2026-07-07T00:51:50+08:00,18.73,282,0,1,2,1.102,0.314,1,-0.286,2
2026-07-07T04:12:45+08:00,19.18,736,4,1,2,1.001,0.679,1,0.106,2
2026-07-07T04:21:28+08:00,0.49,1138,4,1,3,1.068,0.023,1,-0.185,1
2026-07-07T04:29:52+08:00,2.45,11,4,1,1,1.146,0.167,1,-0.811,0
2026-07-07T06:16:09+08:00,2.38,96,6,1,1,1.066,0.481,0,-1.596,0
2026-07-07T06:20:36+08:00,7.05,40,6,1,2,1.076,0.592,0,0.243,0
2026-07-07T06:30:04+08:00,1.59,71,6,1,1,1.064,0.123,0,-1.371,0
2026-07-07T06:34:52+08:00,7.74,783,6,1,3,1.098,0.786,0,0.186,0
2026-07-07T07:00:39+08:00,4.44,171,7,1,0,1.094,0.378,0,1.911,0
2026-07-07T07:04:26+08:00,4.37,35,7,1,2,1.023,0.721,0,2.177,0
2026-07-07T07:06:08+08:00,7.91,887,7,1,3,1.096,2.148,0,1.875,0
2026-07-07T07:28:21+08:00,4.17,91,7,1,2,1.055,0.22,0,-1.681,0
2026-07-07T07:28:55+08:00,5.1,62,7,1,0,1.002,1.051,0,0.217,0
2026-07-07T07:35:20+08:00,2.78,100,7,1,1,1.11,0.191,0,-2.667,0
2026-07-07T07:37:44+08:00,6.4,305,7,1,3,1.041,0.674,0,1.388,0
2026-07-07T07:46:57+08:00,0.86,25,7,1,1,1.103,0.156,0,0.037,0
2026-07-07T07:55:46+08:00,8.0,57,7,1,0,1.01,2.406,0,-1.237,0
2026-07-07T08:03:37+08:00,7.93,794,8,1,3,1.099,1.555,0,-1.835,0
2026-07-07T08:04:11+08:00,11.59,749,8,1,0,1.033,2.913,0,-0.532,0
2026-07-07T08:13:23+08:00,8.93,2259,8,1,3,1.082,2.372,0,-0.557,0
2026-07-07T08:19:32+08:00,6.7,222,8,1,2,1.036,0.618,0,-1.368,0
2026-07-07T08:21:41+08:00,3.38,162,8,1,1,1.084,0.305,0,-0.787,0
2026-07-07T08:39:40+08:00,2.77,56,8,1,0,1.077,0.814,0,1.293,0
2026-07-07T08:48:49+08:00,3.55,223,8,1,0,1.084,0.918,0,0.8,0
2026-07-07T08:52:25+08:00,3.64,13,8,1,1,1.009,1.035,0,1.274,0
2026-07-07T09:00:43+08:00,0.77,12,9,1,1,1.05,0.049,0,-0.626,0
2026-07-07T09:10:45+08:00,8.24,212,9,1,0,1.04,2.574,0,1.656,0
2026-07-07T09:11:52+08:00,9.72,1513,9,1,3,1.029,0.533,0,1.655,0
2026-07-07T09:31:38+08:00,2.8,15,9,1,1,1.124,0.858,0,1.332,0
2026-07-07T09:46:11+08:00,8.7,132,9,1,3,1.077,1.728,0,0.303,0
2026-07-07T10:40:47+08:00,2.37,45,10,1,1,1.092,0.235,0,-0.405,0
2026-07-07T10:52:25+08:00,8.14,854,10,1,3,1.088,0.566,0,0.493,0
2026-07-07T11:07:54+08:00,3.49,43,11,1,1,1.147,0.55,0,1.067,0
2026-07-07T11:21:12+08:00,1.75,68,11,1,1,1.134,0.176,0,-3.112,0
2026-07-07T11:33:42+08:00,7.54,205,11,1,0,1.015,0.899,0,0.394,0
2026-07-07T11:45:24+08:00,5.62,133,11,1,2,1.131,1.923,0,-0.406,0
2026-07-07T11:50:49+08:00,0.78,735,11,1,0,1.109,0.054,0,0.599,0
2026-07-07T12:05:51+08:00,7.49,353,12,1,0,1.054,2.611,0,2.761,0
2026-07-07T12:06:02+08:00,1.29,13,12,1,1,1.003,0.252,0,0.927,0
2026-07-07T12:20:32+08:00,0.36,2131,12,1,3,1.228,0.008,0,-0.076,1
2026-07-07T13:05:21+08:00,2.8,60,13,1,0,1.042,0.633,0,0.117,0
2026-07-07T15:14:36+08:00,5.71,485,15,1,0,1.017,0.642,0,-2.015,0
2026-07-07T15:55:06+08:00,3.18,17,15,1,1,1.024,0.481,0,0.424,0
2026-07-07T15:55:54+08:00,6.31,307,15,1,2,1.078,1.098,0,1.711,0
2026-07-07T16:18:36+08:00,8.24,826,16,1,0,1.071,2.537,0,1.528,0
2026-07-07T16:55:42+08:00,5.97,284,16,1,2,1.0,1.87,0,1.454,0
2026-07-07T17:10:56+08:00,5.27,196,17,1,2,1.136,0.892,0,-1.28,0
2026-07-07T17:36:02+08:00,9.29,165,17,1,3,1.026,3.211,0,-0.349,0
2026-07-07T17:43:11+08:00,4.42,413,17,1,0,1.071,0.46,0,2.102,0
2026-07-07T17:49:25+08:00,2.83,119,17,1,1,1.058,0.526,0,0.39,0
2026-07-07T18:02:24+08:00,9.99,816,18,1,0,1.124,1.264,0,0.862,0
2026-07-07T18:05:52+08:00,9.1,712,18,1,3,1.114,2.312,0,0.154,0
2026-07-07T18:08:21+08:00,7.6,152,18,1,3,1.084,0.533,0,-0.779,0
2026-07-07T18:08:47+08:00,5.91,183,18,1,3,1.043,1.678,0,-1.776,0
2026-07-07T18:11:20+08:00,4.72,786,18,1,0,1.054,1.329,0,-1.868,0
2026-07-07T18:17:26+08:00,7.83,784,18,1,3,1.041,1.811,0,0.535,0
2026-07-07T18:18:32+08:00,0.27,1713,18,1,2,1.154,0.011,0,0.143,1
2026-07-07T18:22:47+08:00,0.27,5530,18,1,3,1.002,0.011,0,0.205,1
2026-07-07T18:28:28+08:00,1.65,51,18,1,1,1.141,0.221,0,-1.879,0
2026-07-07T18:28:28+08:00,5.56,240,18,1,3,1.028,1.563,0,0.511,0
2026-07-07T18:28:50+08:00,7.12,60,18,1,0,1.07,0.491,0,1.174,0
2026-07-07T18:38:53+08:00,17.65,523,18,1,3,1.154,0.813,0,-0.238,2
2026-07-07T18:49:29+08:00,8.64,541,18,1,2,1.148,1.417,0,-0.896,0
2026-07-07T18:50:07+08:00,17.41,773,18,1,2,1.052,0.242,0,0.265,2
2026-07-07T18:52:40+08:00,2.77,17,18,1,1,1.006,0.204,0,0.718,0
2026-07-07T19:02:17+08:00,0.29,1896,19,1,1,1.15,0.003,0,0.056,1
2026-07-07T19:03:11+08:00,8.82,1086,19,1,3,1.042,2.103,0,-0.082,0
2026-07-07T19:08:18+08:00,7.64,94,19,1,0,1.007,0.793,0,2.087,0
2026-07-07T19:18:42+08:00,5.51,34,19,1,2,1.113,1.545,0,-0.375,0
2026-07-07T19:24:02+08:00,3.75,800,19,1,0,1.115,1.095,0,0.904,0
2026-07-07T19:25:38+08:00,8.45,350,19,1,0,1.115,2.787,0,0.33,0
2026-07-07T19:34:39+08:00,7.1,88,19,1,2,1.033,2.072,0,1.243,0
2026-07-07T19:46:57+08:00,5.3,132,19,1,2,1.089,1.05,0,1.58,0
2026-07-07T19:59:38+08:00,3.39,24,19,1,1,1.132,0.373,0,-0.372,0
2026-07-07T20:04:46+08:00,0.87,46,20,1,1,1.123,0.19,0,1.025,0
2026-07-07T20:05:35+08:00,8.11,205,20,1,3,1.114,1.366,0,2.299,0
2026-07-07T20:06:20+08:00,2.26,111,20,1,3,1.026,0.659,0,0.073,0
2026-07-07T20:20:35+08:00,3.08,62,20,1,1,1.037,0.688,0,1.512,0
2026-07-07T20:21:22+08:00,1.3,191,20,1,2,1.129,0.371,0,0.077,0
2026-07-07T20:33:26+08:00,3.94,506,20,1,2,1.001,1.145,0,-0.127,0
2026-07-07T20:45:38+08:00,4.12,99,20,1,0,1.112,1.155,0,1.556,0
2026-07-07T20:53:03+08:00,3.85,153,20,1,2,1.085,0.394,0,1.192,0
2026-07-07T20:56:50+08:00,6.57,153,20,1,0,1.103,0.464,0,-1.751,0
2026-07-07T21:23:23+08:00,8.33,94,21,1,2,1.068,2.762,0,-0.112,0
2026-07-07T21:31:45+08:00,3.05,56,21,1,1,1.098,0.223,0,0.88,0
2026-07-07T21:37:34+08:00,9.35,217,21,1,3,1.118,1.492,0,-1.044,0
2026-07-07T22:32:52+08:00,9.3,252,22,1,0,1.093,0.779,1,1.065,0
2026-07-07T22:36:36+08:00,7.05,23,22,1,2,1.018,2.188,1,-0.385,0
2026-07-07T22:40:20+08:00,3.32,626,22,1,0,1.017,1.099,1,-1.269,0
2026-07-07T23:09:42+08:00,7.55,445,23,1,3,1.145,0.624,1,0.253,0
2026-07-07T23:25:59+08:00,0.35,866,23,1,2,1.041,0.012,1,-0.183,1
2026-07-07T23:52:21+08:00,6.48,90,23,1,2,1.036,0.695,1,2.718,0
2026-07-07T23:56:55+08:00,6.94,194,23,1,3,1.034,2.102,1,0.34,0
2026-07-07T23:57:41+08:00,6.58,178,23,1,2,1.138,0.477,1,-0.192,0
2026-07-08T00:13:54+08:00,18.41,1205,0,2,2,1.094,0.806,1,-0.455,2
2026-07-08T04:01:54+08:00,3.1,19,4,2,1,1.097,0.356,1,-0.095,0
2026-07-08T04:32:35+08:00,0.46,1318,4,2,1,1.252,0.011,1,-0.008,1
2026-07-08T06:06:30+08:00,1.22,12,6,2,1,1.02,0.206,0,2.937,0
2026-07-08T06:29:35+08:00,0.79,187,6,2,1,1.084,0.207,0,1.086,0
2026-07-08T06:36:54+08:00,3.45,21,6,2,1,1.122,1.121,0,1.033,0
2026-07-08T06:44:19+08:00,5.66,465,6,2,2,1.073,1.82,0,1.429,0
2026-07-08T06:46:28+08:00,8.94,71,6,2,0,1.004,1.827,0,0.482,0
2026-07-08T06:46:53+08:00,5.26,743,6,2,3,1.013,0.661,0,2.108,0
2026-07-08T06:49:05+08:00,5.63,450,6,2,0,1.115,1.37,0,0.17,0
2026-07-08T06:53:08+08:00,11.21,335,6,2,3,1.022,1.749,0,-2.141,0
2026-07-08T06:54:13+08:00,6.03,48,6,2,2,1.132,0.847,0,0.042,0
2026-07-08T06:59:33+08:00,7.74,393,6,2,3,1.069,2.538,0,-0.152,0
2026-07-08T07:01:59+08:00,0.32,1052,7,2,2,1.137,0.005,0,0.089,1
2026-07-08T07:02:27+08:00,9.92,2265,7,2,3,1.023,0.253,0,-0.266,2
2026-07-08T07:10:40+08:00,3.03,22,7,2,1,1.037,0.31,0,-1.353,0
2026-07-08T07:34:27+08:00,10.34,793,7,2,3,1.021,2.193,0,-1.163,0
2026-07-08T07:40:22+08:00,3.85,29,7,2,1,1.022,0.955,0,0.198,0
2026-07-08T08:36:09+08:00,10.67,1612,8,2,3,1.092,2.536,0,0.617,0
2026-07-08T08:39:51+08:00,4.33,30,8,2,1,1.032,0.776,0,-0.038,0
2026-07-08T08:46:38+08:00,4.51,204,8,2,0,1.143,0.383,0,-0.887,0
2026-07-08T09:37:32+08:00,1.29,322,9,2,3,1.113,0.304,0,-1.091,0
2026-07-08T09:51:27+08:00,0.96,27,9,2,1,1.083,0.081,0,0.26,0
2026-07-08T09:57:33+08:00,0.49,1450,9,2,3,1.143,0.01,0,-0.327,1
2026-07-08T10:07:35+08:00,9.15,43,10,2,0,1.022,2.002,0,0.759,0
2026-07-08T10:17:39+08:00,0.36,3408,10,2,3,1.186,0.009,0,-0.016,1
2026-07-08T10:18:11+08:00,3.14,2812,10,2,3,1.098,0.543,0,1.353,0
2026-07-08T10:23:51+08:00,1.48,401,10,2,0,1.017,0.489,0,-1.052,0
2026-07-08T10:36:34+08:00,8.9,115,10,2,2,1.095,2.649,0,-0.046,0
2026-07-08T11:14:34+08:00,0.47,1591,11,2,3,1.052,0.006,0,0.254,1
2026-07-08T11:38:27+08:00,4.11,116,11,2,0,1.043,1.173,0,2.414,0
2026-07-08T11:46:16+08:00,8.57,237,11,2,2,1.042,1.995,0,-1.815,0
2026-07-08T12:33:26+08:00,8.85,248,12,2,3,1.008,1.394,0,0.277,0
2026-07-08T12:41:49+08:00,4.5,149,12,2,2,1.141,0.369,0,-0.151,0
2026-07-08T13:26:12+08:00,2.88,884,13,2,3,1.13,0.776,0,-2.254,0
2026-07-08T13:34:21+08:00,5.02,70,13,2,2,1.007,0.758,0,0.14,0
2026-07-08T14:00:24+08:00,0.55,60,14,2,1,1.145,0.04,0,-0.751,0
2026-07-08T14:09:01+08:00,11.31,176,14,2,3,1.147,3.381,0,-1.794,0
2026-07-08T14:23:28+08:00,6.04,120,14,2,0,1.005,1.052,0,-1.876,0
2026-07-08T14:44:22+08:00,6.85,960,14,2,0,1.018,1.284,0,0.296,0
2026-07-08T15:02:17+08:00,8.64,89,15,2,2,1.081,2.534,0,-0.98,0
2026-07-08T15:04:17+08:00,2.76,46,15,2,1,1.084,0.963,0,1.14,0
2026-07-08T15:06:20+08:00,2.2,64,15,2,1,1.101,0.581,0,2.054,0
2026-07-08T15:25:08+08:00,3.94,14,15,2,1,1.069,1.036,0,0.285,0
2026-07-08T15:31:48+08:00,7.43,1033,15,2,3,1.057,0.489,0,0.413,0
2026-07-08T15:53:59+08:00,8.35,223,15,2,0,1.072,1.863,0,0.958,0
2026-07-08T15:54:28+08:00,1.64,62,15,2,1,1.135,0.42,0,1.135,0
2026-07-08T16:03:42+08:00,0.69,61,16,2,1,1.021,0.163,0,-0.67,0
2026-07-08T17:12:05+08:00,0.45,2986,17,2,1,1.091,0.021,0,0.014,1
2026-07-08T17:30:22+08:00,2.15,41,17,2,1,1.105,0.169,0,-0.955,0
2026-07-08T17:36:26+08:00,11.39,192,17,2,3,1.022,2.037,0,0.149,0
2026-07-08T17:52:16+08:00,6.97,73,17,2,0,1.094,1.213,0,-0.03,0
2026-07-08T18:02:07+08:00,3.21,26,18,2,1,1.065,0.304,0,0.971,0
2026-07-08T18:14:42+08:00,6.6,443,18,2,3,1.058,0.906,0,1.637,0
2026-07-08T18:15:47+08:00,3.56,176,18,2,2,1.145,0.444,0,-1.02,0
2026-07-08T18:19:34+08:00,0.25,1362,18,2,1,1.186,0.004,0,0.135,1
2026-07-08T18:38:55+08:00,6.14,469,18,2,2,1.148,1.782,0,0.385,0
2026-07-08T18:42:53+08:00,9.91,486,18,2,0,1.12,3.325,0,1.923,0
2026-07-08T18:47:15+08:00,5.15,266,18,2,2,1.14,0.551,0,-0.341,0
2026-07-08T18:47:42+08:00,1.91,358,18,2,0,1.107,0.497,0,-1.761,0
2026-07-08T18:55:43+08:00,7.87,842,18,2,3,1.07,0.571,0,2.329,0
2026-07-08T19:00:57+08:00,0.23,777,19,2,2,1.117,0.009,0,0.088,1
2026-07-08T19:06:48+08:00,6.23,33,19,2,0,1.045,2.061,0,-0.288,0
2026-07-08T19:10:28+08:00,7.85,907,19,2,3,1.118,1.753,0,0.936,0
2026-07-08T19:12:50+08:00,4.25,25,19,2,2,1.068,1.429,0,0.522,0
2026-07-08T19:18:02+08:00,5.86,341,19,2,3,1.025,1.286,0,0.098,0
2026-07-08T19:27:25+08:00,0.18,2265,19,2,2,1.273,0.003,0,-0.215,1
2026-07-08T19:31:24+08:00,5.24,109,19,2,2,1.097,1.494,0,-0.483,0
2026-07-08T19:31:53+08:00,6.59,79,19,2,2,1.141,0.765,0,0.602,0
2026-07-08T19:46:17+08:00,4.27,90,19,2,2,1.009,1.259,0,0.899,0
2026-07-08T20:00:29+08:00,3.47,30,20,2,1,1.127,0.363,0,-0.579,0
2026-07-08T20:01:01+08:00,6.49,56,20,2,2,1.131,2.165,0,1.178,0
2026-07-08T20:04:53+08:00,9.33,283,20,2,2,1.127,2.907,0,-2.091,0
2026-07-08T20:05:21+08:00,2.92,114,20,2,3,1.024,0.97,0,-1.14,0
2026-07-08T20:10:20+08:00,7.47,236,20,2,2,1.072,1.058,0,0.792,0
2026-07-08T20:15:03+08:00,8.17,171,20,2,3,1.024,2.279,0,-0.155,0
2026-07-08T20:23:45+08:00,3.36,39,20,2,1,1.128,0.296,0,1.4,0
2026-07-08T20:25:51+08:00,17.93,558,20,2,3,1.054,0.405,0,0.057,2
2026-07-08T20:33:57+08:00,7.03,84,20,2,2,1.055,1.513,0,-1.008,0
2026-07-08T20:41:21+08:00,4.66,45,20,2,0,1.081,1.11,0,-1.924,0
2026-07-08T20:45:03+08:00,1.36,252,20,2,2,1.14,0.438,0,0.849,0
2026-07-08T20:45:18+08:00,4.68,255,20,2,2,1.075,1.368,0,-0.925,0
2026-07-08T21:04:49+08:00,5.23,34,21,2,2,1.023,0.452,0,-1.599,0
2026-07-08T21:12:43+08:00,4.37,312,21,2,2,1.093,0.795,0,1.805,0
2026-07-08T21:26:19+08:00,7.5,82,21,2,2,1.129,1.002,0,-0.546,0
2026-07-08T21:29:23+08:00,2.08,31,21,2,1,1.003,0.16,0,-0.971,0
2026-07-08T21:52:49+08:00,4.83,693,21,2,2,1.086,0.667,0,-0.073,0
2026-07-08T22:03:01+08:00,7.22,109,22,2,2,1.042,1.595,1,-0.577,0
2026-07-08T22:18:07+08:00,0.39,1821,22,2,2,1.177,0.015,1,0.196,1
2026-07-08T22:23:37+08:00,3.59,553,22,2,3,1.015,0.282,1,1.435,0
2026-07-08T23:23:50+08:00,0.18,1242,23,2,1,1.002,0.008,1,-0.088,1
2026-07-08T23:31:24+08:00,7.21,57,23,2,2,1.005,0.415,1,-0.851,0
2026-07-08T23:35:10+08:00,0.4,2958,23,2,1,1.257,0.011,1,0.126,1
2026-07-08T23:50:32+08:00,0.11,4694,23,2,1,1.262,0.001,1,-0.016,1
2026-07-08T23:59:24+08:00,9.91,433,23,2,0,1.006,0.547,1,-0.992,0
2026-07-09T00:20:54+08:00,0.48,1057,0,3,2,1.059,0.023,1,-0.102,1
2026-07-09T01:29:01+08:00,0.37,5046,1,3,3,1.229,0.016,1,-0.258,1
2026-07-09T02:29:46+08:00,0.29,1679,2,3,2,1.073,0.009,1,0.209,1
2026-07-09T03:51:51+08:00,21.9,488,3,3,3,1.043,0.243,1,0.124,2
2026-07-09T04:42:03+08:00,12.81,512,4,3,2,1.031,0.674,1,0.064,2
2026-07-09T04:46:28+08:00,24.6,1269,4,3,2,1.063,0.672,1,-0.528,2
2026-07-09T06:01:56+08:00,2.73,54,6,3,1,1.012,0.506,0,1.063,0
2026-07-09T06:03:24+08:00,8.89,146,6,3,0,1.09,1.192,0,2.439,0
2026-07-09T06:04:41+08:00,9.41,128,6,3,3,1.04,0.941,0,0.578,0
2026-07-09T06:07:02+08:00,3.45,29,6,3,1,1.146,1.126,0,-1.319,0
2026-07-09T06:09:46+08:00,2.17,57,6,3,1,1.115,0.21,0,2.324,0
2026-07-09T06:12:30+08:00,11.42,445,6,3,3,1.021,1.324,0,0.672,0
2026-07-09T06:13:02+08:00,7.61,1542,6,3,3,1.116,0.419,0,-1.857,0
2026-07-09T06:15:54+08:00,13.84,314,6,3,0,1.127,4.018,0,-0.704,0
2026-07-09T06:48:50+08:00,5.79,40,6,3,2,1.057,0.382,0,0.09,0
2026-07-09T06:56:04+08:00,4.64,816,6,3,0,1.1,0.828,0,1.15,0
2026-07-09T06:56:42+08:00,7.33,78,6,3,2,1.084,1.296,0,0.842,0
2026-07-09T07:01:31+08:00,7.3,65,7,3,2,1.124,0.904,0,-0.194,0
2026-07-09T07:19:17+08:00,0.3,96,7,3,0,1.078,0.077,0,-1.376,0
2026-07-09T07:23:26+08:00,6.45,122,7,3,0,1.132,0.585,0,0.356,0
2026-07-09T07:23:56+08:00,4.05,172,7,3,2,1.014,0.763,0,-0.11,0
2026-07-09T07:26:05+08:00,12.22,1032,7,3,3,1.028,3.798,0,-0.522,0
2026-07-09T07:32:04+08:00,10.61,323,7,3,3,1.138,0.85,0,-0.481,0
2026-07-09T07:46:23+08:00,10.65,221,7,3,3,1.001,0.876,0,-1.496,0
2026-07-09T07:48:17+08:00,2.54,9,7,3,1,1.098,0.469,0,0.503,0
2026-07-09T07:59:34+08:00,0.36,3842,7,3,3,1.184,0.011,0,0.219,1
2026-07-09T08:17:31+08:00,3.98,66,8,3,2,1.099,0.384,0,-1.624,0
2026-07-09T08:23:49+08:00,1.57,244,8,3,0,1.106,0.125,0,-1.352,0
2026-07-09T08:24:03+08:00,2.06,11,8,3,1,1.131,0.296,0,-1.123,0
2026-07-09T08:27:22+08:00,0.8,15,8,3,1,1.036,0.208,0,-0.618,0
2026-07-09T08:27:26+08:00,7.68,545,8,3,0,1.009,1.77,0,-0.9,0
2026-07-09T08:38:49+08:00,9.27,1469,8,3,3,1.051,1.324,0,-0.122,0
2026-07-09T08:42:30+08:00,5.68,664,8,3,0,1.135,1.591,0,-0.693,0
2026-07-09T08:43:48+08:00,11.83,185,8,3,3,1.12,1.369,0,-1.188,0
2026-07-09T08:48:45+08:00,8.67,346,8,3,3,1.064,0.445,0,-2.478,0
2026-07-09T08:55:19+08:00,2.79,29,8,3,1,1.038,0.228,0,0.163,0
2026-07-09T08:59:17+08:00,3.28,26,8,3,1,1.078,0.785,0,0.753,0
2026-07-09T09:01:01+08:00,11.65,608,9,3,3,1.079,1.403,0,0.416,0
2026-07-09T09:13:30+08:00,2.35,72,9,3,1,1.012,0.277,0,1.576,0
2026-07-09T09:45:28+08:00,7.85,144,9,3,2,1.058,1.715,0,1.28,0
2026-07-09T09:53:56+08:00,9.36,388,9,3,3,1.045,0.872,0,0.435,0
2026-07-09T09:57:46+08:00,2.13,45,9,3,0,1.053,0.716,0,0.275,0
2026-07-09T10:17:26+08:00,0.26,8384,10,3,3,1.146,0.012,0,0.152,1
2026-07-09T10:25:07+08:00,5.55,210,10,3,0,1.069,1.374,0,0.12,0
2026-07-09T10:35:21+08:00,2.99,15,10,3,1,1.058,0.239,0,2.246,0
2026-07-09T10:51:06+08:00,1.94,165,10,3,0,1.138,0.596,0,-2.281,0
2026-07-09T10:54:07+08:00,3.5,214,10,3,0,1.145,0.393,0,0.259,0
2026-07-09T11:21:17+08:00,8.11,387,11,3,3,1.049,1.592,0,-0.946,0
2026-07-09T11:27:49+08:00,3.17,23,11,3,1,1.114,0.958,0,0.119,0
2026-07-09T11:43:01+08:00,1.66,11,11,3,1,1.08,0.302,0,0.643,0
2026-07-09T12:07:20+08:00,4.64,133,12,3,2,1.013,1.22,0,0.049,0
2026-07-09T12:09:05+08:00,3.02,62,12,3,1,1.025,0.515,0,-0.129,0
2026-07-09T12:20:51+08:00,0.48,1587,12,3,3,1.272,0.016,0,-0.343,1
2026-07-09T12:31:05+08:00,5.17,157,12,3,3,1.047,0.534,0,0.372,0
2026-07-09T12:36:56+08:00,6.42,542,12,3,2,1.132,1.729,0,-0.101,0
2026-07-09T12:53:57+08:00,7.77,77,12,3,2,1.104,1.358,0,-1.354,0
2026-07-09T13:30:14+08:00,3.9,101,13,3,2,1.09,0.497,0,-0.31,0
2026-07-09T13:34:28+08:00,10.54,1755,13,3,3,1.061,3.666,0,2.239,0
2026-07-09T13:41:04+08:00,7.26,390,13,3,3,1.041,0.417,0,0.473,0
2026-07-09T13:47:30+08:00,6.42,81,13,3,2,1.107,0.988,0,-0.936,0
2026-07-09T13:48:07+08:00,14.53,729,13,3,2,1.125,0.667,0,0.11,2
2026-07-09T13:49:50+08:00,2.21,110,13,3,1,1.083,0.744,0,-0.234,0
2026-07-09T13:54:01+08:00,2.04,18,13,3,1,1.14,0.473,0,1.043,0
2026-07-09T14:05:43+08:00,0.47,2767,14,3,1,1.147,0.014,0,-0.228,1
2026-07-09T14:13:09+08:00,9.17,1085,14,3,3,1.066,1.092,0,-0.09,0
2026-07-09T14:13:21+08:00,0.48,5811,14,3,2,1.166,0.01,0,-0.144,1
2026-07-09T14:16:39+08:00,15.73,306,14,3,1,1.044,0.832,0,-0.441,2
2026-07-09T14:37:25+08:00,4.71,104,14,3,2,1.104,1.247,0,0.235,0
2026-07-09T14:56:42+08:00,6.85,301,14,3,3,1.141,1.95,0,-1.66,0
2026-07-09T15:04:12+08:00,19.81,2711,15,3,2,1.008,1.171,0,0.401,2
2026-07-09T15:06:28+08:00,2.5,29,15,3,1,1.055,0.794,0,1.354,0
2026-07-09T15:12:00+08:00,5.88,608,15,3,0,1.013,1.349,0,2.044,0
2026-07-09T15:16:21+08:00,1.93,96,15,3,0,1.083,0.294,0,-1.551,0
2026-07-09T15:59:07+08:00,4.73,1297,15,3,0,1.09,0.244,0,0.924,0
2026-07-09T16:08:07+08:00,2.76,22,16,3,1,1.05,0.165,0,1.062,0
2026-07-09T16:49:05+08:00,8.68,160,16,3,0,1.133,1.672,0,1.472,0
2026-07-09T17:10:29+08:00,2.66,54,17,3,1,1.108,0.433,0,-0.19,0
2026-07-09T17:29:38+08:00,5.6,487,17,3,0,1.073,1.273,0,-0.33,0
2026-07-09T17:36:02+08:00,10.62,235,17,3,0,1.143,3.715,0,-0.541,0
2026-07-09T17:44:22+08:00,7.03,184,17,3,2,1.053,1.592,0,-2.661,0
2026-07-09T18:03:02+08:00,1.25,39,18,3,1,1.132,0.199,0,-0.707,0
2026-07-09T18:05:15+08:00,0.3,20,18,3,1,1.136,0.04,0,0.766,0
2026-07-09T18:28:38+08:00,1.65,9,18,3,1,1.041,0.102,0,-0.998,0
2026-07-09T18:40:46+08:00,7.26,210,18,3,0,1.134,2.358,0,-0.686,0
2026-07-09T18:40:51+08:00,2.41,15,18,3,1,1.014,0.515,0,-2.376,0
2026-07-09T18:42:48+08:00,0.5,3491,18,3,1,1.26,0.015,0,0.202,1
2026-07-09T18:50:57+08:00,3.1,10,18,3,1,1.138,1.083,0,-0.163,0
2026-07-09T18:57:16+08:00,11.04,547,18,3,3,1.13,1.48,0,-0.287,0
2026-07-09T19:13:29+08:00,5.45,338,19,3,2,1.119,0.421,0,-1.35,0
2026-07-09T19:15:42+08:00,0.36,1716,19,3,2,1.258,0.014,0,0.167,1
2026-07-09T19:25:32+08:00,0.12,988,19,3,1,1.127,0.002,0,-0.073,1
2026-07-09T19:41:05+08:00,7.63,92,19,3,3,1.002,0.798,0,-0.508,0
2026-07-09T19:45:33+08:00,9.12,140,19,3,3,1.016,1.084,0,-0.824,0
2026-07-09T19:57:21+08:00,5.61,706,19,3,0,1.032,1.885,0,-0.428,0
2026-07-09T20:13:32+08:00,2.81,10,20,3,1,1.094,0.619,0,-1.034,0
2026-07-09T20:17:13+08:00,5.07,37,20,3,2,1.033,1.023,0,-0.987,0
2026-07-09T20:39:53+08:00,0.3,109,20,3,0,1.054,0.054,0,0.016,0
2026-07-09T20:40:14+08:00,8.46,845,20,3,3,1.019,1.965,0,-0.616,0
2026-07-09T21:18:30+08:00,4.74,298,21,3,2,1.077,1.526,0,1.756,0
2026-07-09T21:49:39+08:00,3.37,25,21,3,1,1.06,0.996,0,0.013,0
2026-07-09T21:55:50+08:00,7.77,39,21,3,0,1.022,2.448,0,0.25,0
2026-07-09T22:03:56+08:00,5.37,129,22,3,0,1.107,1.34,1,-0.277,0
2026-07-09T22:13:02+08:00,0.2,756,22,3,1,1.151,0.008,1,-0.267,1
2026-07-09T22:15:51+08:00,0.4,2048,22,3,2,1.256,0.005,1,0.062,1
2026-07-09T22:43:45+08:00,10.04,190,22,3,0,1.028,1.488,1,1.715,0
2026-07-09T22:45:23+08:00,7.01,847,22,3,3,1.138,1.631,1,-0.434,0
2026-07-09T23:36:44+08:00,7.77,448,23,3,0,1.061,1.809,1,-0.991,0
2026-07-09T23:59:45+08:00,1.89,67,23,3,1,1.019,0.455,1,-1.734,0
2026-07-09T23:59:50+08:00,1.95,31,23,3,1,1.009,0.319,1,0.075,0
2026-07-10T00:34:17+08:00,0.46,1151,0,4,2,1.26,0.005,1,-0.4,1
2026-07-10T00:37:37+08:00,3.96,222,0,4,2,1.107,1.347,1,-0.534,0
2026-07-10T01:39:44+08:00,21.92,898,1,4,1,1.072,1.213,1,-0.106,2
2026-07-10T02:38:10+08:00,0.47,3594,2,4,2,1.023,0.02,1,0.116,1
2026-07-10T06:15:59+08:00,0.12,2589,6,4,2,1.239,0.005,0,-0.527,1
2026-07-10T06:20:36+08:00,7.01,301,6,4,3,1.049,2.109,0,-1.253,0
2026-07-10T06:40:16+08:00,4.0,31,6,4,2,1.108,0.551,0,0.342,0
2026-07-10T06:51:47+08:00,10.74,208,6,4,0,1.025,1.009,0,-0.137,0
2026-07-10T07:04:32+08:00,6.57,356,7,4,3,1.091,2.213,0,0.267,0
2026-07-10T07:05:24+08:00,3.17,52,7,4,1,1.094,0.984,0,-0.709,0
2026-07-10T07:08:11+08:00,6.53,1267,7,4,3,1.14,0.665,0,0.125,0
2026-07-10T07:14:52+08:00,8.58,216,7,4,0,1.113,2.428,0,0.354,0
2026-07-10T07:21:09+08:00,5.5,383,7,4,0,1.067,1.063,0,-0.127,0
2026-07-10T07:24:17+08:00,5.47,114,7,4,2,1.078,1.758,0,-1.435,0
2026-07-10T07:33:41+08:00,11.07,1010,7,4,3,1.003,1.311,0,-0.286,0
2026-07-10T07:38:13+08:00,8.45,75,7,4,2,1.133,2.304,0,1.492,0
2026-07-10T07:43:18+08:00,2.15,41,7,4,0,1.021,0.661,0,-0.371,0
2026-07-10T07:47:06+08:00,5.51,233,7,4,2,1.101,1.79,0,-1.012,0
2026-07-10T08:00:02+08:00,1.06,21,8,4,1,1.134,0.158,0,-0.634,0
2026-07-10T08:11:39+08:00,3.05,25,8,4,2,1.129,0.344,0,1.291,0
2026-07-10T08:12:40+08:00,0.28,3166,8,4,3,1.194,0.01,0,-0.149,1
2026-07-10T08:17:00+08:00,8.52,394,8,4,3,1.007,1.445,0,-0.713,0
2026-07-10T08:18:54+08:00,7.36,310,8,4,3,1.147,0.687,0,0.288,0
2026-07-10T08:29:18+08:00,6.56,505,8,4,2,1.111,0.394,0,1.143,0
2026-07-10T08:36:25+08:00,2.27,18,8,4,1,1.074,0.174,0,1.371,0
2026-07-10T09:16:10+08:00,8.16,297,9,4,0,1.119,1.642,0,-0.076,0
2026-07-10T09:17:10+08:00,0.22,626,9,4,2,1.267,0.002,0,0.29,1
2026-07-10T09:19:09+08:00,9.41,210,9,4,2,1.078,0.246,0,-0.693,2
2026-07-10T09:32:36+08:00,2.65,11,9,4,1,1.057,0.459,0,-0.138,0
2026-07-10T09:32:52+08:00,6.82,578,9,4,2,1.056,1.085,0,1.688,0
2026-07-10T09:45:13+08:00,6.4,166,9,4,2,1.034,2.188,0,0.844,0
2026-07-10T09:46:30+08:00,11.58,81,9,4,3,1.009,3.254,0,-0.267,0
2026-07-10T09:53:37+08:00,6.64,683,9,4,0,1.076,1.968,0,-1.203,0
2026-07-10T09:54:10+08:00,13.19,294,9,4,0,1.106,2.836,0,-0.713,0
2026-07-10T10:36:43+08:00,1.87,55,10,4,1,1.108,0.101,0,1.7,0
2026-07-10T10:47:34+08:00,0.2,937,10,4,2,1.015,0.009,0,-0.23,1
2026-07-10T11:25:26+08:00,2.82,525,11,4,2,1.146,0.553,0,0.971,0
2026-07-10T11:28:42+08:00,0.3,930,11,4,0,1.126,0.054,0,-0.903,0
2026-07-10T11:36:52+08:00,6.78,421,11,4,3,1.043,0.489,0,-1.024,0
2026-07-10T11:37:18+08:00,4.23,51,11,4,0,1.077,0.712,0,-2.633,0
2026-07-10T11:43:47+08:00,0.48,2144,11,4,2,1.118,0.021,0,-0.244,1
2026-07-10T11:49:54+08:00,5.1,235,11,4,3,1.118,0.602,0,-1.052,0
2026-07-10T12:04:00+08:00,24.48,692,12,4,3,1.018,1.244,0,-0.106,2
2026-07-10T12:38:14+08:00,9.38,548,12,4,2,1.072,0.495,0,0.142,0
2026-07-10T12:44:40+08:00,7.43,192,12,4,2,1.014,0.485,0,-0.545,0
2026-07-10T13:16:29+08:00,2.56,65,13,4,1,1.136,0.622,0,-0.466,0
2026-07-10T13:37:27+08:00,5.02,191,13,4,2,1.147,0.643,0,1.842,0
2026-07-10T13:40:02+08:00,6.03,75,13,4,2,1.044,1.057,0,-0.26,0
2026-07-10T14:11:31+08:00,4.22,57,14,4,2,1.148,1.328,0,-0.601,0
2026-07-10T15:06:25+08:00,0.14,1355,15,4,2,1.194,0.005,0,0.529,1
2026-07-10T15:16:37+08:00,10.92,161,15,4,3,1.067,3.467,0,-0.172,0
2026-07-10T15:23:32+08:00,8.28,480,15,4,3,1.048,1.911,0,0.103,0
2026-07-10T15:42:40+08:00,8.23,125,15,4,3,1.122,2.534,0,1.903,0
2026-07-10T16:01:49+08:00,6.41,202,16,4,2,1.085,0.603,0,-1.544,0
2026-07-10T16:58:16+08:00,3.23,11,16,4,1,1.002,0.48,0,-0.724,0
2026-07-10T17:12:04+08:00,9.06,63,17,4,0,1.052,1.66,0,-0.285,0
2026-07-10T17:15:06+08:00,8.53,223,17,4,0,1.139,1.809,0,-0.197,0
2026-07-10T17:26:42+08:00,3.7,184,17,4,0,1.023,0.957,0,1.032,0
2026-07-10T17:28:50+08:00,2.75,8,17,4,1,1.035,0.907,0,-0.49,0
2026-07-10T17:30:57+08:00,2.92,166,17,4,1,1.082,0.59,0,-0.306,0
2026-07-10T17:42:48+08:00,9.11,863,17,4,3,1.097,0.926,0,1.782,0
2026-07-10T17:57:06+08:00,6.8,292,17,4,0,1.061,1.466,0,-0.288,0
2026-07-10T18:07:09+08:00,2.29,31,18,4,1,1.051,0.65,0,-0.96,0
2026-07-10T18:08:13+08:00,5.17,42,18,4,2,1.019,1.334,0,1.866,0
2026-07-10T18:15:48+08:00,4.15,80,18,4,1,1.074,1.349,0,-1.97,0
2026-07-10T18:29:04+08:00,4.56,783,18,4,0,1.072,1.328,0,-0.711,0
2026-07-10T18:32:19+08:00,3.57,26,18,4,1,1.047,1.087,0,0.755,0
2026-07-10T18:35:46+08:00,3.5,169,18,4,1,1.005,0.64,0,1.374,0
2026-07-10T18:36:28+08:00,6.98,406,18,4,2,1.119,2.329,0,-2.771,0
2026-07-10T18:40:15+08:00,5.04,131,18,4,2,1.078,0.429,0,-0.265,0
2026-07-10T18:41:26+08:00,7.28,324,18,4,3,1.135,2.087,0,-2.623,0
2026-07-10T19:11:06+08:00,1.08,430,19,4,0,1.116,0.088,0,0.68,0
2026-07-10T19:13:55+08:00,4.03,1260,19,4,3,1.045,1.335,0,-0.671,0
2026-07-10T19:16:35+08:00,0.3,484,19,4,0,1.078,0.08,0,0.01,0
2026-07-10T19:29:43+08:00,7.5,44,19,4,2,1.147,2.253,0,-0.054,0
2026-07-10T19:38:05+08:00,2.66,48,19,4,0,1.139,0.218,0,-0.955,0
2026-07-10T19:45:29+08:00,10.08,488,19,4,3,1.079,3.101,0,0.501,0
2026-07-10T19:54:13+08:00,4.32,83,19,4,1,1.078,0.551,0,0.821,0
2026-07-10T20:13:08+08:00,1.66,215,20,4,2,1.021,0.291,0,1.83,0
2026-07-10T20:13:45+08:00,6.87,247,20,4,2,1.006,1.019,0,-2.256,0
2026-07-10T20:23:09+08:00,9.84,210,20,4,3,1.14,1.885,0,-2.026,0
2026-07-10T20:24:10+08:00,3.46,97,20,4,0,1.123,0.181,0,-1.55,0
2026-07-10T20:27:28+08:00,5.81,162,20,4,3,1.066,1.234,0,-0.73,0
2026-07-10T20:56:45+08:00,5.04,177,20,4,0,1.005,1.094,0,1.071,0
2026-07-10T21:03:42+08:00,4.39,805,21,4,2,1.04,0.726,0,1.407,0
2026-07-10T21:16:08+08:00,6.0,556,21,4,0,1.018,0.716,0,-1.268,0
2026-07-10T21:20:24+08:00,5.21,204,21,4,0,1.079,1.056,0,0.016,0
2026-07-10T21:23:03+08:00,4.49,29,21,4,2,1.142,1.432,0,0.284,0
2026-07-10T22:00:46+08:00,5.76,141,22,4,2,1.077,0.924,1,-0.955,0
2026-07-10T22:08:12+08:00,3.36,78,22,4,1,1.039,0.887,1,1.136,0
2026-07-10T22:09:01+08:00,3.74,101,22,4,0,1.075,1.04,1,-0.392,0
2026-07-10T22:28:51+08:00,2.87,465,22,4,2,1.114,0.379,1,2.218,0
2026-07-10T22:31:25+08:00,19.01,726,22,4,2,1.047,1.066,1,-0.061,2
2026-07-10T22:35:33+08:00,7.91,65,22,4,2,1.051,2.365,1,1.33,0
2026-07-10T23:15:13+08:00,8.02,259,23,4,3,1.043,1.94,1,-1.698,0
2026-07-10T23:49:37+08:00,8.07,693,23,4,3,1.08,1.694,1,-0.594,0
2026-07-11T00:15:28+08:00,0.41,1132,0,5,3,1.109,0.02,1,0.253,1
2026-07-11T02:02:18+08:00,0.23,616,2,5,1,1.234,0.006,1,-0.271,1
2026-07-11T03:00:48+08:00,2.66,43,3,5,1,1.095,0.686,1,-0.109,0
2026-07-11T03:34:40+08:00,0.4,2185,3,5,1,1.152,0.013,1,0.007,1
2026-07-11T05:03:21+08:00,4.17,834,5,5,0,1.122,1.419,0,-1.107,0
2026-07-11T06:26:29+08:00,7.17,161,6,5,2,1.002,0.502,0,1.347,0
2026-07-11T06:32:26+08:00,6.04,574,6,5,3,1.084,0.566,0,-0.291,0
2026-07-11T06:38:31+08:00,10.92,151,6,5,0,1.065,1.861,0,1.913,0
2026-07-11T06:45:30+08:00,10.12,1728,6,5,3,1.009,3.424,0,-0.23,0
2026-07-11T06:49:23+08:00,0.3,1244,6,5,0,1.089,0.036,0,-0.3,0
2026-07-11T06:53:30+08:00,6.84,146,6,5,0,1.15,0.63,0,1.233,0
2026-07-11T07:37:41+08:00,22.12,3142,7,5,2,1.022,0.654,0,0.6,2
2026-07-11T07:38:53+08:00,2.15,25,7,5,1,1.093,0.418,0,-0.228,0
2026-07-11T07:54:33+08:00,5.51,162,7,5,2,1.076,1.222,0,-0.168,0
2026-07-11T08:15:33+08:00,0.24,1870,8,5,2,1.073,0.004,0,-0.087,1
2026-07-11T08:18:21+08:00,6.47,673,8,5,2,1.017,2.041,0,-1.036,0
2026-07-11T08:20:47+08:00,2.95,32,8,5,1,1.144,0.431,0,-1.439,0
2026-07-11T08:27:50+08:00,10.33,1671,8,5,3,1.053,0.61,0,-1.531,0
2026-07-11T08:43:44+08:00,4.0,268,8,5,2,1.11,0.906,0,1.306,0
2026-07-11T08:52:29+08:00,3.5,336,8,5,0,1.032,0.65,0,-1.669,0
2026-07-11T08:53:03+08:00,6.65,255,8,5,3,1.038,0.548,0,-0.925,0
2026-07-11T09:39:06+08:00,6.66,122,9,5,2,1.067,1.524,0,1.847,0
2026-07-11T09:55:09+08:00,2.78,16,9,5,1,1.023,0.15,0,0.531,0
2026-07-11T09:56:19+08:00,5.02,429,9,5,2,1.141,1.481,0,-0.454,0
2026-07-11T09:59:48+08:00,6.67,69,9,5,2,1.059,1.679,0,1.826,0
2026-07-11T10:06:35+08:00,4.03,224,10,5,2,1.008,0.965,0,1.346,0
2026-07-11T10:13:15+08:00,5.58,316,10,5,2,1.035,1.928,0,-1.168,0
2026-07-11T10:18:23+08:00,4.36,172,10,5,0,1.05,1.019,0,-0.846,0
2026-07-11T10:30:37+08:00,5.59,1097,10,5,3,1.115,1.284,0,-0.36,0
2026-07-11T10:47:57+08:00,6.95,230,10,5,3,1.025,1.374,0,0.402,0
2026-07-11T10:49:47+08:00,0.64,34,10,5,1,1.079,0.079,0,-0.043,0
2026-07-11T11:34:54+08:00,0.15,3701,11,5,1,1.098,0.006,0,-0.108,1
2026-07-11T11:53:46+08:00,8.59,43,11,5,2,1.13,1.854,0,2.168,0
2026-07-11T11:54:17+08:00,2.41,118,11,5,1,1.01,0.402,0,2.635,0
2026-07-11T12:06:05+08:00,2.47,91,12,5,1,1.123,0.284,0,-0.128,0
2026-07-11T12:13:34+08:00,9.9,687,12,5,3,1.006,2.193,0,1.587,0
2026-07-11T12:38:16+08:00,7.65,142,12,5,2,1.012,0.474,0,-0.498,0
2026-07-11T12:39:17+08:00,0.46,3324,12,5,3,1.008,0.006,0,-0.209,1
2026-07-11T12:43:08+08:00,4.89,30,12,5,2,1.129,1.434,0,-0.096,0
2026-07-11T12:55:49+08:00,8.71,166,12,5,2,1.137,2.462,0,-1.787,0
2026-07-11T13:16:23+08:00,5.68,433,13,5,0,1.071,1.357,0,-0.393,0
2026-07-11T13:20:42+08:00,3.42,131,13,5,2,1.068,1.148,0,1.389,0
2026-07-11T13:47:25+08:00,9.16,72,13,5,3,1.096,2.315,0,0.35,0
2026-07-11T13:49:58+08:00,7.25,35,13,5,0,1.004,1.985,0,0.847,0
2026-07-11T13:59:27+08:00,9.18,1216,13,5,3,1.092,1.659,0,-0.589,0
2026-07-11T14:14:54+08:00,5.49,192,14,5,0,1.016,0.663,0,1.804,0
2026-07-11T14:33:58+08:00,2.72,82,14,5,2,1.08,0.25,0,-0.869,0
2026-07-11T14:48:07+08:00,0.38,1219,14,5,1,1.158,0.014,0,0.145,1
2026-07-11T14:57:32+08:00,4.81,124,14,5,2,1.147,1.604,0,-0.387,0
2026-07-11T14:58:48+08:00,0.12,1060,14,5,1,1.079,0.005,0,-0.004,1
2026-07-11T14:59:39+08:00,2.24,184,14,5,0,1.069,0.519,0,0.819,0
2026-07-11T15:17:12+08:00,11.97,828,15,5,3,1.091,2.966,0,1.701,0
2026-07-11T15:29:50+08:00,9.84,375,15,5,3,1.094,3.126,0,-1.653,0
2026-07-11T15:31:39+08:00,10.04,214,15,5,3,1.113,1.708,0,-1.82,0
2026-07-11T16:13:04+08:00,3.02,76,16,5,1,1.069,0.619,0,0.514,0
2026-07-11T16:16:43+08:00,10.55,176,16,5,3,1.128,1.823,0,0.172,0
2026-07-11T16:17:37+08:00,0.47,3518,16,5,2,1.073,0.012,0,-0.116,1
2026-07-11T16:36:25+08:00,6.34,209,16,5,2,1.141,0.456,0,0.378,0
2026-07-11T16:39:19+08:00,4.1,993,16,5,0,1.09,0.612,0,-1.608,0
2026-07-11T16:42:07+08:00,9.37,430,16,5,0,1.083,2.116,0,1.121,0
2026-07-11T17:18:34+08:00,0.39,689,17,5,2,1.236,0.017,0,-0.029,1
2026-07-11T17:21:13+08:00,8.01,720,17,5,2,1.106,1.056,0,-0.573,0
2026-07-11T17:24:23+08:00,4.8,725,17,5,0,1.099,0.255,0,0.177,0
2026-07-11T17:31:37+08:00,6.67,278,17,5,0,1.062,1.02,0,2.895,0
2026-07-11T17:36:02+08:00,1.86,9,17,5,1,1.023,0.355,0,0.144,0
2026-07-11T17:40:19+08:00,4.26,63,17,5,2,1.074,1.436,0,-0.165,0
2026-07-11T18:07:47+08:00,7.23,350,18,5,3,1.046,0.862,0,-0.348,0
2026-07-11T18:24:58+08:00,0.89,258,18,5,0,1.093,0.302,0,0.871,0
2026-07-11T18:29:45+08:00,2.28,10,18,5,1,1.098,0.355,0,-1.149,0
2026-07-11T18:30:40+08:00,3.28,466,18,5,0,1.079,0.177,0,0.771,0
2026-07-11T18:44:58+08:00,10.82,207,18,5,3,1.112,1.235,0,0.405,0
2026-07-11T18:48:14+08:00,12.19,186,18,5,3,1.1,2.437,0,0.36,0
2026-07-11T18:54:45+08:00,5.83,630,18,5,2,1.144,0.477,0,-0.142,0
2026-07-11T18:55:00+08:00,3.23,546,18,5,2,1.022,0.683,0,-1.042,0
2026-07-11T19:01:56+08:00,4.79,605,19,5,0,1.04,0.701,0,1.578,0
2026-07-11T19:20:07+08:00,2.56,58,19,5,1,1.1,0.592,0,2.628,0
2026-07-11T19:22:36+08:00,2.0,60,19,5,1,1.141,0.478,0,1.318,0
2026-07-11T19:39:46+08:00,7.3,297,19,5,0,1.017,1.83,0,-0.367,0
2026-07-11T19:58:55+08:00,5.39,339,19,5,0,1.114,0.996,0,-0.999,0
2026-07-11T20:02:28+08:00,1.68,60,20,5,1,1.088,0.306,0,1.76,0
2026-07-11T20:05:53+08:00,5.84,1066,20,5,2,1.097,0.931,0,0.382,0
2026-07-11T20:10:07+08:00,4.21,73,20,5,0,1.096,1.23,0,1.947,0
2026-07-11T20:14:26+08:00,4.84,719,20,5,0,1.001,1.419,0,-0.294,0
2026-07-11T20:21:37+08:00,7.35,399,20,5,3,1.085,1.887,0,-0.318,0
2026-07-11T20:44:15+08:00,2.65,510,20,5,3,1.104,0.163,0,0.66,0
2026-07-11T20:54:47+08:00,6.5,399,20,5,3,1.044,0.578,0,-1.065,0
2026-07-11T20:58:38+08:00,2.61,262,20,5,3,1.035,0.302,0,0.762,0
2026-07-11T20:59:57+08:00,6.24,32,20,5,0,1.129,0.411,0,-0.494,0
2026-07-11T21:08:18+08:00,2.91,101,21,5,1,1.026,0.962,0,0.978,0
2026-07-11T21:27:55+08:00,7.49,334,21,5,3,1.024,2.219,0,0.569,0
2026-07-11T21:44:07+08:00,6.13,217,21,5,2,1.12,1.645,0,-3.841,0
2026-07-11T22:05:13+08:00,0.47,808,22,5,2,1.029,0.019,1,-0.477,1
2026-07-11T22:16:48+08:00,9.48,464,22,5,3,1.037,2.04,1,0.819,0
2026-07-11T22:38:40+08:00,0.19,2419,22,5,1,1.024,0.005,1,0.303,1
2026-07-11T22:51:07+08:00,13.36,223,22,5,2,1.048,0.597,1,0.672,2
2026-07-11T23:08:29+08:00,7.27,89,23,5,0,1.063,2.162,1,1.004,0
2026-07-11T23:36:30+08:00,0.43,713,23,5,3,1.033,0.017,1,0.055,1
2026-07-11T23:46:08+08:00,5.71,224,23,5,0,1.075,0.591,1,-1.142,0
2026-07-11T23:53:43+08:00,9.26,131,23,5,3,1.047,1.598,1,-1.509,0
2026-07-12T01:40:02+08:00,0.31,2679,1,6,1,1.28,0.015,1,0.163,1
2026-07-12T02:08:15+08:00,2.83,252,2,6,0,1.125,0.784,1,-0.229,0
2026-07-12T04:19:45+08:00,5.57,73,4,6,2,1.073,0.887,1,-3.617,0
2026-07-12T04:20:08+08:00,22.28,182,4,6,3,1.108,0.663,1,0.507,2
2026-07-12T04:38:05+08:00,0.47,1239,4,6,2,1.243,0.02,1,-0.127,1
2026-07-12T06:00:13+08:00,8.46,779,6,6,3,1.122,0.98,0,-1.433,0
2026-07-12T06:13:25+08:00,10.19,254,6,6,3,1.035,2.935,0,2.156,0
2026-07-12T06:29:52+08:00,7.97,663,6,6,3,1.111,1.083,0,-2.034,0
2026-07-12T06:41:42+08:00,2.58,76,6,6,0,1.102,0.56,0,-1.065,0
2026-07-12T06:53:18+08:00,9.77,268,6,6,3,1.011,1.841,0,-1.538,0
2026-07-12T07:05:13+08:00,9.2,176,7,6,0,1.017,2.446,0,-0.108,0
2026-07-12T07:07:08+08:00,0.42,5210,7,6,3,1.021,0.017,0,0.252,1
2026-07-12T07:24:04+08:00,1.64,20,7,6,1,1.056,0.362,0,1.569,0
2026-07-12T07:56:04+08:00,1.1,55,7,6,0,1.081,0.222,0,-1.065,0
2026-07-12T07:58:04+08:00,2.33,433,7,6,0,1.047,0.276,0,-1.292,0
2026-07-12T07:58:58+08:00,0.3,55,7,6,0,1.119,0.08,0,1.259,0
2026-07-12T08:27:30+08:00,4.7,338,8,6,0,1.016,0.934,0,0.084,0
2026-07-12T08:44:37+08:00,8.9,92,8,6,0,1.114,1.722,0,0.485,0
2026-07-12T08:48:36+08:00,6.7,601,8,6,0,1.049,0.533,0,-2.587,0
2026-07-12T08:52:52+08:00,2.21,34,8,6,0,1.125,0.379,0,1.96,0
2026-07-12T09:43:39+08:00,6.65,494,9,6,3,1.046,1.69,0,-0.582,0
2026-07-12T09:45:49+08:00,0.24,1292,9,6,3,1.102,0.002,0,-0.068,1
2026-07-12T10:07:19+08:00,7.43,121,10,6,2,1.062,2.554,0,0.429,0
2026-07-12T10:17:16+08:00,10.01,217,10,6,3,1.081,2.839,0,0.119,0
2026-07-12T10:21:05+08:00,18.7,356,10,6,1,1.031,0.871,0,0.245,2
2026-07-12T10:33:34+08:00,11.58,2531,10,6,3,1.102,1.378,0,0.7,0
2026-07-12T10:42:39+08:00,11.68,246,10,6,1,1.102,0.159,0,0.071,2
2026-07-12T10:59:59+08:00,7.78,782,10,6,0,1.042,0.567,0,-0.05,0
2026-07-12T11:01:04+08:00,3.17,14,11,6,1,1.053,1.103,0,-0.709,0
2026-07-12T11:20:51+08:00,17.48,380,11,6,2,1.134,0.993,0,-0.47,2
2026-07-12T11:22:49+08:00,3.2,21,11,6,1,1.066,0.249,0,3.173,0
2026-07-12T11:35:41+08:00,23.6,417,11,6,2,1.187,0.744,0,-0.134,2
2026-07-12T11:36:18+08:00,7.37,3600,11,6,3,1.128,0.604,0,0.273,0
2026-07-12T11:45:26+08:00,2.25,33,11,6,1,1.008,0.186,0,0.191,0
2026-07-12T12:01:23+08:00,3.12,60,12,6,1,1.079,0.762,0,-1.729,0
2026-07-12T12:14:56+08:00,7.75,297,12,6,2,1.024,1.651,0,-0.388,0
2026-07-12T13:30:40+08:00,5.49,55,13,6,2,1.069,1.0,0,0.849,0
2026-07-12T13:32:37+08:00,1.78,118,13,6,2,1.017,0.123,0,0.622,0
2026-07-12T13:37:19+08:00,12.61,1171,13,6,3,1.102,1.228,0,0.128,0
2026-07-12T14:03:14+08:00,6.4,141,14,6,2,1.029,0.646,0,0.224,0
2026-07-12T14:04:39+08:00,7.49,502,14,6,0,1.092,1.224,0,0.094,0
2026-07-12T14:07:37+08:00,2.28,46,14,6,1,1.005,0.14,0,2.722,0
2026-07-12T14:33:33+08:00,5.49,22,14,6,2,1.021,0.293,0,-0.625,0
2026-07-12T14:50:17+08:00,0.16,816,14,6,1,1.171,0.007,0,0.387,1
2026-07-12T14:51:55+08:00,0.34,2918,14,6,2,1.225,0.013,0,-0.074,1
2026-07-12T15:00:00+08:00,14.13,1040,15,6,3,1.059,1.632,0,1.106,0
2026-07-12T15:19:23+08:00,0.39,2521,15,6,1,1.001,0.015,0,0.351,1
2026-07-12T15:31:42+08:00,2.2,58,15,6,1,1.131,0.503,0,0.867,0
2026-07-12T15:52:28+08:00,2.32,10,15,6,1,1.118,0.258,0,-0.617,0
2026-07-12T16:05:13+08:00,2.49,94,16,6,1,1.145,0.597,0,0.307,0
2026-07-12T16:10:18+08:00,10.79,2416,16,6,3,1.033,1.848,0,0.834,0
2026-07-12T16:14:08+08:00,11.11,431,16,6,3,1.112,1.984,0,1.526,0
2026-07-12T16:32:57+08:00,1.37,239,16,6,0,1.001,0.356,0,-0.439,0
2026-07-12T17:06:36+08:00,7.31,1032,17,6,3,1.108,2.489,0,-1.723,0
2026-07-12T17:16:27+08:00,8.44,1031,17,6,3,1.069,0.549,0,0.075,0
2026-07-12T17:20:05+08:00,6.03,213,17,6,0,1.0,0.93,0,2.235,0
2026-07-12T17:21:26+08:00,5.76,120,17,6,2,1.042,0.331,0,-0.419,0
2026-07-12T17:28:57+08:00,12.03,621,17,6,3,1.107,2.041,0,-0.87,0
2026-07-12T17:46:54+08:00,0.8,18,17,6,1,1.121,0.087,0,0.282,0
2026-07-12T17:48:52+08:00,6.56,336,17,6,3,1.064,1.856,0,1.654,0
2026-07-12T17:49:18+08:00,10.45,298,17,6,3,1.074,3.566,0,-1.131,0
2026-07-12T18:05:27+08:00,4.69,150,18,6,3,1.142,0.883,0,1.755,0
2026-07-12T18:14:46+08:00,2.6,11,18,6,1,1.062,0.541,0,0.01,0
2026-07-12T18:21:51+08:00,4.87,79,18,6,0,1.057,0.63,0,1.299,0
2026-07-12T18:28:58+08:00,7.61,192,18,6,2,1.149,0.484,0,-0.957,0
2026-07-12T18:39:49+08:00,3.02,23,18,6,1,1.137,0.537,0,0.07,0
2026-07-12T18:48:26+08:00,1.71,162,18,6,2,1.045,0.087,0,-1.404,0
2026-07-12T18:48:37+08:00,8.02,125,18,6,2,1.034,1.926,0,-1.748,0
2026-07-12T19:23:24+08:00,3.18,76,19,6,1,1.005,0.223,0,1.283,0
2026-07-12T19:38:17+08:00,0.33,1368,19,6,1,1.292,0.014,0,-0.391,1
2026-07-12T19:40:18+08:00,11.62,1075,19,6,3,1.04,1.298,0,1.161,0
2026-07-12T19:47:18+08:00,0.4,683,19,6,1,1.207,0.017,0,0.017,1
2026-07-12T19:47:37+08:00,1.78,49,19,6,1,1.059,0.563,0,-1.549,0
2026-07-12T19:58:53+08:00,1.85,340,19,6,2,1.148,0.64,0,2.196,0
2026-07-12T20:06:11+08:00,5.08,111,20,6,2,1.049,1.409,0,-1.259,0
2026-07-12T20:11:17+08:00,5.45,184,20,6,0,1.043,1.754,0,-1.177,0
2026-07-12T20:19:27+08:00,3.2,68,20,6,1,1.009,0.467,0,0.49,0
2026-07-12T20:28:59+08:00,6.44,164,20,6,3,1.012,1.439,0,0.053,0
2026-07-12T20:31:08+08:00,0.24,1071,20,6,1,1.199,0.008,0,-0.215,1
2026-07-12T21:00:11+08:00,3.9,37,21,6,0,1.041,1.086,0,-1.544,0
2026-07-12T22:11:32+08:00,0.4,2605,22,6,1,1.26,0.016,1,-0.231,1
2026-07-12T22:20:23+08:00,15.21,688,22,6,2,1.177,0.597,1,0.161,2
2026-07-12T22:37:39+08:00,3.74,41,22,6,1,1.019,0.551,1,-0.913,0
2026-07-12T22:43:29+08:00,2.29,52,22,6,1,1.084,0.386,1,-1.366,0
2026-07-12T22:55:14+08:00,3.63,46,22,6,1,1.043,0.815,1,-0.478,0
2026-07-12T23:32:54+08:00,3.98,362,23,6,3,1.108,0.53,1,-1.697,0
2026-07-12T23:36:38+08:00,5.6,374,23,6,2,1.112,0.391,1,-2.709,0
2026-07-12T23:46:24+08:00,2.39,85,23,6,1,1.029,0.728,1,0.157,0
2026-07-12T23:57:11+08:00,2.67,12,23,6,1,1.081,0.54,1,1.625,0
2026-07-13T00:06:29+08:00,11.12,814,0,0,1,1.03,0.425,1,-0.256,2
2026-07-13T00:11:53+08:00,8.36,109,0,0,3,1.147,0.901,1,1.395,0
2026-07-13T01:19:01+08:00,8.25,74,1,0,0,1.145,1.722,1,0.421,0
2026-07-13T02:02:20+08:00,0.36,3459,2,0,2,1.077,0.009,1,-0.1,1
2026-07-13T05:03:00+08:00,22.17,747,5,0,3,1.066,0.91,0,-0.152,2
2026-07-13T05:55:04+08:00,0.15,3884,5,0,3,1.297,0.006,0,-0.213,1
2026-07-13T06:07:00+08:00,4.5,21,6,0,1,1.101,0.811,0,1.607,0
2026-07-13T06:11:45+08:00,6.35,440,6,0,2,1.008,1.048,0,0.091,0
2026-07-13T06:15:27+08:00,4.07,126,6,0,0,1.122,0.683,0,0.785,0
2026-07-13T06:20:26+08:00,0.3,1376,6,0,3,1.113,0.008,0,0.002,1
2026-07-13T06:24:08+08:00,2.02,60,6,0,1,1.138,0.462,0,-0.049,0
2026-07-13T06:25:59+08:00,9.94,316,6,0,3,1.109,2.583,0,2.784,0
2026-07-13T06:34:44+08:00,3.11,56,6,0,1,1.085,0.725,0,-1.388,0
2026-07-13T06:38:29+08:00,9.92,533,6,0,3,1.119,1.753,0,0.169,0
2026-07-13T06:45:33+08:00,19.21,2118,6,0,2,1.036,0.938,0,-0.377,2
2026-07-13T06:45:59+08:00,6.41,430,6,0,0,1.124,1.716,0,-0.372,0
2026-07-13T06:46:59+08:00,7.31,254,6,0,3,1.066,1.176,0,0.769,0
2026-07-13T07:06:22+08:00,7.41,108,7,0,0,1.032,2.067,0,1.06,0
2026-07-13T07:18:15+08:00,7.73,131,7,0,2,1.112,1.531,0,1.338,0
2026-07-13T07:18:38+08:00,11.53,185,7,0,0,1.099,2.995,0,-1.068,0
2026-07-13T07:36:06+08:00,4.21,51,7,0,1,1.035,0.383,0,2.856,0
2026-07-13T07:36:07+08:00,4.46,36,7,0,2,1.109,0.592,0,1.185,0
2026-07-13T07:41:45+08:00,2.82,34,7,0,0,1.02,0.363,0,-0.506,0
2026-07-13T07:50:31+08:00,8.5,77,7,0,3,1.003,2.824,0,-2.831,0
2026-07-13T07:50:51+08:00,4.61,214,7,0,2,1.071,0.968,0,0.459,0
2026-07-13T08:00:36+08:00,8.8,141,8,0,0,1.022,0.714,0,2.443,0
2026-07-13T08:05:56+08:00,4.32,155,8,0,2,1.056,1.059,0,1.595,0
2026-07-13T08:25:23+08:00,4.93,113,8,0,2,1.116,0.741,0,0.153,0
2026-07-13T08:26:08+08:00,0.13,1179,8,0,2,1.149,0.001,0,0.062,1
2026-07-13T08:27:04+08:00,0.32,2667,8,0,1,1.095,0.005,0,0.427,1
2026-07-13T08:29:19+08:00,12.77,231,8,0,3,1.081,2.757,0,1.305,0
2026-07-13T08:43:38+08:00,1.21,54,8,0,1,1.003,0.12,0,0.116,0
2026-07-13T09:18:28+08:00,1.66,36,9,0,1,1.117,0.465,0,1.115,0
2026-07-13T09:22:42+08:00,2.15,55,9,0,1,1.146,0.164,0,-1.007,0
2026-07-13T09:41:57+08:00,2.66,14,9,0,1,1.093,0.192,0,1.106,0
2026-07-13T09:57:06+08:00,8.67,448,9,0,3,1.145,2.151,0,0.783,0
2026-07-13T10:02:08+08:00,5.12,131,10,0,0,1.104,1.154,0,-0.855,0
2026-07-13T10:02:14+08:00,7.82,150,10,0,3,1.111,2.201,0,-0.308,0
2026-07-13T10:06:29+08:00,11.38,257,10,0,0,1.076,3.159,0,-0.729,0
2026-07-13T10:55:53+08:00,5.38,556,10,0,0,1.002,0.852,0,-0.351,0
2026-07-13T11:08:58+08:00,10.66,633,11,0,3,1.118,2.12,0,0.467,0
2026-07-13T11:10:53+08:00,2.56,52,11,0,1,1.093,0.331,0,0.119,0
2026-07-13T11:18:18+08:00,10.87,217,11,0,1,1.196,0.462,0,-0.314,2
2026-07-13T11:42:03+08:00,5.24,22,11,0,2,1.099,0.608,0,-0.871,0
2026-07-13T11:42:37+08:00,2.29,57,11,0,2,1.021,0.519,0,1.165,0
2026-07-13T11:43:20+08:00,2.04,28,11,0,1,1.043,0.19,0,0.203,0
2026-07-13T11:48:10+08:00,6.62,148,11,0,0,1.055,2.226,0,-0.617,0
2026-07-13T12:09:11+08:00,9.64,70,12,0,3,1.106,2.356,0,0.157,0
2026-07-13T12:11:52+08:00,1.88,96,12,0,1,1.027,0.635,0,-1.571,0
2026-07-13T12:41:31+08:00,4.93,110,12,0,0,1.08,0.756,0,-0.212,0
2026-07-13T12:49:34+08:00,8.91,694,12,0,3,1.116,0.499,0,0.831,0
2026-07-13T13:05:25+08:00,5.46,407,13,0,3,1.085,1.4,0,0.782,0
2026-07-13T13:42:30+08:00,9.48,590,13,0,3,1.057,1.477,0,-1.146,0
2026-07-13T14:12:00+08:00,6.13,122,14,0,0,1.104,1.191,0,-0.996,0
2026-07-13T14:36:16+08:00,4.95,96,14,0,2,1.117,1.428,0,0.02,0
2026-07-13T15:00:18+08:00,1.39,420,15,0,0,1.073,0.382,0,0.337,0
2026-07-13T15:20:41+08:00,3.37,141,15,0,0,1.114,0.749,0,-2.64,0
2026-07-13T15:27:11+08:00,7.69,794,15,0,3,1.068,0.911,0,1.509,0
2026-07-13T15:29:26+08:00,0.45,4261,15,0,2,1.289,0.018,0,0.179,1
2026-07-13T15:33:06+08:00,6.66,61,15,0,2,1.074,2.08,0,-2.069,0
2026-07-13T15:48:47+08:00,8.21,461,15,0,3,1.127,2.079,0,1.473,0
2026-07-13T15:55:17+08:00,2.94,69,15,0,2,1.131,0.28,0,-0.372,0
2026-07-13T16:41:24+08:00,8.08,77,16,0,2,1.111,1.807,0,-0.335,0
2026-07-13T17:02:36+08:00,2.51,139,17,0,1,1.061,0.526,0,-1.272,0
2026-07-13T17:19:29+08:00,8.4,690,17,0,3,1.105,1.064,0,0.319,0
2026-07-13T17:24:02+08:00,0.27,5029,17,0,3,1.02,0.002,0,0.466,1
2026-07-13T17:26:26+08:00,9.98,160,17,0,3,1.057,1.876,0,1.415,0
2026-07-13T17:47:39+08:00,1.71,316,17,0,2,1.049,0.314,0,0.283,0
2026-07-13T17:49:40+08:00,12.94,561,17,0,2,1.093,0.324,0,0.109,2
2026-07-13T17:51:12+08:00,13.0,313,17,0,3,1.127,0.152,0,0.166,2
2026-07-13T17:52:15+08:00,1.91,166,17,0,1,1.008,0.223,0,0.047,0
2026-07-13T17:56:30+08:00,3.33,84,17,0,2,1.15,0.251,0,0.936,0
2026-07-13T18:06:37+08:00,13.27,198,18,0,3,1.03,4.031,0,-0.897,0
2026-07-13T18:16:56+08:00,10.77,1075,18,0,3,1.034,1.465,0,-0.786,0
2026-07-13T18:27:25+08:00,3.08,9,18,0,1,1.14,0.384,0,-0.489,0
2026-07-13T18:35:26+08:00,11.6,154,18,0,3,1.024,3.285,0,-0.077,0
2026-07-13T18:46:14+08:00,2.57,87,18,0,1,1.039,0.372,0,-1.119,0
2026-07-13T18:57:25+08:00,6.29,821,18,0,3,1.041,0.544,0,2.274,0
2026-07-13T19:10:35+08:00,3.91,53,19,0,1,1.048,0.634,0,-1.098,0
2026-07-13T19:12:56+08:00,6.03,120,19,0,2,1.067,0.788,0,-1.063,0
2026-07-13T19:22:37+08:00,8.59,422,19,0,3,1.034,2.497,0,0.26,0
2026-07-13T19:28:33+08:00,0.24,1289,19,0,2,1.23,0.01,0,-0.48,1
2026-07-13T19:40:41+08:00,1.45,104,19,0,1,1.042,0.167,0,0.851,0
2026-07-13T19:42:50+08:00,2.64,10,19,0,1,1.112,0.691,0,2.063,0
2026-07-13T19:56:22+08:00,6.59,1292,19,0,3,1.133,0.506,0,-0.707,0
2026-07-13T20:14:08+08:00,3.29,106,20,0,2,1.031,1.011,0,-1.384,0
2026-07-13T20:29:55+08:00,3.22,36,20,0,1,1.069,1.053,0,0.297,0
2026-07-13T20:36:05+08:00,8.71,183,20,0,0,1.014,2.638,0,0.395,0
2026-07-13T20:47:16+08:00,2.34,13,20,0,1,1.015,0.24,0,-2.55,0
2026-07-13T20:54:07+08:00,5.91,517,20,0,2,1.103,1.572,0,0.039,0
2026-07-13T21:28:38+08:00,5.32,788,21,0,3,1.004,1.338,0,1.008,0
2026-07-13T21:35:46+08:00,3.29,222,21,0,0,1.117,1.01,0,-0.716,0
2026-07-13T22:00:02+08:00,2.53,50,22,0,1,1.095,0.433,1,-0.513,0
2026-07-13T22:12:04+08:00,10.91,129,22,0,3,1.008,1.013,1,-1.154,0
2026-07-13T22:27:37+08:00,0.4,2220,22,0,1,1.053,0.013,1,0.131,1
2026-07-13T23:00:01+08:00,2.8,17,23,0,1,1.115,0.211,1,1.399,0
2026-07-13T23:06:57+08:00,20.85,128,23,0,3,1.084,0.239,1,-0.151,2
2026-07-13T23:10:22+08:00,6.18,526,23,0,0,1.123,0.85,1,-0.489,0
2026-07-13T23:25:46+08:00,24.21,498,23,0,2,1.023,0.458,1,-0.284,2
2026-07-13T23:37:12+08:00,6.48,118,23,0,2,1.097,1.291,1,-0.487,0
2026-07-13T23:37:32+08:00,1.71,90,23,0,1,1.058,0.279,1,0.693,0
2026-07-13T23:54:18+08:00,9.82,1747,23,0,3,1.107,3.213,1,-1.075,0
2026-07-14T00:12:44+08:00,6.59,61,0,1,0,1.129,1.201,1,-1.301,0
2026-07-14T01:24:33+08:00,0.28,748,1,1,2,1.116,0.005,1,-0.179,1
2026-07-14T01:30:05+08:00,1.76,17,1,1,1,1.092,0.192,1,-1.609,0
2026-07-14T02:19:22+08:00,0.39,1674,2,1,3,1.021,0.012,1,0.043,1
2026-07-14T04:24:49+08:00,11.15,496,4,1,3,1.118,3.447,1,0.814,0
2026-07-14T04:27:02+08:00,0.36,1588,4,1,2,1.074,0.017,1,0.429,1
2026-07-14T05:16:13+08:00,0.45,2033,5,1,2,1.027,0.005,0,-0.265,1
2026-07-14T06:02:01+08:00,1.72,350,6,1,0,1.102,0.545,0,0.842,0
2026-07-14T06:16:12+08:00,8.57,693,6,1,0,1.148,2.108,0,-0.997,0
2026-07-14T06:38:47+08:00,2.84,462,6,1,0,1.121,0.437,0,-0.643,0
2026-07-14T06:40:58+08:00,8.97,32,6,1,2,1.144,2.482,0,-2.607,0
2026-07-14T06:46:28+08:00,3.66,8,6,1,1,1.086,0.578,0,0.75,0
2026-07-14T06:53:17+08:00,5.22,140,6,1,2,1.136,1.586,0,-0.702,0
2026-07-14T06:56:58+08:00,8.87,1002,6,1,3,1.082,2.977,0,1.098,0
2026-07-14T07:02:24+08:00,5.77,305,7,1,3,1.023,0.631,0,2.076,0
2026-07-14T07:07:18+08:00,4.49,170,7,1,0,1.041,1.24,0,-1.177,0
2026-07-14T07:12:10+08:00,5.71,155,7,1,2,1.051,0.331,0,0.84,0
2026-07-14T07:22:46+08:00,8.98,55,7,1,2,1.144,1.164,0,2.111,0
2026-07-14T07:34:56+08:00,4.91,668,7,1,0,1.087,1.486,0,-0.915,0
2026-07-14T07:53:54+08:00,3.36,69,7,1,0,1.11,1.047,0,0.458,0
2026-07-14T07:55:50+08:00,9.65,210,7,1,3,1.021,0.862,0,1.781,0
2026-07-14T07:58:05+08:00,6.28,144,7,1,2,1.052,0.36,0,-1.584,0
2026-07-14T08:07:11+08:00,11.18,376,8,1,0,1.063,2.06,0,-0.591,0
2026-07-14T08:29:21+08:00,2.14,53,8,1,1,1.005,0.586,0,0.388,0
2026-07-14T08:30:30+08:00,9.0,120,8,1,2,1.145,1.252,0,0.844,0
2026-07-14T08:34:48+08:00,9.61,952,8,1,3,1.146,0.803,0,-1.858,0
2026-07-14T08:35:17+08:00,9.21,174,8,1,2,1.056,1.647,0,1.856,0
2026-07-14T08:44:58+08:00,6.84,479,8,1,0,1.012,1.712,0,-0.845,0
2026-07-14T08:52:13+08:00,2.43,136,8,1,0,1.009,0.512,0,0.458,0
2026-07-14T08:55:12+08:00,5.94,67,8,1,2,1.017,0.703,0,-2.566,0
2026-07-14T09:01:28+08:00,2.9,11,9,1,1,1.031,0.809,0,-1.669,0
2026-07-14T09:31:35+08:00,9.96,166,9,1,3,1.072,2.486,0,-0.413,0
2026-07-14T09:54:04+08:00,8.8,1085,9,1,3,1.075,1.336,0,-1.408,0
2026-07-14T10:04:26+08:00,19.34,1038,10,1,1,1.159,0.301,0,0.018,2
2026-07-14T10:16:57+08:00,8.88,730,10,1,3,1.126,3.011,0,-0.493,0
2026-07-14T11:24:42+08:00,4.52,68,11,1,0,1.097,0.393,0,1.097,0
2026-07-14T11:28:47+08:00,0.44,1239,11,1,3,1.172,0.004,0,-0.143,1
2026-07-14T11:45:27+08:00,9.19,78,11,1,0,1.08,1.915,0,0.24,0
2026-07-14T11:52:10+08:00,2.52,80,11,1,1,1.13,0.626,0,-0.425,0
2026-07-14T11:53:11+08:00,8.74,340,11,1,3,1.102,3.053,0,0.41,0
2026-07-14T11:56:53+08:00,8.12,147,11,1,3,1.028,2.468,0,1.547,0
2026-07-14T12:01:35+08:00,6.62,43,12,1,0,1.034,0.553,0,-1.594,0
2026-07-14T12:01:47+08:00,4.34,349,12,1,0,1.003,0.503,0,-0.069,0
2026-07-14T12:15:39+08:00,9.51,563,12,1,3,1.119,1.996,0,-1.02,0
2026-07-14T12:28:25+08:00,4.58,45,12,1,1,1.064,0.401,0,0.963,0
2026-07-14T12:51:14+08:00,0.14,2719,12,1,2,1.257,0.003,0,-0.127,1
2026-07-14T12:53:00+08:00,3.68,30,12,1,1,1.018,1.046,0,0.93,0
2026-07-14T13:14:36+08:00,7.58,1241,13,1,3,1.098,1.755,0,1.142,0
2026-07-14T13:19:59+08:00,0.36,3879,13,1,2,1.298,0.01,0,-0.006,1
2026-07-14T13:28:37+08:00,0.47,8277,13,1,1,1.222,0.015,0,-0.199,1
2026-07-14T13:33:13+08:00,6.37,77,13,1,2,1.012,1.989,0,0.593,0
2026-07-14T13:43:46+08:00,9.1,1115,13,1,3,1.007,0.765,0,2.757,0
2026-07-14T14:06:50+08:00,3.97,106,14,1,2,1.09,0.549,0,-0.968,0
2026-07-14T14:38:50+08:00,5.65,282,14,1,2,1.053,1.121,0,0.562,0
2026-07-14T14:49:17+08:00,6.33,392,14,1,0,1.021,2.16,0,-0.868,0
2026-07-14T15:02:13+08:00,8.19,1013,15,1,3,1.137,2.22,0,0.738,0
2026-07-14T15:07:14+08:00,7.74,228,15,1,0,1.028,0.867,0,0.669,0
2026-07-14T15:08:18+08:00,0.1,722,15,1,2,1.21,0.003,0,0.039,1
2026-07-14T15:13:39+08:00,10.33,299,15,1,3,1.097,0.852,0,-0.104,0
2026-07-14T15:19:17+08:00,6.39,68,15,1,2,1.131,2.209,0,-2.194,0
2026-07-14T15:41:22+08:00,7.03,141,15,1,2,1.118,1.797,0,-1.3,0
2026-07-14T16:14:53+08:00,2.45,29,16,1,1,1.043,0.327,0,-1.032,0
2026-07-14T16:27:41+08:00,2.89,20,16,1,1,1.124,0.548,0,0.513,0
2026-07-14T16:42:11+08:00,6.98,474,16,1,2,1.033,0.457,0,0.407,0
2026-07-14T16:46:25+08:00,5.06,23,16,1,2,1.121,0.946,0,0.159,0
2026-07-14T16:56:50+08:00,8.19,890,16,1,3,1.086,2.201,0,1.926,0
2026-07-14T17:04:09+08:00,5.8,334,17,1,0,1.119,1.775,0,0.639,0
2026-07-14T17:04:30+08:00,0.29,1270,17,1,1,1.041,0.011,0,0.438,1
2026-07-14T17:09:18+08:00,7.04,86,17,1,0,1.065,1.07,0,0.591,0
2026-07-14T17:10:03+08:00,11.27,322,17,1,0,1.065,2.772,0,-0.234,0
2026-07-14T17:11:37+08:00,5.99,681,17,1,3,1.081,0.875,0,1.848,0
2026-07-14T17:20:41+08:00,2.01,363,17,1,0,1.074,0.258,0,2.308,0
2026-07-14T17:23:27+08:00,12.4,136,17,1,3,1.101,3.928,0,-0.212,0
2026-07-14T17:30:54+08:00,8.67,378,17,1,3,1.105,2.443,0,0.62,0
2026-07-14T18:23:13+08:00,3.23,14,18,1,1,1.075,0.398,0,-1.383,0
2026-07-14T18:23:21+08:00,7.32,975,18,1,3,1.052,0.997,0,0.134,0
2026-07-14T18:25:10+08:00,3.39,16,18,1,1,1.002,0.183,0,0.812,0
2026-07-14T18:27:57+08:00,7.91,123,18,1,2,1.011,0.442,0,-0.47,0
2026-07-14T18:42:17+08:00,5.3,136,18,1,3,1.089,0.835,0,-0.711,0
2026-07-14T18:49:30+08:00,1.73,111,18,1,1,1.118,0.317,0,-0.373,0
2026-07-14T19:01:00+08:00,8.91,102,19,1,3,1.011,2.375,0,-0.95,0
2026-07-14T19:05:43+08:00,6.28,142,19,1,2,1.135,0.428,0,0.363,0
2026-07-14T19:11:23+08:00,7.82,790,19,1,3,1.011,0.463,0,-1.563,0
2026-07-14T19:13:31+08:00,0.4,3119,19,1,1,1.031,0.013,0,0.242,1
2026-07-14T19:27:23+08:00,3.04,136,19,1,1,1.142,0.784,0,0.118,0
2026-07-14T19:30:44+08:00,1.16,54,19,1,1,1.114,0.094,0,1.306,0
2026-07-14T19:36:50+08:00,3.28,26,19,1,1,1.122,0.745,0,-0.193,0
2026-07-14T19:39:40+08:00,6.75,276,19,1,0,1.087,1.656,0,0.065,0
2026-07-14T19:48:16+08:00,22.38,228,19,1,2,1.037,0.431,0,0.528,2
2026-07-14T20:02:02+08:00,1.98,126,20,1,1,1.142,0.642,0,0.342,0
2026-07-14T20:07:50+08:00,9.64,73,20,1,2,1.098,3.035,0,0.412,0
2026-07-14T20:10:23+08:00,6.59,186,20,1,2,1.12,0.361,0,-0.158,0
2026-07-14T20:19:36+08:00,9.36,414,20,1,3,1.068,1.712,0,-0.83,0
2026-07-14T20:20:49+08:00,3.51,8,20,1,1,1.009,0.739,0,-0.448,0
2026-07-14T20:31:59+08:00,1.25,87,20,1,0,1.117,0.154,0,1.231,0
2026-07-14T21:36:14+08:00,3.38,125,21,1,2,1.024,0.767,0,-0.147,0
2026-07-14T22:16:53+08:00,4.71,128,22,1,0,1.132,0.629,1,1.169,0
2026-07-14T22:37:47+08:00,7.03,175,22,1,0,1.101,1.917,1,-0.422,0
2026-07-14T22:47:31+08:00,5.54,476,22,1,0,1.138,1.271,1,0.101,0
2026-07-14T23:02:21+08:00,1.08,13,23,1,1,1.127,0.314,1,0.253,0
2026-07-15T00:33:14+08:00,0.48,1217,0,2,3,1.046,0.007,1,0.064,1
2026-07-15T01:25:37+08:00,13.31,811,1,2,2,1.129,0.301,1,0.1,2
2026-07-15T04:35:36+08:00,0.19,2891,4,2,2,1.025,0.007,1,-0.03,1
2026-07-15T06:13:54+08:00,9.14,148,6,2,0,1.117,1.388,0,-0.639,0
2026-07-15T06:30:59+08:00,7.24,151,6,2,2,1.091,0.435,0,0.603,0
2026-07-15T06:36:39+08:00,5.64,314,6,2,3,1.089,1.968,0,0.317,0
2026-07-15T06:47:29+08:00,0.36,5692,6,2,2,1.252,0.013,0,0.151,1
2026-07-15T06:51:43+08:00,6.58,287,6,2,0,1.017,1.624,0,-0.847,0
2026-07-15T06:53:23+08:00,2.36,54,6,2,1,1.072,0.194,0,-0.717,0
2026-07-15T06:58:13+08:00,4.59,158,6,2,2,1.087,1.328,0,1.613,0
2026-07-15T07:07:57+08:00,10.03,315,7,2,0,1.064,1.786,0,0.658,0
2026-07-15T07:15:18+08:00,7.59,312,7,2,2,1.12,2.309,0,0.652,0
2026-07-15T07:18:54+08:00,5.87,200,7,2,3,1.018,1.203,0,-0.428,0
2026-07-15T07:40:16+08:00,3.92,51,7,2,1,1.036,1.271,0,1.156,0
2026-07-15T07:56:38+08:00,9.79,68,7,2,3,1.052,2.519,0,0.426,0
2026-07-15T07:59:09+08:00,4.38,69,7,2,1,1.111,0.636,0,-0.243,0
2026-07-15T08:00:10+08:00,4.58,193,8,2,0,1.132,0.502,0,-0.021,0
2026-07-15T08:01:44+08:00,9.52,141,8,2,3,1.058,1.954,0,1.488,0
2026-07-15T08:04:45+08:00,9.04,215,8,2,3,1.117,1.767,0,-2.297,0
2026-07-15T08:12:57+08:00,2.63,15,8,2,1,1.129,0.329,0,0.055,0
2026-07-15T08:45:14+08:00,5.21,82,8,2,0,1.006,0.968,0,-1.284,0
2026-07-15T08:45:30+08:00,6.81,191,8,2,0,1.075,2.302,0,1.492,0
2026-07-15T08:51:36+08:00,0.33,1262,8,2,3,1.177,0.013,0,-0.407,1
2026-07-15T08:51:44+08:00,2.99,26,8,2,1,1.102,0.908,0,0.207,0
2026-07-15T08:58:15+08:00,6.35,303,8,2,2,1.004,2.178,0,0.703,0
2026-07-15T08:59:50+08:00,21.4,676,8,2,2,1.05,0.828,0,0.169,2
2026-07-15T09:15:48+08:00,10.23,246,9,2,3,1.037,3.379,0,-1.429,0
2026-07-15T09:16:14+08:00,5.08,410,9,2,2,1.055,0.933,0,-0.21,0
2026-07-15T09:43:24+08:00,9.83,2118,9,2,3,1.003,1.461,0,-0.193,0
2026-07-15T09:53:05+08:00,6.89,403,9,2,3,1.127,1.977,0,0.818,0
2026-07-15T09:58:30+08:00,0.1,602,9,2,2,1.145,0.004,0,-0.072,1
2026-07-15T10:04:30+08:00,11.12,2127,10,2,3,1.048,3.794,0,-1.163,0
2026-07-15T10:07:33+08:00,3.33,40,10,2,1,1.061,0.928,0,-0.148,0
2026-07-15T10:16:40+08:00,0.32,3552,10,2,3,1.044,0.006,0,-0.157,1
2026-07-15T10:19:54+08:00,6.91,192,10,2,2,1.032,1.956,0,0.686,0
2026-07-15T10:26:47+08:00,0.26,2313,10,2,3,1.091,0.01,0,-0.076,1
2026-07-15T10:28:43+08:00,6.64,62,10,2,2,1.118,1.541,0,-0.883,0
2026-07-15T10:31:38+08:00,8.77,920,10,2,1,1.071,0.266,0,-0.172,2
2026-07-15T10:33:39+08:00,0.3,152,10,2,0,1.008,0.089,0,-1.801,0
2026-07-15T10:38:09+08:00,0.19,1977,10,2,3,1.193,0.005,0,0.141,1
2026-07-15T10:40:47+08:00,7.37,90,10,2,0,1.011,0.715,0,-1.87,0
2026-07-15T11:24:39+08:00,2.26,143,11,2,1,1.119,0.137,0,-0.452,0
2026-07-15T11:26:26+08:00,5.96,396,11,2,3,1.103,0.938,0,-0.307,0
2026-07-15T11:38:30+08:00,10.09,199,11,2,3,1.023,1.785,0,0.782,0
2026-07-15T11:38:47+08:00,2.08,65,11,2,1,1.012,0.411,0,0.758,0
2026-07-15T11:39:21+08:00,2.37,84,11,2,1,1.139,0.62,0,0.346,0
2026-07-15T12:00:21+08:00,7.53,262,12,2,2,1.139,1.753,0,-0.656,0
2026-07-15T12:04:40+08:00,6.16,141,12,2,2,1.087,0.805,0,-1.798,0
2026-07-15T12:06:18+08:00,15.66,538,12,2,2,1.083,0.605,0,-0.019,2
2026-07-15T12:09:45+08:00,4.2,79,12,2,2,1.134,0.554,0,-0.732,0
2026-07-15T12:36:50+08:00,0.35,657,12,2,2,1.254,0.014,0,-0.062,1
2026-07-15T13:22:32+08:00,6.33,149,13,2,0,1.051,0.626,0,0.967,0
2026-07-15T13:38:41+08:00,2.48,110,13,2,1,1.059,0.608,0,0.792,0
2026-07-15T13:49:52+08:00,0.47,1277,13,2,3,1.214,0.018,0,0.01,1
2026-07-15T14:08:45+08:00,12.07,318,14,2,3,1.024,2.435,0,-0.627,0
2026-07-15T14:45:29+08:00,2.31,8,14,2,1,1.034,0.419,0,0.851,0
2026-07-15T14:45:34+08:00,23.55,1018,14,2,1,1.163,0.611,0,-0.298,2
2026-07-15T15:03:23+08:00,3.12,294,15,2,3,1.031,0.428,0,2.507,0
2026-07-15T15:59:06+08:00,7.29,392,15,2,2,1.055,2.063,0,0.618,0
2026-07-15T15:59:18+08:00,11.65,89,15,2,3,1.008,1.78,0,-0.131,0
2026-07-15T16:19:17+08:00,7.87,633,16,2,3,1.006,0.792,0,-0.292,0
2026-07-15T16:33:49+08:00,9.71,49,16,2,2,1.05,1.014,0,-2.473,0
2026-07-15T16:43:06+08:00,7.41,198,16,2,0,1.106,1.185,0,0.484,0
2026-07-15T16:47:37+08:00,9.87,579,16,2,3,1.105,2.187,0,0.833,0
2026-07-15T16:54:07+08:00,6.84,160,16,2,0,1.133,1.105,0,2.397,0
2026-07-15T17:00:16+08:00,12.19,781,17,2,3,1.029,3.556,0,1.614,0
2026-07-15T17:01:55+08:00,7.19,45,17,2,0,1.028,0.778,0,0.818,0
2026-07-15T17:04:03+08:00,6.44,42,17,2,2,1.075,1.267,0,-0.429,0
2026-07-15T17:33:15+08:00,6.0,273,17,2,3,1.073,2.065,0,-2.163,0
2026-07-15T17:40:17+08:00,8.72,50,17,2,2,1.012,2.61,0,-0.69,0
2026-07-15T17:54:17+08:00,1.4,166,17,2,2,1.111,0.406,0,0.518,0
2026-07-15T18:04:43+08:00,0.44,23,18,2,1,1.035,0.116,0,0.493,0
2026-07-15T18:16:30+08:00,5.84,174,18,2,2,1.053,0.417,0,0.433,0
2026-07-15T18:16:37+08:00,5.52,81,18,2,2,1.086,1.824,0,-0.214,0
2026-07-15T18:17:58+08:00,4.36,120,18,2,2,1.051,0.266,0,1.519,0
2026-07-15T18:25:38+08:00,6.33,127,18,2,0,1.075,1.684,0,0.741,0
2026-07-15T18:39:11+08:00,2.51,98,18,2,1,1.06,0.514,0,-1.955,0
2026-07-15T18:42:37+08:00,7.86,198,18,2,3,1.11,1.103,0,-0.602,0
2026-07-15T18:47:26+08:00,8.6,1881,18,2,3,1.131,0.656,0,1.09,0
2026-07-15T19:05:29+08:00,1.73,25,19,2,1,1.133,0.192,0,-0.474,0
2026-07-15T19:22:19+08:00,2.59,100,19,2,1,1.129,0.302,0,-0.558,0
2026-07-15T19:29:56+08:00,0.12,2281,19,2,1,1.198,0.003,0,-0.229,1
2026-07-15T19:30:20+08:00,9.25,717,19,2,3,1.084,2.797,0,0.75,0
2026-07-15T19:31:02+08:00,4.03,611,19,2,0,1.123,0.654,0,-0.245,0
2026-07-15T19:32:41+08:00,6.74,97,19,2,0,1.09,2.339,0,1.286,0
2026-07-15T19:54:01+08:00,13.93,241,19,2,3,1.094,0.144,0,0.418,2
2026-07-15T20:00:16+08:00,7.54,36,20,2,2,1.106,1.823,0,2.172,0
2026-07-15T20:09:20+08:00,6.59,897,20,2,2,1.051,2.281,0,-0.498,0
2026-07-15T20:16:13+08:00,8.22,242,20,2,2,1.041,2.619,0,-0.664,0
2026-07-15T20:20:08+08:00,4.39,23,20,2,1,1.135,1.499,0,-0.745,0
2026-07-15T20:21:27+08:00,2.56,30,20,2,1,1.126,0.42,0,0.105,0
2026-07-15T20:33:47+08:00,2.7,36,20,2,1,1.025,0.564,0,0.522,0
2026-07-15T20:40:45+08:00,8.94,981,20,2,3,1.136,3.061,0,2.457,0
2026-07-15T20:56:33+08:00,9.42,837,20,2,0,1.132,2.39,0,-0.48,0
2026-07-15T21:58:54+08:00,0.32,1695,21,2,1,1.211,0.004,0,0.623,1
2026-07-15T22:46:33+08:00,7.42,85,22,2,2,1.01,0.473,1,0.854,0
2026-07-15T23:11:56+08:00,9.55,191,23,2,3,1.02,3.245,1,1.04,0
2026-07-15T23:49:18+08:00,2.82,89,23,2,1,1.055,0.944,1,-1.26,0
2026-07-15T23:56:18+08:00,5.58,411,23,2,2,1.098,1.362,1,-0.191,0
2026-07-15T23:59:22+08:00,9.63,306,23,2,3,1.051,0.938,1,0.656,0
2026-07-16T00:35:55+08:00,0.4,1248,0,3,2,1.04,0.008,1,-0.173,1
2026-07-16T01:25:44+08:00,0.39,3790,1,3,1,1.08,0.013,1,-0.097,1
2026-07-16T01:49:33+08:00,0.44,853,1,3,2,1.07,0.018,1,0.06,1
2026-07-16T02:39:44+08:00,1.8,24,2,3,1,1.047,0.623,1,-2.096,0
2026-07-16T03:49:43+08:00,17.6,433,3,3,3,1.14,0.477,1,0.268,2
2026-07-16T04:26:54+08:00,21.63,344,4,3,3,1.159,0.467,1,0.04,2
2026-07-16T05:37:33+08:00,4.52,31,5,3,2,1.114,1.555,0,-0.127,0
2026-07-16T05:51:27+08:00,4.2,155,5,3,0,1.011,1.254,0,0.788,0
2026-07-16T06:31:02+08:00,3.7,167,6,3,0,1.122,0.405,0,-1.444,0
2026-07-16T06:33:22+08:00,6.56,64,6,3,2,1.134,1.86,0,0.951,0
2026-07-16T06:36:42+08:00,5.94,31,6,3,2,1.048,0.43,0,0.697,0
2026-07-16T06:41:42+08:00,8.06,568,6,3,3,1.055,0.693,0,-0.78,0
2026-07-16T06:55:23+08:00,7.96,166,6,3,3,1.091,2.484,0,0.349,0
2026-07-16T06:59:00+08:00,2.87,31,6,3,1,1.045,0.269,0,0.201,0
2026-07-16T07:06:44+08:00,1.71,88,7,3,2,1.086,0.25,0,0.048,0
2026-07-16T07:07:29+08:00,5.24,282,7,3,2,1.081,1.666,0,-2.181,0
2026-07-16T07:15:05+08:00,6.89,300,7,3,3,1.121,1.786,0,-0.033,0
2026-07-16T07:21:32+08:00,1.67,134,7,3,1,1.065,0.172,0,-1.013,0
2026-07-16T07:36:51+08:00,4.55,478,7,3,0,1.088,0.267,0,1.131,0
2026-07-16T07:55:00+08:00,10.45,177,7,3,3,1.139,2.451,0,0.015,0
2026-07-16T08:09:31+08:00,4.69,241,8,3,0,1.131,0.544,0,-0.647,0
2026-07-16T08:14:37+08:00,8.21,35,8,3,2,1.015,2.396,0,-2.936,0
2026-07-16T08:20:19+08:00,1.16,271,8,3,2,1.072,0.31,0,0.472,0
2026-07-16T08:25:56+08:00,5.25,616,8,3,0,1.085,1.393,0,0.258,0
2026-07-16T08:28:21+08:00,7.14,188,8,3,3,1.043,0.507,0,1.4,0
2026-07-16T08:31:04+08:00,18.59,221,8,3,2,1.119,0.236,0,0.134,2
2026-07-16T08:41:44+08:00,0.47,22,8,3,1,1.112,0.135,0,-0.693,0
2026-07-16T08:41:45+08:00,5.03,69,8,3,2,1.061,1.089,0,-0.081,0
2026-07-16T08:44:17+08:00,3.01,49,8,3,1,1.112,0.996,0,0.505,0
2026-07-16T09:09:48+08:00,4.27,191,9,3,2,1.132,0.389,0,-0.289,0
2026-07-16T09:23:49+08:00,6.53,54,9,3,2,1.108,0.536,0,-0.52,0
2026-07-16T09:26:16+08:00,5.37,90,9,3,2,1.123,1.686,0,-0.164,0
2026-07-16T09:40:27+08:00,1.83,47,9,3,1,1.078,0.309,0,1.074,0
2026-07-16T09:54:44+08:00,10.68,34,9,3,0,1.123,1.506,0,-1.221,0
2026-07-16T10:06:54+08:00,9.1,85,10,3,0,1.082,0.616,0,-0.599,0
2026-07-16T10:11:47+08:00,3.26,212,10,3,0,1.037,0.841,0,-0.875,0
2026-07-16T10:35:43+08:00,9.1,956,10,3,3,1.056,1.758,0,1.822,0
2026-07-16T10:39:24+08:00,1.93,29,10,3,1,1.074,0.381,0,-0.871,0
2026-07-16T11:18:37+08:00,4.17,22,11,3,1,1.11,1.078,0,1.103,0
2026-07-16T11:38:42+08:00,2.55,30,11,3,1,1.137,0.622,0,-1.016,0
2026-07-16T11:47:38+08:00,0.32,3832,11,3,2,1.202,0.01,0,0.17,1
2026-07-16T12:01:26+08:00,2.51,13,12,3,1,1.009,0.476,0,-1.183,0
2026-07-16T12:10:13+08:00,5.38,351,12,3,0,1.133,1.108,0,-0.294,0
2026-07-16T12:33:19+08:00,16.45,443,12,3,3,1.197,0.619,0,0.593,2
2026-07-16T12:40:54+08:00,1.14,26,12,3,1,1.092,0.181,0,-0.036,0
2026-07-16T13:15:23+08:00,0.27,1524,13,3,3,1.075,0.013,0,0.342,1
2026-07-16T13:27:01+08:00,1.47,78,13,3,1,1.029,0.206,0,0.661,0
2026-07-16T14:01:00+08:00,0.52,51,14,3,1,1.1,0.122,0,-0.042,0
2026-07-16T14:02:59+08:00,4.35,122,14,3,2,1.09,0.68,0,1.142,0
2026-07-16T14:04:54+08:00,11.13,144,14,3,3,1.06,2.097,0,-2.447,0
2026-07-16T14:47:55+08:00,8.22,660,14,3,0,1.15,1.969,0,-2.144,0
2026-07-16T14:54:31+08:00,10.95,515,14,3,3,1.002,3.617,0,-2.246,0
2026-07-16T15:22:58+08:00,2.96,212,15,3,1,1.117,0.467,0,-2.022,0
2026-07-16T15:38:43+08:00,7.31,361,15,3,2,1.095,2.461,0,1.473,0
2026-07-16T15:43:38+08:00,9.53,785,15,3,3,1.035,0.557,0,1.485,0
2026-07-16T15:49:34+08:00,17.87,151,15,3,2,1.194,0.368,0,-0.023,2
2026-07-16T15:49:35+08:00,6.17,213,15,3,2,1.081,1.026,0,1.913,0
2026-07-16T16:32:22+08:00,5.59,205,16,3,2,1.074,1.674,0,-2.619,0
2026-07-16T17:06:48+08:00,8.71,704,17,3,3,1.073,2.584,0,-0.352,0
2026-07-16T17:13:48+08:00,7.49,70,17,3,3,1.065,2.481,0,0.446,0
2026-07-16T17:30:13+08:00,6.83,97,17,3,0,1.072,0.779,0,-0.975,0
2026-07-16T17:33:40+08:00,6.95,139,17,3,0,1.03,0.585,0,-1.418,0
2026-07-16T17:33:46+08:00,8.43,191,17,3,0,1.037,0.779,0,2.098,0
2026-07-16T17:45:42+08:00,8.56,181,17,3,3,1.068,1.867,0,0.303,0
2026-07-16T17:46:47+08:00,5.44,401,17,3,3,1.141,1.402,0,1.977,0
2026-07-16T18:11:58+08:00,7.54,148,18,3,3,1.119,0.76,0,-1.083,0
2026-07-16T18:12:02+08:00,12.86,76,18,3,3,1.061,2.005,0,0.499,0
2026-07-16T18:14:33+08:00,1.78,68,18,3,0,1.06,0.21,0,-0.161,0
2026-07-16T18:21:09+08:00,0.19,7139,18,3,3,1.22,0.006,0,-0.005,1
2026-07-16T18:38:45+08:00,2.34,52,18,3,1,1.029,0.69,0,-1.162,0
2026-07-16T18:50:46+08:00,2.84,171,18,3,1,1.026,0.607,0,1.362,0
2026-07-16T19:07:14+08:00,5.77,154,19,3,2,1.116,1.895,0,-0.083,0
2026-07-16T19:12:59+08:00,0.26,719,19,3,2,1.263,0.004,0,-0.159,1
2026-07-16T19:14:14+08:00,2.9,12,19,3,1,1.047,0.706,0,-1.759,0
2026-07-16T19:29:58+08:00,6.17,510,19,3,0,1.127,2.068,0,-0.85,0
2026-07-16T19:31:02+08:00,5.3,55,19,3,2,1.139,0.277,0,-0.143,0
2026-07-16T19:31:57+08:00,2.8,177,19,3,1,1.071,0.237,0,1.649,0
2026-07-16T19:32:29+08:00,9.78,250,19,3,3,1.087,1.407,0,-0.53,0
2026-07-16T19:35:06+08:00,7.08,253,19,3,3,1.072,1.301,0,1.399,0
2026-07-16T19:44:38+08:00,5.79,403,19,3,0,1.001,0.363,0,0.598,0
2026-07-16T19:44:50+08:00,9.01,376,19,3,3,1.066,1.021,0,0.281,0
2026-07-16T19:46:55+08:00,7.25,137,19,3,0,1.109,1.903,0,0.55,0
2026-07-16T20:05:23+08:00,1.97,46,20,3,1,1.145,0.217,0,-0.629,0
2026-07-16T20:05:47+08:00,4.9,162,20,3,0,1.072,0.676,0,-0.226,0
2026-07-16T20:06:29+08:00,12.4,237,20,3,3,1.13,3.585,0,0.192,0
2026-07-16T20:13:34+08:00,7.29,244,20,3,3,1.123,0.696,0,-0.39,0
2026-07-16T20:19:05+08:00,7.08,214,20,3,0,1.13,1.363,0,-1.136,0
2026-07-16T20:31:11+08:00,6.15,258,20,3,0,1.099,1.855,0,3.004,0
2026-07-16T21:35:49+08:00,8.99,2443,21,3,3,1.034,2.221,0,-0.447,0
2026-07-16T21:38:17+08:00,20.97,416,21,3,2,1.063,0.341,0,0.04,2
2026-07-16T21:44:53+08:00,9.22,128,21,3,0,1.022,0.567,0,1.108,0
2026-07-16T21:48:21+08:00,5.7,251,21,3,0,1.148,1.587,0,-0.02,0
2026-07-16T22:01:48+08:00,6.94,511,22,3,3,1.065,0.671,1,0.23,0
2026-07-16T22:09:06+08:00,4.24,356,22,3,0,1.079,0.217,1,0.601,0
2026-07-16T22:30:50+08:00,15.28,972,22,3,2,1.043,0.742,1,-0.03,2
2026-07-16T23:20:22+08:00,1.19,53,23,3,1,1.089,0.301,1,-1.835,0
2026-07-16T23:26:35+08:00,20.47,1246,23,3,1,1.076,0.878,1,-0.68,2
2026-07-16T23:40:11+08:00,5.18,205,23,3,2,1.125,1.324,1,0.873,0
2026-07-16T23:44:31+08:00,3.87,264,23,3,2,1.134,0.643,1,1.857,0
2026-07-17T03:02:08+08:00,1.76,111,3,4,2,1.124,0.168,1,-0.343,0
2026-07-17T03:13:09+08:00,0.45,911,3,4,1,1.272,0.017,1,0.343,1
2026-07-17T04:21:15+08:00,0.45,1302,4,4,3,1.042,0.008,1,0.136,1
2026-07-17T04:23:46+08:00,11.59,797,4,4,1,1.15,0.627,1,-0.368,2
2026-07-17T04:42:17+08:00,2.09,30,4,4,1,1.056,0.424,1,1.89,0
2026-07-17T05:02:00+08:00,0.34,1331,5,4,3,1.12,0.01,0,0.013,1
2026-07-17T05:20:20+08:00,0.21,661,5,4,3,1.163,0.008,0,0.025,1
2026-07-17T05:48:43+08:00,0.18,790,5,4,2,1.275,0.006,0,-0.195,1
2026-07-17T06:16:37+08:00,7.23,540,6,4,3,1.01,0.725,0,-0.476,0
2026-07-17T06:39:21+08:00,8.16,82,6,4,2,1.078,0.971,0,1.017,0
2026-07-17T06:57:09+08:00,7.74,356,6,4,3,1.063,1.811,0,2.119,0
2026-07-17T07:02:57+08:00,2.0,20,7,4,1,1.019,0.457,0,-0.986,0
2026-07-17T07:07:24+08:00,3.15,16,7,4,1,1.102,0.334,0,-0.223,0
2026-07-17T07:10:45+08:00,9.73,63,7,4,0,1.01,0.685,0,0.656,0
2026-07-17T07:17:21+08:00,3.59,15,7,4,1,1.136,0.695,0,-0.215,0
2026-07-17T07:18:44+08:00,4.36,231,7,4,0,1.129,0.398,0,1.157,0
2026-07-17T07:24:43+08:00,5.6,154,7,4,0,1.121,0.551,0,-1.742,0
2026-07-17T07:29:17+08:00,4.6,276,7,4,0,1.079,1.457,0,1.137,0
2026-07-17T07:32:05+08:00,10.19,1125,7,4,3,1.088,3.129,0,0.963,0
2026-07-17T07:36:12+08:00,1.74,38,7,4,1,1.127,0.523,0,-0.581,0
2026-07-17T07:37:56+08:00,2.38,20,7,4,1,1.094,0.318,0,0.655,0
2026-07-17T07:40:49+08:00,9.28,88,7,4,3,1.047,0.661,0,-0.621,0
2026-07-17T07:53:10+08:00,3.22,19,7,4,1,1.111,0.59,0,-0.497,0
2026-07-17T07:55:38+08:00,11.44,124,7,4,3,1.099,3.823,0,-0.204,0
2026-07-17T08:17:51+08:00,5.31,96,8,4,2,1.053,1.262,0,0.435,0
2026-07-17T08:24:11+08:00,10.82,151,8,4,3,1.112,3.629,0,-1.403,0
2026-07-17T09:05:33+08:00,11.84,418,9,4,3,1.129,3.257,0,0.936,0
2026-07-17T10:25:43+08:00,2.07,22,10,4,1,1.01,0.583,0,-1.022,0
2026-07-17T10:35:13+08:00,8.97,105,10,4,3,1.091,2.113,0,-0.008,0
2026-07-17T10:35:20+08:00,5.85,60,10,4,2,1.042,1.68,0,-0.138,0
2026-07-17T10:36:39+08:00,3.81,1059,10,4,0,1.043,0.886,0,-2.592,0
2026-07-17T10:40:41+08:00,5.14,148,10,4,2,1.011,0.587,0,0.963,0
2026-07-17T10:43:02+08:00,6.9,223,10,4,3,1.12,1.136,0,-0.244,0
2026-07-17T10:45:06+08:00,0.15,1795,10,4,1,1.08,0.005,0,-0.479,1
2026-07-17T11:20:07+08:00,9.23,684,11,4,0,1.141,2.633,0,-0.192,0
2026-07-17T11:55:59+08:00,11.77,651,11,4,3,1.084,3.545,0,1.271,0
2026-07-17T12:51:47+08:00,4.03,302,12,4,2,1.009,1.014,0,0.681,0
2026-07-17T12:57:26+08:00,7.15,215,12,4,0,1.006,1.768,0,0.482,0
2026-07-17T12:59:51+08:00,6.74,433,12,4,2,1.029,0.427,0,-0.059,0
2026-07-17T13:02:00+08:00,5.9,337,13,4,0,1.082,1.684,0,0.203,0
2026-07-17T13:15:15+08:00,9.48,169,13,4,3,1.084,1.118,0,0.569,0
2026-07-17T13:26:29+08:00,9.73,105,13,4,3,1.077,2.848,0,1.526,0
2026-07-17T13:32:55+08:00,1.14,38,13,4,1,1.122,0.292,0,0.56,0
2026-07-17T13:58:29+08:00,3.42,48,13,4,1,1.13,1.068,0,0.327,0
2026-07-17T14:21:25+08:00,0.43,2537,14,4,1,1.208,0.011,0,0.278,1
2026-07-17T14:31:10+08:00,0.18,4467,14,4,2,1.258,0.006,0,0.037,1
2026-07-17T14:31:15+08:00,0.26,4200,14,4,2,1.193,0.005,0,-0.176,1
2026-07-17T14:36:30+08:00,2.01,9,14,4,1,1.146,0.166,0,-0.872,0
2026-07-17T14:40:46+08:00,6.01,474,14,4,3,1.034,0.393,0,-2.662,0
2026-07-17T14:48:02+08:00,3.87,155,14,4,0,1.018,0.794,0,2.075,0
2026-07-17T14:48:14+08:00,15.86,678,14,4,1,1.157,0.924,0,-0.516,2
2026-07-17T15:04:10+08:00,12.22,80,15,4,0,1.122,2.425,0,1.199,0
2026-07-17T15:47:27+08:00,1.95,22,15,4,1,1.141,0.266,0,-0.249,0
2026-07-17T17:00:19+08:00,8.14,448,17,4,3,1.016,1.292,0,3.606,0
2026-07-17T17:00:30+08:00,0.15,615,17,4,2,1.058,0.002,0,-0.258,1
2026-07-17T17:02:46+08:00,5.78,444,17,4,0,1.119,0.39,0,-2.521,0
2026-07-17T17:25:54+08:00,8.2,463,17,4,2,1.149,1.843,0,-0.74,0
2026-07-17T17:26:48+08:00,10.9,696,17,4,3,1.122,2.794,0,0.609,0
2026-07-17T17:40:58+08:00,3.07,367,17,4,2,1.041,0.448,0,1.683,0
2026-07-17T18:08:53+08:00,0.78,18,18,4,1,1.141,0.172,0,-0.238,0
2026-07-17T18:26:49+08:00,6.39,103,18,4,3,1.046,2.236,0,-0.526,0
2026-07-17T18:27:13+08:00,6.61,117,18,4,2,1.108,1.06,0,0.751,0
2026-07-17T18:36:41+08:00,6.18,66,18,4,0,1.06,1.566,0,1.792,0
2026-07-17T18:49:25+08:00,6.34,61,18,4,0,1.057,0.975,0,0.276,0
2026-07-17T18:59:26+08:00,10.75,506,18,4,3,1.108,2.955,0,-0.391,0
2026-07-17T19:00:22+08:00,5.41,73,19,4,2,1.091,0.39,0,0.63,0
2026-07-17T19:18:17+08:00,6.01,240,19,4,2,1.027,2.079,0,1.644,0
2026-07-17T19:27:13+08:00,9.38,308,19,4,0,1.085,1.689,0,-1.031,0
2026-07-17T19:28:33+08:00,10.2,748,19,4,3,1.102,2.333,0,-2.124,0
2026-07-17T19:37:54+08:00,0.65,208,19,4,1,1.1,0.136,0,0.404,0
2026-07-17T19:47:17+08:00,0.35,1927,19,4,1,1.038,0.011,0,0.118,1
2026-07-17T19:51:40+08:00,2.2,625,19,4,3,1.019,0.717,0,2.983,0
2026-07-17T20:02:16+08:00,2.65,233,20,4,2,1.1,0.432,0,-2.615,0
2026-07-17T20:25:30+08:00,4.77,32,20,4,0,1.055,0.967,0,-0.34,0
2026-07-17T20:34:18+08:00,9.62,430,20,4,3,1.058,2.554,0,-0.342,0
2026-07-17T20:49:16+08:00,0.19,3263,20,4,3,1.18,0.005,0,-0.067,1
2026-07-17T21:11:10+08:00,6.91,30,21,4,2,1.073,1.698,0,-0.641,0
2026-07-17T21:19:25+08:00,8.72,33,21,4,2,1.086,2.669,0,-2.276,0
2026-07-17T21:55:06+08:00,6.32,66,21,4,0,1.063,1.116,0,-0.019,0
2026-07-17T22:00:42+08:00,6.76,242,22,4,2,1.136,1.528,1,-0.854,0
2026-07-17T22:15:08+08:00,9.7,876,22,4,3,1.021,3.253,1,1.835,0
2026-07-17T22:58:37+08:00,2.33,767,22,4,3,1.089,0.204,1,0.301,0
2026-07-17T23:10:58+08:00,10.16,902,23,4,3,1.042,3.143,1,0.24,0
2026-07-17T23:11:19+08:00,6.82,267,23,4,3,1.123,0.687,1,-0.269,0
2026-07-17T23:17:43+08:00,8.92,84,23,4,3,1.138,2.631,1,0.898,0
2026-07-17T23:17:44+08:00,3.96,103,23,4,0,1.117,1.263,1,0.842,0
2026-07-17T23:24:27+08:00,0.19,1089,23,4,3,1.063,0.004,1,0.09,1
2026-07-17T23:27:02+08:00,5.61,157,23,4,2,1.012,0.472,1,0.427,0
2026-07-18T00:02:23+08:00,12.96,1258,0,5,3,1.041,0.149,1,-0.654,2
2026-07-18T01:59:10+08:00,3.28,64,1,5,1,1.015,0.923,1,0.401,0
2026-07-18T02:01:22+08:00,3.32,30,2,5,1,1.024,0.59,1,1.99,0
2026-07-18T03:05:22+08:00,0.44,2190,3,5,3,1.21,0.022,1,-0.027,1
2026-07-18T04:23:23+08:00,0.23,2483,4,5,3,1.14,0.008,1,-0.072,1
2026-07-18T04:32:29+08:00,0.1,3184,4,5,1,1.239,0.002,1,0.171,1
2026-07-18T06:01:40+08:00,4.08,232,6,5,2,1.139,0.48,0,-0.572,0
2026-07-18T06:02:08+08:00,5.61,269,6,5,2,1.114,1.051,0,0.141,0
2026-07-18T06:03:36+08:00,3.48,34,6,5,1,1.03,1.013,0,-1.862,0
2026-07-18T06:04:52+08:00,0.14,4598,6,5,3,1.23,0.005,0,0.471,1
2026-07-18T06:18:29+08:00,6.17,76,6,5,2,1.138,1.776,0,0.256,0
2026-07-18T06:29:07+08:00,0.32,2321,6,5,2,1.221,0.005,0,0.121,1
2026-07-18T06:36:23+08:00,2.09,18,6,5,1,1.021,0.601,0,-0.034,0
2026-07-18T06:53:55+08:00,7.59,182,6,5,3,1.04,1.053,0,1.749,0
2026-07-18T07:00:35+08:00,5.76,671,7,5,2,1.091,0.701,0,-0.579,0
2026-07-18T07:02:32+08:00,9.2,790,7,5,3,1.091,2.828,0,-3.251,0
2026-07-18T07:05:22+08:00,0.57,37,7,5,1,1.08,0.088,0,0.23,0
2026-07-18T07:16:11+08:00,6.57,100,7,5,0,1.135,0.69,0,1.14,0
2026-07-18T07:28:35+08:00,7.97,143,7,5,2,1.065,2.677,0,0.547,0
2026-07-18T07:38:57+08:00,9.18,89,7,5,0,1.117,2.082,0,0.465,0
2026-07-18T08:08:59+08:00,9.72,737,8,5,3,1.094,2.703,0,1.051,0
2026-07-18T08:09:24+08:00,2.27,455,8,5,3,1.029,0.399,0,-0.76,0
2026-07-18T08:15:03+08:00,3.47,22,8,5,1,1.119,0.982,0,0.048,0
2026-07-18T08:33:48+08:00,6.71,182,8,5,0,1.05,1.826,0,-0.965,0
2026-07-18T08:34:53+08:00,10.46,1083,8,5,1,1.052,0.395,0,-0.233,2
2026-07-18T08:37:01+08:00,17.15,428,8,5,3,1.044,1.015,0,-0.698,2
2026-07-18T08:37:01+08:00,6.27,116,8,5,2,1.02,1.388,0,2.529,0
2026-07-18T08:50:35+08:00,4.12,190,8,5,2,1.149,0.696,0,-0.348,0
2026-07-18T08:53:42+08:00,7.28,121,8,5,2,1.019,1.528,0,0.963,0
2026-07-18T08:54:49+08:00,4.7,104,8,5,2,1.017,1.525,0,0.547,0
2026-07-18T08:58:08+08:00,8.44,3118,8,5,3,1.061,1.077,0,-0.752,0
2026-07-18T09:54:47+08:00,2.36,52,9,5,1,1.143,0.478,0,0.234,0
2026-07-18T10:00:50+08:00,4.0,23,10,5,1,1.144,0.339,0,-0.228,0
2026-07-18T10:12:40+08:00,1.69,32,10,5,2,1.09,0.467,0,1.468,0
2026-07-18T10:22:07+08:00,5.42,201,10,5,2,1.126,1.802,0,-1.141,0
2026-07-18T10:37:44+08:00,13.31,300,10,5,3,1.108,3.328,0,-0.858,0
2026-07-18T10:39:44+08:00,2.34,72,10,5,0,1.032,0.398,0,0.613,0
2026-07-18T10:52:05+08:00,0.1,1390,10,5,1,1.112,0.002,0,0.245,1
2026-07-18T11:04:37+08:00,7.49,957,11,5,0,1.031,0.8,0,-0.811,0
2026-07-18T11:14:48+08:00,0.1,4202,11,5,3,1.278,0.002,0,0.062,1
2026-07-18T11:31:02+08:00,3.78,273,11,5,2,1.021,0.4,0,-0.649,0
2026-07-18T11:32:41+08:00,3.8,565,11,5,2,1.073,0.413,0,-1.639,0
2026-07-18T11:33:22+08:00,10.66,308,11,5,3,1.036,2.656,0,0.108,0
2026-07-18T11:44:58+08:00,10.26,217,11,5,3,1.012,1.57,0,0.319,0
2026-07-18T11:46:25+08:00,5.94,178,11,5,0,1.12,1.504,0,0.028,0
2026-07-18T11:52:09+08:00,0.37,1066,11,5,2,1.109,0.012,0,-0.669,1
2026-07-18T12:04:18+08:00,7.05,102,12,5,2,1.057,0.496,0,0.559,0
2026-07-18T12:25:12+08:00,3.55,88,12,5,2,1.026,0.787,0,-0.235,0
2026-07-18T12:51:41+08:00,2.25,86,12,5,1,1.027,0.62,0,0.591,0
2026-07-18T12:55:04+08:00,5.18,428,12,5,0,1.134,0.817,0,-0.706,0
2026-07-18T12:56:09+08:00,0.29,600,12,5,3,1.216,0.011,0,-0.317,1
2026-07-18T12:58:39+08:00,5.83,168,12,5,2,1.135,0.557,0,0.538,0
2026-07-18T13:05:55+08:00,2.7,64,13,5,1,1.019,0.416,0,-0.532,0
2026-07-18T13:26:22+08:00,13.98,630,13,5,3,1.145,2.941,0,0.537,0
2026-07-18T13:44:43+08:00,2.1,716,13,5,0,1.148,0.241,0,0.108,0
2026-07-18T13:46:19+08:00,0.25,676,13,5,1,1.269,0.007,0,-0.246,1
2026-07-18T13:58:54+08:00,7.77,205,13,5,3,1.07,1.172,0,-0.358,0
2026-07-18T14:12:51+08:00,10.37,735,14,5,3,1.08,1.32,0,3.085,0
2026-07-18T14:31:24+08:00,9.97,91,14,5,3,1.094,3.411,0,-3.032,0
2026-07-18T14:47:12+08:00,5.41,319,14,5,2,1.056,0.757,0,1.025,0
2026-07-18T14:47:31+08:00,7.44,148,14,5,2,1.108,1.937,0,1.099,0
2026-07-18T14:52:14+08:00,9.18,106,14,5,2,1.082,1.942,0,-0.933,0
2026-07-18T14:58:28+08:00,3.01,68,14,5,1,1.045,0.268,0,0.901,0
2026-07-18T14:59:39+08:00,8.02,126,14,5,3,1.005,0.606,0,2.42,0
2026-07-18T16:08:56+08:00,24.48,893,16,5,2,1.014,0.414,0,0.686,2
2026-07-18T16:17:25+08:00,1.74,309,16,5,2,1.054,0.463,0,-1.011,0
2026-07-18T16:27:22+08:00,7.07,1625,16,5,3,1.132,1.96,0,1.058,0
2026-07-18T16:49:07+08:00,8.07,376,16,5,2,1.013,2.445,0,-2.704,0
2026-07-18T16:51:04+08:00,5.7,114,16,5,2,1.017,1.133,0,-0.941,0
2026-07-18T17:01:57+08:00,8.24,299,17,5,3,1.012,2.578,0,-1.313,0
2026-07-18T17:02:08+08:00,11.5,602,17,5,3,1.133,2.591,0,-0.452,0
2026-07-18T17:08:06+08:00,8.1,411,17,5,3,1.009,1.293,0,-0.956,0
2026-07-18T17:13:17+08:00,0.42,2786,17,5,3,1.178,0.003,0,0.122,1
2026-07-18T17:18:50+08:00,11.45,426,17,5,3,1.102,1.381,0,-0.429,0
2026-07-18T17:23:07+08:00,10.69,323,17,5,3,1.009,1.479,0,0.96,0
2026-07-18T17:30:18+08:00,3.38,57,17,5,1,1.074,0.808,0,-2.061,0
2026-07-18T17:35:58+08:00,2.72,468,17,5,0,1.007,0.335,0,-1.984,0
2026-07-18T17:46:47+08:00,1.55,371,17,5,0,1.065,0.316,0,-1.275,0
2026-07-18T17:47:26+08:00,7.71,142,17,5,0,1.044,0.91,0,1.59,0
2026-07-18T17:56:03+08:00,7.06,433,17,5,2,1.107,2.249,0,0.702,0
2026-07-18T18:12:31+08:00,7.59,114,18,5,2,1.051,2.527,0,-1.671,0
2026-07-18T18:14:13+08:00,8.21,313,18,5,3,1.148,0.474,0,-0.211,0
2026-07-18T18:17:03+08:00,8.16,399,18,5,3,1.002,0.656,0,0.902,0
2026-07-18T18:18:34+08:00,10.93,678,18,5,3,1.038,0.676,0,0.156,0
2026-07-18T18:23:12+08:00,0.22,3957,18,5,2,1.046,0.009,0,0.048,1
2026-07-18T18:39:34+08:00,8.29,810,18,5,3,1.148,1.299,0,2.313,0
2026-07-18T18:46:40+08:00,4.97,127,18,5,2,1.111,0.983,0,1.329,0
2026-07-18T18:58:37+08:00,9.11,643,18,5,3,1.138,1.957,0,0.201,0
2026-07-18T19:04:36+08:00,7.58,126,19,5,0,1.013,0.502,0,1.095,0
2026-07-18T19:18:20+08:00,3.32,253,19,5,2,1.012,0.767,0,-0.261,0
2026-07-18T19:55:16+08:00,3.41,79,19,5,1,1.095,1.114,0,-0.317,0
2026-07-18T20:02:22+08:00,8.29,230,20,5,2,1.152,0.27,0,0.015,2
2026-07-18T20:07:43+08:00,0.48,2856,20,5,2,1.047,0.002,0,-0.244,1
2026-07-18T20:20:58+08:00,7.57,40,20,5,2,1.035,0.435,0,-2.559,0
2026-07-18T20:24:01+08:00,3.57,24,20,5,1,1.006,0.665,0,1.325,0
2026-07-18T20:28:08+08:00,9.74,41,20,5,2,1.071,3.361,0,1.956,0
2026-07-18T20:37:20+08:00,0.25,1320,20,5,3,1.289,0.004,0,0.154,1
2026-07-18T20:45:23+08:00,3.62,11,20,5,1,1.013,0.213,0,-0.104,0
2026-07-18T20:47:35+08:00,7.2,328,20,5,2,1.026,2.418,0,0.306,0
2026-07-18T21:10:04+08:00,9.72,692,21,5,3,1.041,2.909,0,1.022,0
2026-07-18T21:11:03+08:00,5.91,751,21,5,2,1.146,0.959,0,-0.872,0
2026-07-18T21:20:34+08:00,9.24,350,21,5,3,1.021,0.991,0,-0.853,0
2026-07-18T21:28:08+08:00,0.76,509,21,5,0,1.07,0.238,0,2.088,0
2026-07-18T21:53:24+08:00,1.41,274,21,5,1,1.138,0.468,0,0.024,0
2026-07-18T21:57:59+08:00,2.4,78,21,5,1,1.125,0.28,0,-2.319,0
2026-07-18T22:46:22+08:00,0.36,1477,22,5,2,1.073,0.01,1,-0.249,1
2026-07-18T22:49:16+08:00,20.06,131,22,5,3,1.073,0.282,1,-0.553,2
2026-07-18T23:01:24+08:00,4.36,11,23,5,1,1.079,0.882,1,1.667,0
2026-07-18T23:10:18+08:00,6.23,210,23,5,0,1.057,0.482,1,0.24,0
2026-07-18T23:50:34+08:00,3.26,647,23,5,0,1.068,0.902,1,-2.717,0
2026-07-19T00:08:18+08:00,9.61,433,0,6,3,1.029,0.551,1,0.118,2
2026-07-19T00:09:08+08:00,4.02,28,0,6,2,1.065,0.811,1,1.628,0
2026-07-19T03:31:50+08:00,0.17,4227,3,6,3,1.242,0.001,1,0.119,1
2026-07-19T03:45:48+08:00,15.55,185,3,6,1,1.186,0.213,1,-0.155,2
2026-07-19T06:00:06+08:00,6.8,127,6,6,0,1.111,0.619,0,-0.368,0
2026-07-19T06:07:27+08:00,22.91,732,6,6,1,1.039,0.753,0,-0.005,2
2026-07-19T06:14:24+08:00,2.58,16,6,6,1,1.024,0.777,0,-1.488,0
2026-07-19T06:20:20+08:00,3.02,98,6,6,1,1.139,0.524,0,0.71,0
2026-07-19T06:22:52+08:00,7.06,84,6,6,2,1.103,1.81,0,-1.616,0
2026-07-19T06:23:00+08:00,8.17,228,6,6,0,1.105,2.734,0,0.404,0
2026-07-19T06:23:27+08:00,2.69,1263,6,6,3,1.134,0.802,0,0.014,0
2026-07-19T06:30:13+08:00,3.61,42,6,6,1,1.119,0.931,0,-0.053,0
2026-07-19T06:34:51+08:00,8.25,615,6,6,3,1.08,0.661,0,-0.678,0
2026-07-19T06:43:21+08:00,11.28,459,6,6,3,1.102,2.442,0,0.502,0
2026-07-19T06:52:34+08:00,9.09,76,6,6,0,1.126,2.743,0,-0.55,0
2026-07-19T06:53:05+08:00,2.6,154,6,6,1,1.116,0.292,0,1.424,0
2026-07-19T06:54:31+08:00,20.24,777,6,6,3,1.117,0.76,0,-1.136,2
2026-07-19T07:01:55+08:00,2.63,12,7,6,1,1.109,0.42,0,0.052,0
2026-07-19T07:02:20+08:00,8.65,456,7,6,3,1.04,0.785,0,3.223,0
2026-07-19T07:27:32+08:00,3.93,57,7,6,2,1.021,0.248,0,0.195,0
2026-07-19T07:30:04+08:00,7.0,260,7,6,3,1.056,1.797,0,-0.86,0
2026-07-19T07:36:58+08:00,1.33,149,7,6,1,1.139,0.197,0,-2.592,0
2026-07-19T07:37:37+08:00,12.1,485,7,6,3,1.117,1.013,0,0.145,0
2026-07-19T07:41:26+08:00,4.01,72,7,6,1,1.098,1.021,0,0.047,0
2026-07-19T07:42:31+08:00,8.13,188,7,6,3,1.002,0.624,0,-1.271,0
2026-07-19T08:05:05+08:00,7.09,779,8,6,2,1.121,0.863,0,0.737,0
2026-07-19T08:12:26+08:00,1.9,9,8,6,1,1.045,0.639,0,0.801,0
2026-07-19T08:17:51+08:00,5.42,83,8,6,0,1.097,1.157,0,-0.009,0
2026-07-19T08:20:19+08:00,6.43,284,8,6,3,1.027,0.905,0,-0.26,0
2026-07-19T08:21:40+08:00,0.96,97,8,6,1,1.079,0.22,0,0.569,0
2026-07-19T08:29:00+08:00,12.32,315,8,6,1,1.051,0.704,0,-0.329,2
2026-07-19T08:40:38+08:00,7.3,853,8,6,3,1.027,0.387,0,2.417,0
2026-07-19T08:41:54+08:00,0.24,1089,8,6,3,1.212,0.012,0,-0.021,1
2026-07-19T08:49:59+08:00,9.13,192,8,6,0,1.119,1.369,0,-0.793,0
2026-07-19T08:52:11+08:00,11.41,627,8,6,3,1.139,3.265,0,2.808,0
2026-07-19T09:02:32+08:00,24.22,1984,9,6,1,1.058,0.631,0,-0.739,2
2026-07-19T09:35:40+08:00,6.0,135,9,6,2,1.136,1.779,0,-1.708,0
2026-07-19T09:58:02+08:00,7.0,543,9,6,0,1.036,0.418,0,-2.845,0
2026-07-19T10:36:09+08:00,7.45,187,10,6,0,1.015,0.541,0,1.002,0
2026-07-19T10:55:38+08:00,2.75,19,10,6,1,1.016,0.334,0,0.639,0
2026-07-19T11:27:02+08:00,10.23,915,11,6,3,1.009,3.55,0,-2.015,0
2026-07-19T12:10:11+08:00,1.74,289,12,6,2,1.096,0.327,0,-1.195,0
2026-07-19T13:26:47+08:00,2.4,41,13,6,1,1.125,0.675,0,0.223,0
2026-07-19T13:48:37+08:00,3.27,11,13,6,1,1.143,0.78,0,1.659,0
2026-07-19T13:50:00+08:00,0.22,722,13,6,2,1.147,0.01,0,-0.042,1
2026-07-19T13:55:01+08:00,5.84,739,13,6,3,1.144,1.095,0,-0.795,0
2026-07-19T14:00:37+08:00,6.78,82,14,6,0,1.081,0.776,0,0.334,0
2026-07-19T14:07:17+08:00,5.37,170,14,6,2,1.116,1.067,0,2.029,0
2026-07-19T14:11:56+08:00,0.33,3741,14,6,3,1.043,0.005,0,0.091,1
2026-07-19T14:18:59+08:00,9.67,342,14,6,3,1.003,2.909,0,-0.301,0
2026-07-19T14:38:18+08:00,7.24,123,14,6,2,1.032,1.858,0,-1.777,0
2026-07-19T14:38:29+08:00,6.19,34,14,6,2,1.14,1.376,0,1.762,0
2026-07-19T14:40:35+08:00,2.82,11,14,6,1,1.14,0.331,0,-0.007,0
2026-07-19T14:59:21+08:00,2.95,23,14,6,2,1.075,0.607,0,0.915,0
2026-07-19T15:00:16+08:00,1.32,103,15,6,1,1.149,0.28,0,1.355,0
2026-07-19T15:21:00+08:00,2.57,151,15,6,1,1.049,0.659,0,-0.014,0
2026-07-19T15:30:42+08:00,4.08,31,15,6,1,1.067,0.354,0,-2.021,0
2026-07-19T15:39:38+08:00,10.11,3600,15,6,3,1.03,2.31,0,0.257,0
2026-07-19T15:56:55+08:00,23.34,929,15,6,2,1.15,1.086,0,-0.603,2
2026-07-19T16:00:16+08:00,7.47,126,16,6,2,1.04,1.113,0,0.051,0
2026-07-19T16:14:28+08:00,5.8,73,16,6,2,1.077,1.193,0,0.074,0
2026-07-19T16:25:45+08:00,6.28,23,16,6,2,1.138,1.94,0,-0.269,0
2026-07-19T16:47:02+08:00,15.96,1270,16,6,3,1.195,0.241,0,-0.373,2
2026-07-19T17:01:09+08:00,9.2,134,17,6,3,1.098,0.789,0,1.327,0
2026-07-19T17:04:26+08:00,9.18,654,17,6,2,1.056,1.807,0,-1.282,0
2026-07-19T17:06:12+08:00,0.37,837,17,6,2,1.021,0.016,0,0.131,1
2026-07-19T17:15:34+08:00,2.85,61,17,6,0,1.038,0.159,0,-0.939,0
2026-07-19T17:17:50+08:00,7.82,35,17,6,2,1.024,2.481,0,0.943,0
2026-07-19T17:27:26+08:00,6.01,133,17,6,2,1.023,1.355,0,-1.315,0
2026-07-19T17:48:17+08:00,1.25,107,17,6,0,1.064,0.149,0,1.431,0
2026-07-19T17:53:01+08:00,2.97,28,17,6,1,1.051,0.427,0,0.937,0
2026-07-19T17:55:48+08:00,3.44,291,17,6,0,1.102,0.527,0,1.2,0
2026-07-19T18:00:59+08:00,0.23,1895,18,6,3,1.19,0.009,0,-0.142,1
2026-07-19T18:06:32+08:00,1.97,157,18,6,0,1.134,0.369,0,2.303,0
2026-07-19T18:22:34+08:00,4.74,72,18,6,2,1.027,0.411,0,0.9,0
2026-07-19T18:24:05+08:00,8.03,1203,18,6,3,1.089,1.125,0,-1.461,0
2026-07-19T18:38:21+08:00,16.52,319,18,6,3,1.047,0.321,0,0.519,2
2026-07-19T18:40:19+08:00,4.13,45,18,6,1,1.107,0.586,0,0.401,0
2026-07-19T18:43:09+08:00,2.16,141,18,6,1,1.021,0.368,0,0.694,0
2026-07-19T18:43:31+08:00,4.02,39,18,6,2,1.139,1.382,0,0.143,0
2026-07-19T18:52:12+08:00,7.94,160,18,6,0,1.058,0.481,0,-0.015,0
2026-07-19T18:58:52+08:00,8.88,740,18,6,3,1.105,2.397,0,-1.281,0
2026-07-19T19:06:09+08:00,8.84,212,19,6,3,1.011,0.98,0,-1.046,0
2026-07-19T19:16:15+08:00,1.58,71,19,6,1,1.024,0.092,0,-0.466,0
2026-07-19T19:22:34+08:00,4.78,192,19,6,2,1.118,1.406,0,-0.81,0
2026-07-19T19:29:02+08:00,3.99,471,19,6,2,1.136,1.316,0,0.433,0
2026-07-19T19:30:44+08:00,10.37,2114,19,6,3,1.016,2.367,0,0.483,0
2026-07-19T19:36:19+08:00,12.66,446,19,6,3,1.144,4.107,0,0.19,0
2026-07-19T19:58:47+08:00,1.88,48,19,6,1,1.133,0.434,0,1.364,0
2026-07-19T20:00:13+08:00,4.14,67,20,6,2,1.056,1.374,0,-0.51,0
2026-07-19T20:19:36+08:00,6.72,937,20,6,0,1.11,1.997,0,-0.32,0
2026-07-19T20:39:59+08:00,1.92,68,20,6,1,1.076,0.402,0,1.528,0
2026-07-19T20:50:19+08:00,7.72,445,20,6,2,1.124,1.901,0,0.04,0
2026-07-19T20:51:07+08:00,23.53,139,20,6,1,1.03,1.034,0,0.178,2
2026-07-19T20:56:37+08:00,0.3,767,20,6,3,1.252,0.004,0,0.237,1
2026-07-19T21:09:01+08:00,5.81,144,21,6,2,1.048,0.588,0,1.308,0
2026-07-19T21:12:32+08:00,2.73,63,21,6,1,1.071,0.632,0,1.228,0
2026-07-19T21:13:14+08:00,1.51,28,21,6,1,1.022,0.466,0,0.531,0
2026-07-19T21:25:19+08:00,0.42,2108,21,6,1,1.239,0.005,0,0.116,1
2026-07-19T22:00:01+08:00,3.86,44,22,6,0,1.074,0.351,1,0.158,0
2026-07-19T22:37:26+08:00,2.11,29,22,6,1,1.06,0.718,1,-0.245,0
2026-07-19T23:08:02+08:00,9.92,227,23,6,3,1.048,2.911,1,-1.285,0
2026-07-19T23:08:10+08:00,0.32,2426,23,6,2,1.134,0.007,1,-0.032,1
2026-07-19T23:40:29+08:00,3.89,75,23,6,1,1.073,0.636,1,0.972,0
2026-07-20T00:26:26+08:00,6.09,135,0,0,2,1.055,1.453,1,0.082,0
2026-07-20T00:32:16+08:00,0.21,8714,0,0,2,1.007,0.003,1,0.202,1
2026-07-20T01:43:13+08:00,7.83,121,1,0,3,1.109,1.368,1,3.261,0
2026-07-20T02:45:55+08:00,0.38,2300,2,0,3,1.076,0.015,1,-0.355,1
2026-07-20T02:45:57+08:00,0.2,740,2,0,1,1.144,0.009,1,-0.066,1
2026-07-20T06:00:04+08:00,0.49,1071,6,0,1,1.104,0.005,0,0.046,1
2026-07-20T06:06:49+08:00,3.49,27,6,0,1,1.068,0.183,0,2.338,0
2026-07-20T06:17:54+08:00,10.38,190,6,0,3,1.064,3.171,0,-1.206,0
2026-07-20T06:18:29+08:00,2.35,40,6,0,1,1.116,0.432,0,1.039,0
2026-07-20T06:24:41+08:00,0.57,35,6,0,1,1.123,0.187,0,-0.299,0
2026-07-20T06:32:33+08:00,2.0,56,6,0,1,1.121,0.272,0,0.301,0
2026-07-20T06:36:43+08:00,7.28,95,6,0,0,1.047,2.156,0,-0.287,0
2026-07-20T06:37:59+08:00,0.21,922,6,0,1,1.058,0.01,0,0.023,1
2026-07-20T06:39:03+08:00,7.33,144,6,0,3,1.035,1.454,0,0.532,0
2026-07-20T06:40:27+08:00,8.96,396,6,0,0,1.009,2.606,0,-1.175,0
2026-07-20T06:49:54+08:00,10.84,559,6,0,3,1.029,0.894,0,1.862,0
2026-07-20T06:50:46+08:00,7.66,366,6,0,3,1.017,2.306,0,-0.546,0
2026-07-20T07:03:43+08:00,2.25,45,7,0,1,1.013,0.148,0,-2.045,0
2026-07-20T07:12:12+08:00,6.86,47,7,0,2,1.108,1.828,0,0.204,0
2026-07-20T07:13:37+08:00,6.62,116,7,0,0,1.002,0.523,0,-0.194,0
2026-07-20T07:14:47+08:00,6.77,254,7,0,2,1.123,1.456,0,0.926,0
2026-07-20T07:24:11+08:00,7.7,94,7,0,2,1.056,1.619,0,1.855,0
2026-07-20T07:32:25+08:00,7.98,1068,7,0,0,1.084,1.275,0,0.662,0
2026-07-20T07:38:03+08:00,0.3,95,7,0,0,1.037,0.098,0,1.138,0
2026-07-20T07:46:47+08:00,5.8,955,7,0,0,1.105,1.909,0,0.371,0
2026-07-20T07:56:13+08:00,5.81,336,7,0,2,1.03,0.668,0,0.551,0
2026-07-20T08:03:45+08:00,8.12,499,8,0,3,1.085,0.916,0,-1.333,0
2026-07-20T08:14:31+08:00,1.46,10,8,0,1,1.086,0.355,0,0.882,0
2026-07-20T08:21:52+08:00,11.18,147,8,0,0,1.03,0.832,0,2.243,0
2026-07-20T08:34:36+08:00,7.12,227,8,0,0,1.019,1.551,0,-1.803,0
2026-07-20T08:40:07+08:00,8.04,30,8,0,2,1.089,2.557,0,0.354,0
2026-07-20T08:44:45+08:00,6.64,104,8,0,0,1.01,0.533,0,0.106,0
2026-07-20T08:44:58+08:00,3.54,42,8,0,2,1.044,0.981,0,0.723,0
2026-07-20T08:47:01+08:00,5.42,54,8,0,0,1.082,1.869,0,-0.327,0
2026-07-20T08:55:24+08:00,6.77,501,8,0,2,1.004,1.926,0,-0.604,0
2026-07-20T09:21:23+08:00,3.11,97,9,0,1,1.028,0.401,0,0.673,0
2026-07-20T09:31:12+08:00,6.58,81,9,0,2,1.096,1.548,0,-0.606,0
2026-07-20T09:35:13+08:00,0.4,2178,9,0,3,1.297,0.009,0,-0.145,1
2026-07-20T09:49:10+08:00,0.28,1444,9,0,1,1.021,0.009,0,-0.08,1
2026-07-20T09:57:26+08:00,1.05,18,9,0,1,1.09,0.169,0,0.004,0
2026-07-20T10:16:18+08:00,0.3,930,10,0,3,1.137,0.013,0,0.009,1
2026-07-20T10:37:23+08:00,0.35,3027,10,0,3,1.214,0.007,0,0.197,1
2026-07-20T10:37:36+08:00,1.01,52,10,0,1,1.065,0.345,0,-1.15,0
2026-07-20T10:41:01+08:00,9.77,594,10,0,3,1.064,1.509,0,-0.239,0
2026-07-20T10:50:43+08:00,6.9,545,10,0,2,1.033,1.784,0,-0.144,0
2026-07-20T11:03:22+08:00,8.24,241,11,0,3,1.036,1.305,0,-1.001,0
2026-07-20T11:05:52+08:00,10.78,43,11,0,0,1.133,1.708,0,-0.845,0
2026-07-20T11:06:01+08:00,5.09,483,11,0,0,1.145,0.44,0,-1.247,0
2026-07-20T11:08:36+08:00,5.29,59,11,0,0,1.056,0.488,0,0.817,0
2026-07-20T11:17:43+08:00,0.43,1154,11,0,2,1.149,0.017,0,0.088,1
2026-07-20T11:21:43+08:00,5.96,425,11,0,2,1.054,2.074,0,0.293,0
2026-07-20T11:30:35+08:00,4.29,135,11,0,2,1.033,0.219,0,1.572,0
2026-07-20T12:21:34+08:00,6.62,342,12,0,0,1.091,1.246,0,1.623,0
2026-07-20T12:28:56+08:00,0.39,3334,12,0,3,1.288,0.006,0,0.253,1
2026-07-20T12:32:51+08:00,4.99,66,12,0,0,1.083,0.667,0,0.376,0
2026-07-20T12:51:06+08:00,2.8,19,12,0,1,1.086,0.547,0,0.992,0
2026-07-20T12:53:50+08:00,8.83,156,12,0,2,1.085,2.967,0,3.439,0
2026-07-20T13:23:26+08:00,8.23,89,13,0,0,1.144,1.592,0,-0.419,0
2026-07-20T13:30:57+08:00,10.93,154,13,0,1,1.117,0.224,0,-0.038,2
2026-07-20T13:36:45+08:00,10.02,123,13,0,1,1.164,0.428,0,-0.214,2
2026-07-20T14:46:55+08:00,9.21,1480,14,0,3,1.106,1.173,0,0.068,0
2026-07-20T14:47:40+08:00,5.13,206,14,0,2,1.053,0.573,0,0.208,0
2026-07-20T14:49:54+08:00,0.11,1350,14,0,2,1.087,0.003,0,-0.173,1
2026-07-20T15:10:23+08:00,7.87,27,15,0,2,1.106,2.732,0,0.874,0
2026-07-20T15:27:54+08:00,2.73,91,15,0,0,1.14,0.722,0,-1.781,0
2026-07-20T15:44:27+08:00,13.01,592,15,0,3,1.051,0.568,0,-0.586,2
2026-07-20T15:54:49+08:00,2.97,69,15,0,1,1.07,0.984,0,2.988,0
2026-07-20T16:00:00+08:00,2.82,356,16,0,0,1.149,0.525,0,1.489,0
2026-07-20T16:03:57+08:00,3.48,295,16,0,0,1.103,0.738,0,-1.297,0
2026-07-20T16:05:26+08:00,5.17,60,16,0,0,1.134,0.641,0,-0.784,0
2026-07-20T16:45:39+08:00,1.39,336,16,0,0,1.01,0.364,0,-0.726,0
2026-07-20T16:56:20+08:00,5.51,184,16,0,2,1.106,0.982,0,-0.279,0
2026-07-20T17:02:55+08:00,6.63,339,17,0,0,1.029,0.866,0,-0.433,0
2026-07-20T17:21:05+08:00,3.05,67,17,0,1,1.099,0.412,0,-2.929,0
2026-07-20T17:23:57+08:00,6.13,204,17,0,2,1.042,1.026,0,-0.517,0
2026-07-20T17:29:10+08:00,8.16,286,17,0,3,1.141,0.52,0,0.781,0
2026-07-20T17:35:29+08:00,8.46,364,17,0,3,1.061,1.034,0,-0.11,0
2026-07-20T17:40:10+08:00,7.73,172,17,0,3,1.04,2.559,0,0.866,0
2026-07-20T17:50:21+08:00,2.6,90,17,0,3,1.15,0.296,0,1.134,0
2026-07-20T17:57:10+08:00,9.87,1104,17,0,3,1.091,2.832,0,0.969,0
2026-07-20T18:00:29+08:00,1.96,55,18,0,1,1.105,0.681,0,-1.623,0
2026-07-20T18:03:49+08:00,7.44,769,18,0,2,1.092,1.534,0,0.278,0
2026-07-20T18:10:23+08:00,0.46,3664,18,0,1,1.203,0.022,0,-0.075,1
2026-07-20T18:13:00+08:00,6.76,635,18,0,2,1.006,1.337,0,3.304,0
2026-07-20T18:16:22+08:00,8.0,519,18,0,3,1.067,2.195,0,-0.772,0
2026-07-20T18:18:11+08:00,4.93,621,18,0,2,1.119,0.716,0,1.352,0
2026-07-20T18:26:55+08:00,1.68,68,18,0,1,1.125,0.102,0,0.051,0
2026-07-20T18:41:05+08:00,6.29,356,18,0,0,1.116,0.92,0,1.005,0
2026-07-20T18:46:35+08:00,11.82,659,18,0,3,1.147,3.6,0,0.084,0
2026-07-20T18:51:57+08:00,8.47,248,18,0,0,1.023,0.883,0,-1.167,0
2026-07-20T19:00:07+08:00,4.36,100,19,0,2,1.099,1.243,0,1.02,0
2026-07-20T19:00:17+08:00,2.87,432,19,0,0,1.035,0.81,0,-0.533,0
2026-07-20T19:01:40+08:00,10.56,608,19,0,3,1.027,3.494,0,1.308,0
2026-07-20T19:04:47+08:00,3.36,124,19,0,0,1.113,0.994,0,-0.29,0
2026-07-20T19:24:13+08:00,8.52,717,19,0,3,1.028,2.206,0,-0.155,0
2026-07-20T19:25:10+08:00,6.54,93,19,0,2,1.15,1.904,0,1.478,0
2026-07-20T19:48:10+08:00,1.63,34,19,0,2,1.029,0.39,0,1.655,0
2026-07-20T19:53:15+08:00,0.31,5304,19,0,2,1.133,0.014,0,-0.222,1
2026-07-20T20:13:02+08:00,6.28,1937,20,0,3,1.069,0.803,0,-0.906,0
2026-07-20T20:13:52+08:00,3.4,23,20,0,1,1.074,0.303,0,-1.598,0
2026-07-20T20:34:37+08:00,8.12,275,20,0,0,1.097,1.45,0,1.072,0
2026-07-20T20:37:04+08:00,18.67,681,20,0,3,1.085,0.363,0,-0.205,2
2026-07-20T20:42:51+08:00,8.96,89,20,0,3,1.05,1.08,0,0.537,0
2026-07-20T21:33:47+08:00,0.92,14,21,0,1,1.14,0.133,0,0.474,0
2026-07-20T21:54:35+08:00,9.46,2161,21,0,3,1.128,2.215,0,0.975,0
2026-07-20T21:58:45+08:00,9.26,479,21,0,3,1.075,1.722,0,0.584,0
2026-07-20T22:21:08+08:00,6.55,158,22,0,2,1.117,0.544,1,2.41,0
2026-07-20T23:04:09+08:00,6.4,244,23,0,2,1.102,0.779,1,-0.126,0
2026-07-20T23:11:59+08:00,0.25,4116,23,0,3,1.222,0.001,1,-0.367,1
2026-07-20T23:30:41+08:00,17.92,411,23,0,3,1.081,0.491,1,-0.122,2
2026-07-20T23:40:32+08:00,22.38,489,23,0,1,1.112,1.105,1,-0.134,2
2026-07-21T00:02:55+08:00,3.13,100,0,1,1,1.035,0.577,1,0.146,0
2026-07-21T02:48:30+08:00,0.42,1692,2,1,3,1.191,0.018,1,0.212,1
2026-07-21T05:50:24+08:00,0.13,3594,5,1,3,1.107,0.005,0,-0.058,1
2026-07-21T06:00:06+08:00,4.26,177,6,1,0,1.053,0.277,0,-1.084,0
2026-07-21T06:01:04+08:00,4.97,153,6,1,0,1.134,1.618,0,2.25,0
2026-07-21T06:03:14+08:00,9.29,485,6,1,3,1.035,1.078,0,1.076,0
2026-07-21T06:04:13+08:00,2.93,148,6,1,0,1.074,0.166,0,1.752,0
2026-07-21T06:31:33+08:00,8.27,40,6,1,2,1.107,1.33,0,-2.185,0
2026-07-21T06:35:56+08:00,3.24,12,6,1,1,1.094,0.739,0,0.739,0
2026-07-21T06:49:13+08:00,0.24,1237,6,1,2,1.023,0.009,0,-0.194,1
2026-07-21T06:52:00+08:00,0.26,7472,6,1,1,1.05,0.002,0,-0.314,1
2026-07-21T06:52:58+08:00,6.15,91,6,1,0,1.094,1.347,0,-0.602,0
2026-07-21T07:11:49+08:00,6.21,101,7,1,0,1.061,1.02,0,2.093,0
2026-07-21T07:14:04+08:00,6.52,438,7,1,0,1.007,0.339,0,-0.4,0
2026-07-21T07:19:02+08:00,2.52,41,7,1,2,1.008,0.579,0,-0.769,0
2026-07-21T07:19:51+08:00,1.31,260,7,1,0,1.081,0.407,0,0.927,0
2026-07-21T07:26:54+08:00,16.39,1438,7,1,1,1.196,0.942,0,-0.065,2
2026-07-21T07:27:20+08:00,4.93,554,7,1,0,1.13,0.568,0,-0.611,0
2026-07-21T07:28:19+08:00,9.18,555,7,1,3,1.032,0.848,0,-1.224,0
2026-07-21T07:38:30+08:00,1.87,8,7,1,1,1.018,0.267,0,-1.792,0
2026-07-21T07:48:24+08:00,7.1,566,7,1,3,1.062,2.019,0,-0.719,0
2026-07-21T07:53:37+08:00,2.41,17,7,1,1,1.048,0.837,0,-0.456,0
2026-07-21T07:57:59+08:00,9.49,736,7,1,3,1.109,2.826,0,0.201,0
2026-07-21T08:02:11+08:00,4.92,54,8,1,2,1.131,1.215,0,0.027,0
2026-07-21T08:19:16+08:00,10.29,671,8,1,3,1.081,2.036,0,-0.502,0
2026-07-21T08:22:53+08:00,1.07,482,8,1,0,1.024,0.159,0,0.068,0
2026-07-21T08:27:35+08:00,6.64,31,8,1,0,1.051,0.399,0,-0.334,0
2026-07-21T08:32:03+08:00,7.59,429,8,1,2,1.144,1.221,0,0.562,0
2026-07-21T08:34:25+08:00,9.8,645,8,1,3,1.056,2.003,0,1.91,0
2026-07-21T08:35:08+08:00,24.26,139,8,1,2,1.19,1.091,0,-0.213,2
2026-07-21T08:37:49+08:00,5.21,103,8,1,2,1.055,0.634,0,0.253,0
2026-07-21T08:47:20+08:00,3.71,164,8,1,0,1.039,0.195,0,2.08,0
2026-07-21T08:50:15+08:00,11.79,243,8,1,3,1.079,1.999,0,0.409,0
2026-07-21T08:52:02+08:00,6.57,74,8,1,2,1.008,1.286,0,-1.177,0
2026-07-21T08:57:14+08:00,10.02,1013,8,1,0,1.095,2.838,0,0.309,0
2026-07-21T09:00:00+08:00,11.95,151,9,1,3,1.077,3.229,0,0.472,0
2026-07-21T09:01:03+08:00,6.61,341,9,1,0,1.136,1.638,0,1.632,0
2026-07-21T09:14:19+08:00,20.64,207,9,1,1,1.128,1.163,0,-0.306,2
2026-07-21T09:15:40+08:00,1.66,17,9,1,1,1.053,0.489,0,1.002,0
2026-07-21T09:21:07+08:00,6.15,249,9,1,2,1.102,1.297,0,-0.14,0
2026-07-21T09:47:34+08:00,4.72,309,9,1,2,1.092,1.22,0,-1.025,0
2026-07-21T09:49:44+08:00,3.21,80,9,1,2,1.01,0.743,0,-0.37,0
2026-07-21T09:50:28+08:00,10.24,361,9,1,3,1.067,1.504,0,-0.627,0
2026-07-21T09:50:54+08:00,6.65,91,9,1,2,1.057,1.483,0,0.517,0
2026-07-21T09:53:40+08:00,5.36,132,9,1,2,1.004,0.272,0,1.449,0
2026-07-21T10:10:36+08:00,7.42,1024,10,1,3,1.008,2.453,0,1.902,0
2026-07-21T10:16:48+08:00,9.16,547,10,1,3,1.032,2.477,0,1.289,0
2026-07-21T10:41:57+08:00,8.58,353,10,1,3,1.085,0.457,0,0.13,0
2026-07-21T11:10:09+08:00,4.45,300,11,1,0,1.078,1.044,0,2.606,0
2026-07-21T11:48:53+08:00,2.15,18,11,1,1,1.121,0.453,0,1.335,0
2026-07-21T12:03:44+08:00,5.42,350,12,1,0,1.125,1.251,0,1.547,0
2026-07-21T12:34:34+08:00,4.35,329,12,1,0,1.115,0.771,0,0.59,0
2026-07-21T12:48:41+08:00,2.61,8,12,1,1,1.031,0.434,0,-1.2,0
2026-07-21T12:51:02+08:00,2.04,34,12,1,0,1.018,0.39,0,0.242,0
2026-07-21T12:56:51+08:00,0.84,37,12,1,1,1.013,0.139,0,0.017,0
2026-07-21T13:15:39+08:00,3.88,30,13,1,1,1.081,0.539,0,0.344,0
2026-07-21T14:01:06+08:00,6.86,496,14,1,0,1.067,0.588,0,-1.241,0
2026-07-21T14:07:56+08:00,10.0,868,14,1,3,1.061,2.741,0,-0.544,0
2026-07-21T14:12:28+08:00,8.7,399,14,1,3,1.111,2.906,0,0.902,0
2026-07-21T14:22:28+08:00,5.64,566,14,1,0,1.063,1.082,0,0.398,0
2026-07-21T14:45:06+08:00,0.22,603,14,1,3,1.005,0.002,0,-0.272,1
2026-07-21T15:09:58+08:00,2.76,56,15,1,1,1.14,0.491,0,-1.634,0
2026-07-21T15:24:54+08:00,3.4,38,15,1,2,1.139,0.829,0,-0.636,0
2026-07-21T15:36:07+08:00,6.26,420,15,1,3,1.081,1.36,0,-1.309,0
2026-07-21T15:56:43+08:00,4.77,120,15,1,2,1.124,1.291,0,-0.041,0
2026-07-21T16:10:05+08:00,2.47,34,16,1,1,1.047,0.153,0,-0.117,0
2026-07-21T16:19:15+08:00,3.97,67,16,1,1,1.12,0.981,0,-2.027,0
2026-07-21T16:22:30+08:00,9.32,319,16,1,3,1.039,1.53,0,0.726,0
2026-07-21T16:25:42+08:00,10.33,753,16,1,3,1.038,3.009,0,0.647,0
2026-07-21T16:36:19+08:00,5.85,43,16,1,0,1.073,0.379,0,1.156,0
2026-07-21T16:36:56+08:00,6.82,462,16,1,3,1.062,2.077,0,0.777,0
2026-07-21T16:41:29+08:00,7.4,200,16,1,0,1.087,1.122,0,0.082,0
2026-07-21T17:09:03+08:00,6.74,207,17,1,0,1.131,2.256,0,-2.366,0
2026-07-21T17:22:08+08:00,6.46,1641,17,1,3,1.066,0.536,0,-0.66,0
2026-07-21T17:25:10+08:00,2.57,13,17,1,1,1.028,0.691,0,-0.115,0
2026-07-21T17:25:11+08:00,2.23,128,17,1,1,1.087,0.685,0,0.398,0
2026-07-21T17:25:48+08:00,6.04,73,17,1,0,1.092,1.323,0,1.774,0
2026-07-21T18:04:46+08:00,3.07,86,18,1,1,1.134,0.334,0,0.48,0
2026-07-21T18:09:47+08:00,6.37,659,18,1,3,1.012,0.613,0,-1.456,0
2026-07-21T18:13:46+08:00,11.76,254,18,1,3,1.001,2.348,0,0.263,0
2026-07-21T18:17:39+08:00,11.76,906,18,1,3,1.106,2.124,0,-0.416,0
2026-07-21T18:18:29+08:00,2.35,22,18,1,1,1.03,0.182,0,-0.583,0
2026-07-21T18:26:14+08:00,10.1,1609,18,1,3,1.005,2.939,0,-0.362,0
2026-07-21T18:31:27+08:00,9.99,98,18,1,0,1.013,0.783,0,0.448,0
2026-07-21T18:35:44+08:00,7.88,399,18,1,0,1.1,2.569,0,-0.18,0
2026-07-21T18:48:15+08:00,6.11,124,18,1,2,1.033,1.084,0,-2.026,0
2026-07-21T18:48:32+08:00,10.97,582,18,1,3,1.01,2.222,0,0.663,0
2026-07-21T18:54:15+08:00,9.04,98,18,1,0,1.038,2.456,0,0.535,0
2026-07-21T19:01:49+08:00,7.3,205,19,1,0,1.061,2.002,0,-0.782,0
2026-07-21T19:12:44+08:00,4.91,732,19,1,0,1.012,0.826,0,0.678,0
2026-07-21T19:20:15+08:00,1.54,72,19,1,1,1.018,0.453,0,-0.502,0
2026-07-21T19:21:24+08:00,5.34,102,19,1,2,1.121,1.202,0,-0.338,0
2026-07-21T19:24:16+08:00,1.34,63,19,1,0,1.03,0.306,0,0.427,0
2026-07-21T19:26:25+08:00,3.1,82,19,1,1,1.143,0.38,0,-1.833,0
2026-07-21T19:26:49+08:00,8.81,400,19,1,3,1.091,1.085,0,-0.018,0
2026-07-21T19:38:30+08:00,3.24,43,19,1,0,1.001,0.247,0,-0.428,0
2026-07-21T19:56:51+08:00,2.88,77,19,1,2,1.058,0.879,0,1.794,0
2026-07-21T19:57:13+08:00,6.89,378,19,1,0,1.112,0.391,0,-0.359,0
2026-07-21T19:57:19+08:00,10.09,355,19,1,3,1.112,2.275,0,-1.483,0
2026-07-21T20:11:16+08:00,6.77,313,20,1,2,1.145,1.103,0,1.031,0
2026-07-21T20:19:36+08:00,12.81,829,20,1,3,1.096,3.9,0,0.348,0
2026-07-21T20:21:22+08:00,3.47,70,20,1,1,1.11,0.843,0,0.645,0
2026-07-21T20:32:05+08:00,4.88,385,20,1,0,1.138,1.208,0,-0.742,0
2026-07-21T20:44:58+08:00,11.25,204,20,1,3,1.113,3.658,0,0.391,0
2026-07-21T20:48:40+08:00,4.23,89,20,1,2,1.054,0.346,0,0.798,0
2026-07-21T20:58:16+08:00,3.67,39,20,1,1,1.095,1.046,0,1.263,0
2026-07-21T20:58:17+08:00,8.77,370,20,1,3,1.1,0.657,0,2.438,0
2026-07-21T21:10:55+08:00,1.84,39,21,1,1,1.079,0.301,0,-1.254,0
2026-07-21T21:28:23+08:00,8.45,602,21,1,0,1.061,1.681,0,1.172,0
2026-07-21T21:36:34+08:00,8.06,468,21,1,3,1.11,2.238,0,1.208,0
2026-07-21T21:41:20+08:00,14.81,1147,21,1,2,1.107,0.589,0,0.941,2
2026-07-21T21:43:41+08:00,4.92,99,21,1,0,1.084,0.916,0,-1.387,0
2026-07-21T21:55:12+08:00,22.28,496,21,1,3,1.078,1.203,0,1.291,2
2026-07-21T22:55:21+08:00,3.03,47,22,1,0,1.087,1.031,1,2.208,0
2026-07-21T23:03:03+08:00,2.9,12,23,1,1,1.093,0.954,1,0.375,0
2026-07-21T23:52:19+08:00,12.03,651,23,1,2,1.123,0.71,1,0.277,2
2026-07-22T00:31:29+08:00,0.49,2908,0,2,2,1.255,0.017,1,-0.177,1
2026-07-22T02:09:12+08:00,0.25,3016,2,2,3,1.073,0.002,1,-0.156,1
2026-07-22T02:20:08+08:00,6.94,265,2,2,0,1.021,1.049,1,-1.762,0
2026-07-22T05:19:10+08:00,4.54,136,5,2,0,1.036,1.588,0,0.466,0
2026-07-22T05:26:56+08:00,0.22,4223,5,2,2,1.138,0.01,0,-0.078,1
2026-07-22T06:04:26+08:00,9.07,450,6,2,3,1.022,3.075,0,1.471,0
2026-07-22T06:15:48+08:00,23.51,409,6,2,1,1.146,0.883,0,0.097,2
2026-07-22T06:17:42+08:00,2.88,22,6,2,1,1.07,0.96,0,1.765,0
2026-07-22T06:17:43+08:00,10.29,285,6,2,2,1.008,0.487,0,-0.03,2
2026-07-22T06:27:03+08:00,3.73,25,6,2,2,1.117,0.721,0,-1.379,0
2026-07-22T06:46:36+08:00,9.76,82,6,2,3,1.016,1.733,0,0.141,0
2026-07-22T06:57:41+08:00,1.98,102,6,2,1,1.014,0.313,0,2.316,0
2026-07-22T06:57:59+08:00,10.11,531,6,2,3,1.088,1.489,0,-2.134,0
2026-07-22T07:03:55+08:00,11.05,291,7,2,3,1.139,3.399,0,-0.229,0
2026-07-22T07:06:21+08:00,7.71,87,7,2,2,1.059,1.208,0,-0.362,0
2026-07-22T07:06:53+08:00,1.65,81,7,2,1,1.047,0.422,0,0.073,0
2026-07-22T07:11:37+08:00,9.39,60,7,2,0,1.14,3.104,0,-1.377,0
2026-07-22T07:24:33+08:00,7.25,525,7,2,3,1.071,0.786,0,-1.182,0
2026-07-22T07:30:30+08:00,1.32,56,7,2,1,1.062,0.197,0,-1.322,0
2026-07-22T07:30:40+08:00,3.22,43,7,2,1,1.081,1.05,0,0.351,0
2026-07-22T07:35:49+08:00,0.14,4815,7,2,3,1.047,0.005,0,-0.302,1
2026-07-22T07:36:34+08:00,2.71,89,7,2,1,1.111,0.463,0,1.041,0
2026-07-22T07:38:58+08:00,0.31,1328,7,2,2,1.067,0.011,0,0.373,1
2026-07-22T07:43:19+08:00,4.76,211,7,2,0,1.09,1.208,0,-0.459,0
2026-07-22T07:53:37+08:00,8.57,94,7,2,0,1.086,1.715,0,-1.95,0
2026-07-22T08:04:20+08:00,7.44,82,8,2,0,1.043,1.61,0,1.335,0
2026-07-22T08:08:30+08:00,16.26,1246,8,2,2,1.046,0.746,0,0.092,2
2026-07-22T08:16:33+08:00,21.94,1269,8,2,3,1.096,0.435,0,0.142,2
2026-07-22T08:22:07+08:00,4.86,164,8,2,2,1.126,0.798,0,0.23,0
2026-07-22T08:30:29+08:00,1.27,316,8,2,2,1.091,0.252,0,0.021,0
2026-07-22T08:40:06+08:00,2.26,720,8,2,3,1.054,0.159,0,0.757,0
2026-07-22T08:41:09+08:00,5.75,197,8,2,2,1.143,0.687,0,-0.443,0
2026-07-22T08:45:24+08:00,3.23,185,8,2,0,1.142,1.055,0,0.306,0
2026-07-22T08:52:17+08:00,2.44,55,8,2,1,1.002,0.278,0,0.187,0
2026-07-22T08:53:21+08:00,2.63,15,8,2,1,1.075,0.737,0,0.156,0
2026-07-22T08:57:07+08:00,10.3,879,8,2,3,1.098,2.842,0,-1.275,0
2026-07-22T09:33:34+08:00,0.25,2613,9,2,1,1.154,0.003,0,-0.142,1
2026-07-22T09:37:52+08:00,1.94,25,9,2,1,1.072,0.526,0,-1.958,0
2026-07-22T09:39:13+08:00,7.9,338,9,2,2,1.007,2.724,0,-0.92,0
2026-07-22T09:54:54+08:00,12.07,90,9,2,3,1.107,1.541,0,0.497,0
2026-07-22T10:11:18+08:00,6.29,112,10,2,2,1.034,1.591,0,-0.263,0
2026-07-22T10:20:33+08:00,7.11,167,10,2,2,1.133,2.094,0,-0.255,0
2026-07-22T10:34:52+08:00,10.46,596,10,2,3,1.014,3.229,0,1.829,0
2026-07-22T10:45:04+08:00,2.42,325,10,2,0,1.104,0.538,0,-0.717,0
2026-07-22T10:48:03+08:00,9.86,474,10,2,3,1.085,1.928,0,-0.96,0
2026-07-22T10:48:27+08:00,5.98,118,10,2,2,1.084,1.009,0,-0.057,0
2026-07-22T10:54:47+08:00,1.37,71,10,2,1,1.044,0.477,0,-0.089,0
2026-07-22T11:08:44+08:00,6.81,65,11,2,0,1.084,1.058,0,-0.196,0
2026-07-22T11:11:05+08:00,7.42,433,11,2,2,1.008,2.019,0,1.95,0
2026-07-22T11:27:34+08:00,5.78,106,11,2,2,1.067,0.678,0,0.156,0
2026-07-22T11:59:23+08:00,8.17,80,11,2,3,1.068,0.417,0,-0.624,0
2026-07-22T12:00:15+08:00,10.09,146,12,2,2,1.055,2.153,0,0.732,0
2026-07-22T12:08:01+08:00,5.59,328,12,2,0,1.137,0.557,0,0.069,0
2026-07-22T12:43:36+08:00,0.23,3022,12,2,2,1.234,0.005,0,-0.071,1
2026-07-22T13:05:32+08:00,2.83,22,13,2,1,1.003,0.598,0,2.768,0
2026-07-22T13:19:59+08:00,2.95,24,13,2,1,1.046,0.826,0,0.55,0
2026-07-22T13:44:14+08:00,1.42,52,13,2,1,1.059,0.367,0,0.12,0
2026-07-22T13:45:55+08:00,12.86,192,13,2,3,1.01,2.935,0,-0.981,0
2026-07-22T13:47:43+08:00,9.64,810,13,2,3,1.002,2.034,0,-1.078,0
2026-07-22T13:57:24+08:00,5.25,59,13,2,0,1.112,0.987,0,2.183,0
2026-07-22T14:12:00+08:00,6.01,128,14,2,2,1.103,1.869,0,-0.907,0
2026-07-22T14:23:01+08:00,10.37,1260,14,2,3,1.135,3.48,0,0.968,0
2026-07-22T14:37:49+08:00,6.98,150,14,2,3,1.111,0.907,0,0.17,0
2026-07-22T15:02:53+08:00,7.95,98,15,2,3,1.123,2.461,0,1.482,0
2026-07-22T15:03:05+08:00,2.71,103,15,2,1,1.101,0.25,0,0.078,0
2026-07-22T15:05:07+08:00,8.78,598,15,2,3,1.101,1.484,0,0.142,0
2026-07-22T15:08:01+08:00,0.35,612,15,2,3,1.109,0.013,0,-0.268,1
2026-07-22T15:11:30+08:00,5.26,121,15,2,0,1.057,0.865,0,-1.148,0
2026-07-22T15:15:39+08:00,0.3,4899,15,2,1,1.257,0.006,0,0.18,1
2026-07-22T16:29:44+08:00,3.47,44,16,2,1,1.112,0.971,0,-0.497,0
2026-07-22T17:02:02+08:00,7.36,31,17,2,2,1.139,1.179,0,-2.566,0
2026-07-22T17:13:17+08:00,4.87,233,17,2,0,1.145,1.496,0,0.468,0
2026-07-22T17:27:40+08:00,1.79,15,17,2,1,1.065,0.243,0,1.089,0
2026-07-22T17:34:36+08:00,3.34,38,17,2,1,1.016,0.844,0,1.424,0
2026-07-22T17:35:46+08:00,5.25,248,17,2,2,1.065,0.455,0,-1.46,0
2026-07-22T17:50:36+08:00,5.94,619,17,2,3,1.104,1.944,0,1.594,0
2026-07-22T17:53:10+08:00,4.81,175,17,2,0,1.102,0.608,0,-0.739,0
2026-07-22T17:59:28+08:00,4.97,97,17,2,0,1.101,0.831,0,-0.494,0
2026-07-22T18:00:19+08:00,19.86,277,18,2,1,1.063,0.314,0,-0.448,2
2026-07-22T18:04:36+08:00,2.69,485,18,2,3,1.137,0.426,0,-0.515,0
2026-07-22T18:07:25+08:00,3.71,58,18,2,1,1.133,0.214,0,0.953,0
2026-07-22T18:10:55+08:00,12.02,981,18,2,3,1.146,0.925,0,-0.259,0
2026-07-22T18:32:26+08:00,2.18,12,18,2,1,1.048,0.699,0,0.425,0
2026-07-22T18:44:05+08:00,8.06,581,18,2,3,1.036,0.915,0,0.197,0
2026-07-22T18:49:49+08:00,5.68,128,18,2,2,1.149,1.596,0,-0.403,0
2026-07-22T18:56:33+08:00,7.47,1177,18,2,3,1.009,1.788,0,-1.452,0
2026-07-22T19:01:53+08:00,0.14,1117,19,2,2,1.25,0.005,0,-0.405,1
2026-07-22T19:11:01+08:00,8.29,153,19,2,0,1.059,0.902,0,2.3,0
2026-07-22T19:18:54+08:00,9.0,437,19,2,3,1.095,1.809,0,-1.678,0
2026-07-22T19:34:53+08:00,6.95,210,19,2,3,1.055,2.002,0,0.343,0
2026-07-22T19:57:37+08:00,2.79,21,19,2,1,1.134,0.852,0,-0.734,0
2026-07-22T20:06:51+08:00,24.85,798,20,2,1,1.098,1.435,0,0.327,2
2026-07-22T20:07:13+08:00,6.55,37,20,2,2,1.124,1.623,0,0.847,0
2026-07-22T20:15:31+08:00,6.64,61,20,2,2,1.053,2.064,0,1.625,0
2026-07-22T20:42:56+08:00,7.73,114,20,2,0,1.01,2.6,0,-0.631,0
2026-07-22T20:47:04+08:00,2.66,15,20,2,1,1.09,0.464,0,0.112,0
2026-07-22T21:33:19+08:00,22.44,449,21,2,2,1.056,0.485,0,-0.149,2
2026-07-22T21:34:42+08:00,0.38,890,21,2,2,1.267,0.008,0,-0.282,1
2026-07-22T21:42:31+08:00,6.33,193,21,2,2,1.023,0.519,0,0.87,0
2026-07-22T21:56:58+08:00,19.32,402,21,2,2,1.115,0.243,0,-0.478,2
2026-07-22T22:04:49+08:00,4.43,83,22,2,2,1.036,1.05,1,0.913,0
2026-07-22T22:12:30+08:00,6.6,101,22,2,0,1.107,0.96,1,-0.987,0
2026-07-22T22:57:01+08:00,3.47,19,22,2,1,1.116,0.409,1,0.533,0
2026-07-22T22:59:54+08:00,0.97,15,22,2,1,1.109,0.162,1,1.201,0
2026-07-22T23:09:58+08:00,6.87,2024,23,2,3,1.103,2.205,1,-0.436,0
2026-07-22T23:11:13+08:00,0.37,1473,23,2,1,1.199,0.006,1,0.0,1
2026-07-22T23:39:46+08:00,2.3,74,23,2,1,1.092,0.623,1,-1.272,0
2026-07-22T23:42:05+08:00,2.15,16,23,2,1,1.112,0.608,1,1.528,0
2026-07-22T23:55:34+08:00,5.13,873,23,2,0,1.061,1.048,1,0.975,0
2026-07-23T00:46:17+08:00,17.02,1707,0,3,2,1.01,0.955,1,-0.54,2
2026-07-23T00:58:11+08:00,0.28,1770,0,3,2,1.041,0.007,1,0.031,1
2026-07-23T02:36:46+08:00,22.41,462,2,3,2,1.003,0.497,1,0.081,2
2026-07-23T03:14:25+08:00,17.87,1643,3,3,3,1.105,0.182,1,0.282,2
2026-07-23T05:04:02+08:00,3.67,82,5,3,1,1.027,0.396,0,2.143,0
2026-07-23T05:04:11+08:00,7.89,111,5,3,0,1.14,0.934,0,-0.574,0
2026-07-23T05:12:25+08:00,0.46,4829,5,3,2,1.032,0.017,0,-0.451,1
2026-07-23T05:15:44+08:00,9.68,881,5,3,2,1.039,0.256,0,0.188,2
2026-07-23T06:15:04+08:00,5.27,70,6,3,2,1.142,1.766,0,0.661,0
2026-07-23T06:25:12+08:00,8.87,1309,6,3,3,1.125,0.48,0,-0.035,0
2026-07-23T06:26:24+08:00,10.75,282,6,3,3,1.019,2.527,0,1.856,0
2026-07-23T06:34:58+08:00,2.6,33,6,3,1,1.094,0.593,0,0.509,0
2026-07-23T06:35:03+08:00,3.26,72,6,3,1,1.013,1.057,0,-0.149,0
2026-07-23T06:44:37+08:00,6.94,103,6,3,0,1.061,0.955,0,-0.925,0
2026-07-23T07:19:28+08:00,3.58,41,7,3,1,1.099,0.889,0,0.503,0
2026-07-23T07:28:56+08:00,5.95,143,7,3,2,1.066,0.8,0,0.217,0
2026-07-23T07:29:20+08:00,5.97,322,7,3,0,1.062,0.361,0,0.452,0
2026-07-23T07:41:50+08:00,2.98,173,7,3,3,1.003,0.6,0,3.429,0
2026-07-23T07:44:55+08:00,8.77,73,7,3,2,1.094,1.559,0,0.583,0
2026-07-23T08:02:42+08:00,4.39,46,8,3,1,1.066,0.707,0,2.564,0
2026-07-23T08:07:59+08:00,6.29,204,8,3,2,1.002,2.056,0,0.782,0
2026-07-23T08:09:09+08:00,7.49,127,8,3,3,1.031,2.555,0,1.794,0
2026-07-23T08:16:18+08:00,10.85,759,8,3,3,1.003,2.836,0,-3.064,0
2026-07-23T08:16:49+08:00,2.96,14,8,3,1,1.1,0.648,0,0.088,0
2026-07-23T08:17:35+08:00,6.7,325,8,3,0,1.079,0.944,0,-1.28,0
2026-07-23T08:28:59+08:00,5.94,241,8,3,0,1.137,1.463,0,-0.607,0
2026-07-23T08:41:08+08:00,2.56,224,8,3,0,1.059,0.451,0,-1.138,0
2026-07-23T08:41:58+08:00,6.87,244,8,3,2,1.03,1.28,0,1.446,0
2026-07-23T08:48:12+08:00,4.83,135,8,3,2,1.132,0.602,0,-1.187,0
2026-07-23T08:50:51+08:00,2.67,240,8,3,1,1.037,0.79,0,-2.385,0
2026-07-23T08:55:18+08:00,5.65,452,8,3,0,1.103,1.372,0,2.392,0
2026-07-23T08:57:21+08:00,7.96,520,8,3,2,1.007,1.908,0,0.001,0
2026-07-23T09:04:52+08:00,0.62,35,9,3,1,1.106,0.112,0,-0.919,0
2026-07-23T09:17:18+08:00,2.08,36,9,3,1,1.001,0.402,0,1.498,0
2026-07-23T09:38:29+08:00,6.48,741,9,3,3,1.016,0.855,0,-0.548,0
2026-07-23T09:56:43+08:00,0.32,1315,9,3,2,1.263,0.013,0,0.307,1
2026-07-23T09:57:41+08:00,6.42,821,9,3,2,1.096,1.981,0,0.274,0
2026-07-23T09:59:12+08:00,6.33,740,9,3,3,1.059,1.32,0,-3.286,0
2026-07-23T10:14:09+08:00,5.44,208,10,3,0,1.048,1.193,0,-0.296,0
2026-07-23T10:22:38+08:00,8.41,857,10,3,2,1.005,0.321,0,-0.76,2
2026-07-23T10:25:41+08:00,2.92,70,10,3,0,1.07,0.996,0,0.938,0
2026-07-23T10:57:09+08:00,8.54,445,10,3,3,1.135,2.859,0,-0.072,0
2026-07-23T10:59:10+08:00,6.34,67,10,3,2,1.141,2.132,0,0.76,0
2026-07-23T10:59:25+08:00,2.44,10,10,3,1,1.085,0.638,0,-0.694,0
2026-07-23T11:17:59+08:00,2.01,106,11,3,1,1.121,0.327,0,-0.81,0
2026-07-23T11:18:22+08:00,6.61,722,11,3,3,1.149,1.586,0,-1.787,0
2026-07-23T11:27:01+08:00,8.63,733,11,3,0,1.084,1.566,0,1.512,0
2026-07-23T11:36:28+08:00,2.8,102,11,3,1,1.077,0.263,0,-0.846,0
2026-07-23T11:47:14+08:00,0.33,3949,11,3,1,1.247,0.013,0,0.408,1
2026-07-23T11:51:06+08:00,2.2,151,11,3,1,1.074,0.552,0,1.725,0
2026-07-23T11:52:54+08:00,10.83,207,11,3,0,1.076,1.347,0,0.927,0
2026-07-23T12:01:25+08:00,10.25,660,12,3,3,1.129,2.166,0,0.754,0
2026-07-23T12:08:48+08:00,1.19,43,12,3,1,1.039,0.202,0,0.3,0
2026-07-23T12:43:24+08:00,4.31,66,12,3,1,1.05,0.337,0,0.508,0
2026-07-23T13:00:00+08:00,3.01,76,13,3,0,1.146,0.781,0,1.132,0
2026-07-23T13:31:48+08:00,6.07,75,13,3,2,1.05,1.568,0,1.376,0
2026-07-23T13:42:19+08:00,0.34,1926,13,3,2,1.221,0.014,0,-0.262,1
2026-07-23T14:18:32+08:00,13.41,357,14,3,3,1.018,4.019,0,-0.129,0
2026-07-23T14:54:54+08:00,0.34,1137,14,3,3,1.005,0.013,0,0.141,1
2026-07-23T15:01:12+08:00,0.24,3156,15,3,1,1.181,0.002,0,0.093,1
2026-07-23T15:18:07+08:00,9.75,593,15,3,0,1.053,1.665,0,-1.995,0
2026-07-23T15:36:19+08:00,8.46,84,15,3,2,1.05,2.524,0,-0.116,0
2026-07-23T15:37:16+08:00,4.86,233,15,3,0,1.125,1.203,0,0.05,0
2026-07-23T15:59:56+08:00,3.11,29,15,3,1,1.02,0.302,0,-0.143,0
2026-07-23T16:13:30+08:00,0.64,56,16,3,0,1.135,0.133,0,0.616,0
2026-07-23T16:21:24+08:00,2.7,15,16,3,1,1.09,0.786,0,-0.314,0
2026-07-23T16:27:22+08:00,8.53,1494,16,3,3,1.088,0.825,0,-0.677,0
2026-07-23T16:38:23+08:00,0.74,18,16,3,1,1.141,0.205,0,0.702,0
2026-07-23T16:57:40+08:00,5.77,129,16,3,0,1.035,1.58,0,-0.054,0
2026-07-23T17:06:30+08:00,0.7,62,17,3,0,1.098,0.112,0,0.494,0
2026-07-23T17:07:53+08:00,5.46,89,17,3,0,1.144,1.215,0,-0.587,0
2026-07-23T17:08:18+08:00,8.37,672,17,3,0,1.076,0.474,0,0.516,0
2026-07-23T17:14:29+08:00,12.23,1218,17,3,3,1.074,3.987,0,1.501,0
2026-07-23T17:24:21+08:00,8.43,593,17,3,0,1.057,0.512,0,0.141,0
2026-07-23T17:26:35+08:00,6.08,23,17,3,2,1.115,1.203,0,-1.786,0
2026-07-23T17:31:09+08:00,2.36,41,17,3,1,1.093,0.391,0,0.959,0
2026-07-23T18:01:39+08:00,9.02,655,18,3,3,1.027,3.007,0,-2.451,0
2026-07-23T18:19:00+08:00,1.99,433,18,3,0,1.04,0.224,0,-0.945,0
2026-07-23T18:24:41+08:00,3.67,99,18,3,1,1.141,0.825,0,0.172,0
2026-07-23T18:38:13+08:00,4.51,128,18,3,0,1.146,0.743,0,1.479,0
2026-07-23T18:40:01+08:00,6.97,1935,18,3,3,1.088,2.015,0,1.322,0
2026-07-23T18:50:19+08:00,6.1,222,18,3,3,1.132,1.139,0,-0.903,0
2026-07-23T19:00:07+08:00,6.79,903,19,3,3,1.054,0.701,0,1.753,0
2026-07-23T19:01:08+08:00,1.84,43,19,3,1,1.099,0.399,0,0.405,0
2026-07-23T19:14:36+08:00,9.79,109,19,3,2,1.029,1.389,0,0.701,0
2026-07-23T19:18:12+08:00,6.57,160,19,3,3,1.092,1.879,0,-1.029,0
2026-07-23T19:51:19+08:00,4.47,96,19,3,2,1.127,1.052,0,-1.027,0
2026-07-23T19:55:06+08:00,5.18,91,19,3,0,1.014,1.778,0,-0.905,0
2026-07-23T20:08:30+08:00,1.64,8,20,3,1,1.052,0.141,0,-0.159,0
2026-07-23T20:21:15+08:00,1.27,35,20,3,0,1.045,0.302,0,-0.589,0
2026-07-23T20:29:42+08:00,2.78,23,20,3,1,1.011,0.39,0,-2.48,0
2026-07-23T20:35:17+08:00,7.41,58,20,3,0,1.109,1.382,0,-0.308,0
2026-07-23T20:35:35+08:00,11.16,276,20,3,0,1.027,1.509,0,0.703,0
2026-07-23T20:41:35+08:00,9.15,247,20,3,3,1.017,2.055,0,-3.035,0
2026-07-23T20:49:19+08:00,6.7,85,20,3,2,1.061,1.344,0,0.229,0
2026-07-23T20:59:26+08:00,7.59,258,20,3,3,1.012,1.84,0,-0.553,0
2026-07-23T21:41:28+08:00,5.43,219,21,3,0,1.069,1.59,0,1.287,0
2026-07-23T21:58:50+08:00,9.88,187,21,3,2,1.126,2.457,0,0.413,0
2026-07-23T22:22:07+08:00,0.29,1342,22,3,1,1.076,0.009,1,0.006,1
2026-07-23T23:15:28+08:00,4.73,702,23,3,2,1.035,0.683,1,1.892,0
2026-07-23T23:16:17+08:00,7.19,207,23,3,2,1.096,1.219,1,0.078,0
2026-07-23T23:16:52+08:00,5.62,40,23,3,2,1.141,1.403,1,0.152,0
2026-07-23T23:58:19+08:00,7.59,145,23,3,3,1.136,2.238,1,-2.555,0
2026-07-24T00:03:36+08:00,0.11,1233,0,4,3,1.088,0.003,1,-0.07,1
2026-07-24T01:13:38+08:00,0.12,681,1,4,3,1.275,0.005,1,-0.098,1
2026-07-24T01:15:14+08:00,4.11,71,1,4,1,1.08,0.227,1,-0.781,0
2026-07-24T02:26:30+08:00,0.12,1408,2,4,3,1.092,0.001,1,0.016,1
2026-07-24T05:15:27+08:00,0.45,3892,5,4,3,1.069,0.019,0,-0.469,1
2026-07-24T05:47:22+08:00,5.2,17,5,4,1,1.126,0.606,0,-1.565,0
2026-07-24T06:02:43+08:00,8.66,604,6,4,0,1.037,2.309,0,-2.072,0
2026-07-24T06:08:27+08:00,7.46,630,6,4,2,1.112,1.535,0,-0.5,0
2026-07-24T06:17:15+08:00,7.48,87,6,4,2,1.111,0.975,0,-1.194,0
2026-07-24T06:17:40+08:00,3.03,32,6,4,1,1.104,0.639,0,0.459,0
2026-07-24T06:24:37+08:00,7.99,164,6,4,0,1.003,2.638,0,-0.539,0
2026-07-24T06:30:50+08:00,0.3,18,6,4,1,1.149,0.03,0,-1.52,0
2026-07-24T06:34:36+08:00,4.98,200,6,4,2,1.088,1.012,0,0.764,0
2026-07-24T06:46:42+08:00,2.47,150,6,4,1,1.09,0.542,0,0.755,0
2026-07-24T06:49:35+08:00,0.15,2005,6,4,1,1.07,0.005,0,-0.071,1
2026-07-24T06:52:24+08:00,7.23,353,6,4,3,1.037,1.24,0,0.067,0
2026-07-24T07:04:15+08:00,4.34,19,7,4,1,1.085,1.437,0,-1.496,0
2026-07-24T07:24:22+08:00,1.86,19,7,4,1,1.134,0.171,0,-0.864,0
2026-07-24T07:31:42+08:00,3.0,26,7,4,1,1.129,0.683,0,0.933,0
2026-07-24T07:35:11+08:00,0.2,668,7,4,3,1.13,0.008,0,0.059,1
2026-07-24T07:38:33+08:00,1.41,114,7,4,1,1.003,0.162,0,0.32,0
2026-07-24T08:05:45+08:00,3.99,41,8,4,0,1.149,0.681,0,-0.221,0
2026-07-24T08:08:07+08:00,6.97,502,8,4,2,1.063,0.789,0,-1.307,0
2026-07-24T08:36:43+08:00,2.25,22,8,4,1,1.075,0.228,0,-0.445,0
2026-07-24T08:37:17+08:00,9.35,298,8,4,0,1.068,1.366,0,0.079,0
2026-07-24T08:47:18+08:00,2.01,85,8,4,1,1.073,0.104,0,1.259,0
2026-07-24T09:05:23+08:00,2.5,125,9,4,0,1.134,0.841,0,1.323,0
2026-07-24T09:25:05+08:00,0.17,1902,9,4,1,1.046,0.008,0,-0.213,1
2026-07-24T09:27:47+08:00,3.08,252,9,4,1,1.089,0.927,0,-1.088,0
2026-07-24T10:44:40+08:00,1.52,37,10,4,1,1.027,0.257,0,-1.117,0
2026-07-24T10:59:35+08:00,1.17,40,10,4,1,1.126,0.25,0,-1.503,0
2026-07-24T11:17:03+08:00,9.19,405,11,4,3,1.023,0.808,0,0.119,0
2026-07-24T11:59:10+08:00,6.98,133,11,4,3,1.091,0.407,0,0.887,0
2026-07-24T12:01:19+08:00,1.82,88,12,4,1,1.129,0.52,0,-0.629,0
2026-07-24T12:17:04+08:00,3.56,517,12,4,2,1.099,0.571,0,-0.899,0
2026-07-24T12:44:43+08:00,2.6,24,12,4,1,1.099,0.687,0,0.553,0
2026-07-24T13:00:49+08:00,6.62,146,13,4,2,1.113,1.829,0,-0.914,0
2026-07-24T13:11:48+08:00,0.12,4167,13,4,2,1.258,0.004,0,0.641,1
2026-07-24T13:30:57+08:00,5.35,401,13,4,0,1.062,1.623,0,-0.907,0
2026-07-24T14:05:21+08:00,9.33,338,14,4,0,1.122,0.749,0,0.392,0
2026-07-24T14:14:32+08:00,5.72,23,14,4,2,1.137,1.056,0,-0.388,0
2026-07-24T14:19:26+08:00,8.25,1970,14,4,3,1.146,1.314,0,2.293,0
2026-07-24T15:06:25+08:00,1.12,57,15,4,1,1.068,0.358,0,-0.142,0
2026-07-24T15:18:52+08:00,1.85,35,15,4,1,1.029,0.562,0,1.008,0
2026-07-24T15:34:51+08:00,10.58,297,15,4,3,1.134,3.181,0,-0.356,0
2026-07-24T15:37:14+08:00,6.87,207,15,4,0,1.141,2.136,0,1.698,0
2026-07-24T15:48:51+08:00,3.04,115,15,4,1,1.146,0.243,0,0.394,0
2026-07-24T16:26:48+08:00,6.25,393,16,4,3,1.08,1.975,0,0.817,0
2026-07-24T17:19:57+08:00,5.5,257,17,4,3,1.15,0.564,0,-0.652,0
2026-07-24T17:26:01+08:00,7.18,131,17,4,3,1.093,2.511,0,-1.26,0
2026-07-24T17:32:27+08:00,0.26,3781,17,4,2,1.126,0.01,0,0.227,1
2026-07-24T17:56:08+08:00,4.31,129,17,4,2,1.022,0.462,0,0.149,0
2026-07-24T18:00:14+08:00,2.33,57,18,4,2,1.015,0.305,0,0.456,0
2026-07-24T18:12:15+08:00,5.21,939,18,4,0,1.092,1.088,0,0.471,0
2026-07-24T18:40:01+08:00,6.45,438,18,4,2,1.089,0.541,0,-2.338,0
2026-07-24T18:49:27+08:00,2.74,32,18,4,1,1.016,0.578,0,-2.375,0
2026-07-24T18:51:37+08:00,10.56,404,18,4,3,1.064,1.376,0,0.029,0
2026-07-24T18:55:48+08:00,7.36,108,18,4,0,1.059,0.768,0,-1.51,0
2026-07-24T19:09:30+08:00,2.24,44,19,4,1,1.128,0.243,0,-2.13,0
2026-07-24T19:41:54+08:00,3.4,166,19,4,0,1.14,0.293,0,2.131,0
2026-07-24T19:43:41+08:00,8.52,1227,19,4,3,1.051,1.331,0,0.681,0
2026-07-24T19:46:02+08:00,2.56,18,19,4,1,1.057,0.718,0,-0.25,0
2026-07-24T19:47:19+08:00,10.5,114,19,4,3,1.14,1.173,0,0.773,0
2026-07-24T19:55:31+08:00,2.57,14,19,4,1,1.021,0.143,0,-1.232,0
2026-07-24T20:24:51+08:00,5.3,129,20,4,2,1.075,1.317,0,-0.383,0
2026-07-24T20:29:33+08:00,7.59,332,20,4,3,1.024,2.159,0,0.35,0
2026-07-24T21:23:38+08:00,18.36,1460,21,4,1,1.074,0.828,0,0.662,2
2026-07-24T21:25:31+08:00,0.36,3687,21,4,1,1.099,0.005,0,0.235,1
2026-07-24T21:43:50+08:00,5.54,554,21,4,0,1.12,0.617,0,2.76,0
2026-07-24T21:49:17+08:00,0.73,15,21,4,1,1.15,0.088,0,1.638,0
2026-07-24T22:01:36+08:00,2.52,15,22,4,1,1.144,0.607,1,-0.287,0
2026-07-24T22:11:18+08:00,2.54,10,22,4,1,1.098,0.725,1,0.525,0
2026-07-24T22:24:41+08:00,0.37,5518,22,4,2,1.275,0.015,1,0.661,1
2026-07-24T22:33:40+08:00,0.38,776,22,4,2,1.018,0.015,1,0.096,1
2026-07-24T22:34:27+08:00,13.12,560,22,4,2,1.152,0.294,1,0.497,2
2026-07-24T22:40:31+08:00,9.8,231,22,4,3,1.117,1.552,1,0.837,0
2026-07-24T22:52:15+08:00,17.8,670,22,4,1,1.053,0.911,1,0.472,2
2026-07-24T22:56:21+08:00,9.78,78,22,4,3,1.139,2.245,1,0.661,0
2026-07-24T22:57:02+08:00,7.08,246,22,4,0,1.058,1.586,1,-0.074,0
2026-07-24T23:28:27+08:00,2.32,50,23,4,1,1.082,0.167,1,-0.803,0
2026-07-24T23:41:50+08:00,0.36,3298,23,4,3,1.123,0.006,1,0.084,1
2026-07-25T00:04:28+08:00,8.43,153,0,5,1,1.178,0.421,1,0.026,2
2026-07-25T01:06:05+08:00,23.95,942,1,5,1,1.135,0.953,1,-0.993,2
2026-07-25T01:41:13+08:00,0.35,4168,1,5,1,1.265,0.016,1,-0.225,1
2026-07-25T01:41:24+08:00,6.63,121,1,5,0,1.002,2.298,1,0.868,0
2026-07-25T02:37:07+08:00,7.28,158,2,5,2,1.149,1.015,1,-1.097,0
2026-07-25T06:00:42+08:00,4.18,185,6,5,0,1.101,0.336,0,1.333,0
2026-07-25T06:02:57+08:00,6.57,396,6,5,2,1.011,1.152,0,1.173,0
2026-07-25T06:05:36+08:00,1.85,9,6,5,1,1.108,0.434,0,0.14,0
2026-07-25T06:17:31+08:00,8.17,154,6,5,3,1.136,1.989,0,-0.854,0
2026-07-25T06:21:48+08:00,3.19,70,6,5,1,1.014,1.002,0,-1.843,0
2026-07-25T06:31:14+08:00,1.01,15,6,5,1,1.11,0.336,0,-0.978,0
2026-07-25T06:38:04+08:00,4.43,8,6,5,1,1.126,0.771,0,1.267,0
2026-07-25T06:43:27+08:00,10.27,1904,6,5,3,1.032,1.165,0,-1.977,0
2026-07-25T07:01:25+08:00,3.65,30,7,5,1,1.094,0.722,0,0.143,0
2026-07-25T07:07:28+08:00,9.95,661,7,5,0,1.134,1.405,0,-2.561,0
2026-07-25T07:20:44+08:00,6.31,154,7,5,2,1.029,1.715,0,-1.104,0
2026-07-25T07:27:01+08:00,5.51,267,7,5,2,1.114,0.701,0,-1.997,0
2026-07-25T07:29:24+08:00,0.39,619,7,5,1,1.127,0.014,0,-0.612,1
2026-07-25T07:29:53+08:00,8.83,154,7,5,0,1.079,1.562,0,0.952,0
2026-07-25T07:47:43+08:00,11.64,156,7,5,0,1.113,1.069,0,-1.4,0
2026-07-25T07:52:32+08:00,3.27,261,7,5,3,1.092,0.494,0,0.066,0
2026-07-25T08:13:27+08:00,5.83,72,8,5,2,1.145,1.241,0,1.181,0
2026-07-25T08:33:58+08:00,8.59,151,8,5,3,1.114,1.152,0,-0.493,0
2026-07-25T08:34:50+08:00,0.36,940,8,5,3,1.084,0.004,0,-0.09,1
2026-07-25T08:51:11+08:00,2.85,60,8,5,1,1.0,0.505,0,0.072,0
2026-07-25T09:06:34+08:00,0.36,790,9,5,3,1.178,0.009,0,0.252,1
2026-07-25T09:17:44+08:00,11.81,293,9,5,3,1.104,2.472,0,0.014,0
2026-07-25T09:26:10+08:00,3.04,10,9,5,1,1.026,0.21,0,-0.183,0
2026-07-25T09:27:44+08:00,12.0,3236,9,5,2,1.043,0.461,0,-0.624,2
2026-07-25T09:49:10+08:00,1.37,16,9,5,1,1.095,0.071,0,0.132,0
2026-07-25T10:07:15+08:00,6.8,316,10,5,2,1.064,1.302,0,-0.123,0
2026-07-25T10:20:54+08:00,8.11,184,10,5,3,1.095,0.617,0,-2.67,0
2026-07-25T10:25:38+08:00,11.24,627,10,5,0,1.046,0.857,0,-1.276,0
2026-07-25T10:44:37+08:00,5.99,670,10,5,0,1.107,1.322,0,-0.059,0
2026-07-25T11:05:31+08:00,3.43,407,11,5,0,1.083,0.275,0,0.44,0
2026-07-25T11:16:25+08:00,19.86,651,11,5,2,1.122,1.126,0,0.431,2
2026-07-25T11:28:34+08:00,2.54,13,11,5,1,1.111,0.711,0,1.121,0
2026-07-25T11:36:02+08:00,8.61,686,11,5,3,1.142,2.88,0,-0.58,0
2026-07-25T11:47:40+08:00,9.28,35,11,5,0,1.143,2.831,0,1.461,0
2026-07-25T11:51:19+08:00,7.44,92,11,5,2,1.032,0.787,0,-1.395,0
2026-07-25T11:54:38+08:00,9.03,281,11,5,0,1.073,2.932,0,1.626,0
2026-07-25T11:56:48+08:00,6.36,75,11,5,3,1.109,1.7,0,0.52,0
2026-07-25T11:58:09+08:00,6.59,37,11,5,0,1.097,1.163,0,0.964,0
2026-07-25T11:58:18+08:00,20.17,566,11,5,3,1.017,0.844,0,0.054,2
2026-07-25T11:59:18+08:00,5.7,51,11,5,2,1.064,1.531,0,0.893,0
2026-07-25T12:20:37+08:00,0.31,2459,12,5,1,1.199,0.008,0,-0.248,1
2026-07-25T12:25:03+08:00,4.49,127,12,5,2,1.064,0.755,0,1.576,0
2026-07-25T12:25:25+08:00,7.84,369,12,5,3,1.056,2.062,0,-1.426,0
2026-07-25T12:30:28+08:00,1.26,154,12,5,1,1.033,0.151,0,0.696,0
2026-07-25T12:37:14+08:00,7.35,38,12,5,2,1.1,2.149,0,1.507,0
2026-07-25T12:41:23+08:00,6.57,202,12,5,2,1.013,0.636,0,-0.615,0
2026-07-25T12:56:51+08:00,4.15,68,12,5,2,1.014,0.22,0,2.238,0
2026-07-25T13:14:01+08:00,12.47,639,13,5,3,1.134,2.216,0,1.571,0
2026-07-25T13:33:04+08:00,6.95,79,13,5,2,1.027,1.951,0,0.631,0
2026-07-25T13:48:15+08:00,0.45,1244,13,5,2,1.298,0.004,0,-0.672,1
2026-07-25T13:51:44+08:00,2.09,363,13,5,0,1.116,0.681,0,-0.198,0
2026-07-25T14:20:26+08:00,1.35,13,14,5,1,1.055,0.373,0,1.075,0
2026-07-25T14:20:40+08:00,19.78,387,14,5,2,1.104,0.988,0,0.2,2
2026-07-25T14:31:30+08:00,4.99,318,14,5,0,1.136,1.111,0,-0.812,0
2026-07-25T14:35:17+08:00,6.89,163,14,5,3,1.083,0.497,0,0.912,0
2026-07-25T14:35:41+08:00,4.29,123,14,5,2,1.016,1.019,0,0.648,0
2026-07-25T14:53:25+08:00,0.2,1475,14,5,1,1.078,0.008,0,-0.394,1
2026-07-25T15:05:36+08:00,6.12,210,15,5,0,1.051,1.104,0,0.289,0
2026-07-25T15:21:07+08:00,4.36,156,15,5,0,1.053,0.928,0,-1.066,0
2026-07-25T15:29:02+08:00,3.87,35,15,5,1,1.108,0.828,0,-0.668,0
2026-07-25T15:36:46+08:00,3.1,130,15,5,1,1.111,0.696,0,1.074,0
2026-07-25T16:05:09+08:00,3.21,8,16,5,1,1.051,0.368,0,1.365,0
2026-07-25T16:33:58+08:00,2.12,144,16,5,3,1.05,0.529,0,-0.558,0
2026-07-25T16:41:00+08:00,2.17,143,16,5,1,1.093,0.419,0,0.873,0
2026-07-25T16:52:45+08:00,5.64,495,16,5,2,1.047,1.91,0,-0.121,0
2026-07-25T16:58:16+08:00,0.43,1409,16,5,2,1.15,0.015,0,-0.119,1
2026-07-25T17:10:01+08:00,2.83,27,17,5,2,1.015,0.861,0,1.029,0
2026-07-25T17:22:10+08:00,10.08,256,17,5,3,1.096,3.055,0,-0.222,0
2026-07-25T17:25:58+08:00,2.68,140,17,5,0,1.051,0.797,0,-1.293,0
2026-07-25T17:44:01+08:00,10.03,102,17,5,3,1.083,2.306,0,0.744,0
2026-07-25T18:14:20+08:00,1.72,70,18,5,1,1.131,0.45,0,-1.581,0
2026-07-25T18:18:54+08:00,3.96,187,18,5,0,1.114,0.972,0,0.456,0
2026-07-25T18:19:54+08:00,8.9,167,18,5,3,1.069,1.086,0,-0.417,0
2026-07-25T18:20:56+08:00,0.68,13,18,5,1,1.048,0.212,0,-1.031,0
2026-07-25T18:30:07+08:00,8.49,94,18,5,3,1.034,1.404,0,-2.174,0
2026-07-25T18:33:16+08:00,10.5,2315,18,5,3,1.08,1.86,0,-0.407,0
2026-07-25T18:43:27+08:00,2.7,123,18,5,1,1.092,0.938,0,-0.423,0
2026-07-25T18:47:36+08:00,8.48,205,18,5,3,1.047,2.216,0,0.195,0
2026-07-25T18:52:11+08:00,7.02,378,18,5,2,1.097,1.911,0,1.299,0
2026-07-25T18:53:41+08:00,0.81,46,18,5,1,1.017,0.102,0,0.975,0
2026-07-25T18:53:49+08:00,9.08,172,18,5,3,1.02,0.614,0,1.406,0
2026-07-25T19:12:00+08:00,5.82,162,19,5,2,1.091,0.655,0,1.255,0
2026-07-25T19:20:12+08:00,6.89,59,19,5,0,1.037,1.724,0,-0.355,0
2026-07-25T19:22:51+08:00,5.2,44,19,5,2,1.035,1.792,0,-2.026,0
2026-07-25T19:24:53+08:00,9.9,315,19,5,2,1.144,3.42,0,0.419,0
2026-07-25T19:41:02+08:00,7.81,117,19,5,2,1.084,2.041,0,0.738,0
2026-07-25T19:46:22+08:00,10.11,72,19,5,0,1.114,3.41,0,1.962,0
2026-07-25T19:52:24+08:00,6.41,581,19,5,2,1.01,0.529,0,-0.672,0
2026-07-25T19:53:01+08:00,0.25,1769,19,5,3,1.154,0.004,0,-0.215,1
2026-07-25T20:01:58+08:00,9.34,439,20,5,3,1.13,1.729,0,-0.373,0
2026-07-25T20:02:05+08:00,10.43,613,20,5,3,1.127,2.567,0,-0.053,0
2026-07-25T20:03:14+08:00,0.74,53,20,5,1,1.084,0.19,0,2.489,0
2026-07-25T20:05:29+08:00,1.74,28,20,5,1,1.147,0.364,0,-1.415,0
2026-07-25T20:12:33+08:00,10.37,175,20,5,1,1.046,0.128,0,-0.03,2
2026-07-25T20:20:39+08:00,0.42,921,20,5,2,1.173,0.014,0,0.684,1
2026-07-25T20:21:25+08:00,4.09,133,20,5,0,1.032,1.292,0,-0.625,0
2026-07-25T20:41:26+08:00,0.39,1744,20,5,2,1.128,0.004,0,-0.105,1
2026-07-25T20:48:51+08:00,0.41,1349,20,5,2,1.032,0.02,0,0.306,1
2026-07-25T20:52:08+08:00,4.68,58,20,5,0,1.137,0.741,0,0.105,0
2026-07-25T20:59:05+08:00,0.34,948,20,5,3,1.032,0.009,0,0.027,1
2026-07-25T21:02:02+08:00,3.5,34,21,5,1,1.098,0.234,0,0.114,0
2026-07-25T21:12:49+08:00,3.99,66,21,5,0,1.09,0.249,0,-0.854,0
2026-07-25T21:16:19+08:00,2.23,90,21,5,0,1.122,0.709,0,0.86,0
2026-07-25T22:08:48+08:00,8.49,2058,22,5,3,1.008,0.946,1,0.791,0
2026-07-25T22:34:45+08:00,8.31,291,22,5,3,1.149,2.228,1,-1.364,0
2026-07-25T22:37:30+08:00,8.34,1554,22,5,1,1.072,0.46,1,0.369,2
2026-07-25T22:42:24+08:00,8.14,711,22,5,0,1.089,2.731,1,1.626,0
2026-07-25T22:45:38+08:00,2.72,73,22,5,1,1.086,0.284,1,2.285,0
2026-07-25T23:07:16+08:00,5.45,80,23,5,0,1.079,1.207,1,-0.619,0
2026-07-25T23:07:34+08:00,4.04,201,23,5,2,1.11,0.887,1,0.079,0
2026-07-25T23:15:25+08:00,0.17,3238,23,5,1,1.049,0.003,1,-0.286,1
2026-07-25T23:40:22+08:00,7.2,207,23,5,0,1.103,0.779,1,0.936,0
2026-07-25T23:48:29+08:00,7.59,659,23,5,3,1.101,1.594,1,2.045,0
2026-07-26T01:26:23+08:00,0.35,707,1,6,1,1.01,0.013,1,-0.182,1
2026-07-26T01:48:06+08:00,17.34,2435,1,6,1,1.17,1.013,1,-0.796,2
2026-07-26T03:35:33+08:00,0.18,2253,3,6,2,1.252,0.005,1,-0.091,1
2026-07-26T06:01:37+08:00,8.55,64,6,6,3,1.137,0.963,0,-1.438,0
2026-07-26T06:10:04+08:00,3.2,37,6,6,1,1.077,0.519,0,-0.635,0
2026-07-26T06:12:52+08:00,24.14,989,6,6,2,1.044,0.821,0,-0.308,2
2026-07-26T06:27:17+08:00,7.83,76,6,6,2,1.133,2.203,0,1.497,0
2026-07-26T06:27:30+08:00,9.32,79,6,6,2,1.033,2.079,0,-0.261,0
2026-07-26T06:49:09+08:00,2.1,56,6,6,1,1.118,0.139,0,-0.273,0
2026-07-26T07:00:14+08:00,12.45,610,7,6,3,1.071,1.116,0,-2.357,0
2026-07-26T07:00:31+08:00,7.76,166,7,6,0,1.08,0.785,0,-0.344,0
2026-07-26T07:15:13+08:00,7.15,376,7,6,2,1.013,2.213,0,0.188,0
2026-07-26T07:24:41+08:00,5.43,385,7,6,0,1.037,0.715,0,0.823,0
2026-07-26T07:29:26+08:00,9.94,684,7,6,3,1.0,3.335,0,1.127,0
2026-07-26T07:36:08+08:00,7.34,184,7,6,2,1.081,2.198,0,-1.297,0
2026-07-26T07:44:12+08:00,0.13,9100,7,6,2,1.104,0.005,0,-0.041,1
2026-07-26T07:52:16+08:00,8.9,97,7,6,3,1.058,0.826,0,-1.356,0
2026-07-26T08:00:20+08:00,2.68,28,8,6,1,1.027,0.564,0,-1.498,0
2026-07-26T08:01:16+08:00,9.38,1451,8,6,3,1.087,3.159,0,-0.26,0
2026-07-26T08:30:51+08:00,24.56,305,8,6,2,1.187,0.688,0,0.094,2
2026-07-26T08:51:36+08:00,0.46,3115,8,6,3,1.183,0.003,0,0.318,1
2026-07-26T08:51:50+08:00,2.21,88,8,6,1,1.032,0.327,0,-1.148,0
2026-07-26T09:18:00+08:00,3.72,51,9,6,1,1.1,0.525,0,2.535,0
2026-07-26T09:25:11+08:00,8.9,100,9,6,2,1.08,1.18,0,0.717,0
2026-07-26T09:39:25+08:00,8.15,38,9,6,2,1.134,1.513,0,0.934,0
2026-07-26T09:51:41+08:00,10.69,216,9,6,3,1.107,2.401,0,-1.641,0
2026-07-26T09:58:43+08:00,2.21,34,9,6,1,1.031,0.694,0,1.603,0
2026-07-26T10:14:45+08:00,7.12,316,10,6,2,1.144,0.716,0,1.269,0
2026-07-26T10:27:24+08:00,1.44,40,10,6,1,1.025,0.426,0,-0.675,0
2026-07-26T10:39:42+08:00,1.61,34,10,6,1,1.067,0.499,0,-0.04,0
2026-07-26T10:58:29+08:00,9.43,118,10,6,3,1.128,3.159,0,-1.498,0
2026-07-26T11:15:37+08:00,1.11,13,11,6,1,1.13,0.1,0,-0.537,0
2026-07-26T11:18:18+08:00,7.65,445,11,6,2,1.086,1.143,0,0.089,0
2026-07-26T11:21:52+08:00,5.52,182,11,6,2,1.141,0.789,0,-1.135,0
2026-07-26T11:25:13+08:00,7.48,643,11,6,3,1.09,1.944,0,-0.72,0
2026-07-26T11:32:39+08:00,2.78,34,11,6,1,1.054,0.576,0,0.414,0
2026-07-26T11:33:53+08:00,0.47,6980,11,6,1,1.166,0.01,0,0.117,1
2026-07-26T11:40:47+08:00,8.26,54,11,6,0,1.118,1.749,0,2.763,0
2026-07-26T11:56:07+08:00,2.1,29,11,6,1,1.088,0.463,0,1.022,0
2026-07-26T12:06:20+08:00,5.76,67,12,6,2,1.109,1.933,0,-0.408,0
2026-07-26T12:21:36+08:00,8.36,64,12,6,3,1.026,1.671,0,-0.133,0
2026-07-26T12:25:09+08:00,12.65,365,12,6,0,1.086,0.975,0,-0.053,0
2026-07-26T12:41:39+08:00,21.9,652,12,6,3,1.127,1.138,0,-0.014,2
2026-07-26T12:51:12+08:00,2.18,69,12,6,1,1.085,0.211,0,-0.831,0
2026-07-26T12:55:23+08:00,8.99,351,12,6,3,1.116,2.808,0,-0.267,0
2026-07-26T13:02:21+08:00,3.71,119,13,6,0,1.12,1.298,0,0.044,0
2026-07-26T13:11:16+08:00,6.73,54,13,6,2,1.089,0.641,0,0.052,0
2026-07-26T13:15:04+08:00,4.21,69,13,6,2,1.135,1.208,0,-2.141,0
2026-07-26T13:35:30+08:00,0.39,1542,13,6,3,1.066,0.004,0,0.162,1
2026-07-26T13:36:11+08:00,0.43,1053,13,6,3,1.23,0.013,0,-0.064,1
2026-07-26T13:57:53+08:00,7.84,505,13,6,3,1.075,2.644,0,-0.337,0
2026-07-26T14:25:02+08:00,8.64,195,14,6,3,1.021,2.921,0,-0.385,0
2026-07-26T14:51:44+08:00,4.55,90,14,6,0,1.097,0.759,0,-1.376,0
2026-07-26T15:03:20+08:00,3.03,47,15,6,1,1.087,0.574,0,0.322,0
2026-07-26T15:12:05+08:00,1.3,19,15,6,1,1.111,0.234,0,0.101,0
2026-07-26T15:12:55+08:00,10.51,435,15,6,3,1.031,0.962,0,-0.576,0
2026-07-26T15:17:12+08:00,2.7,21,15,6,1,1.085,0.32,0,0.318,0
2026-07-26T15:36:16+08:00,3.72,59,15,6,0,1.077,0.474,0,-0.022,0
2026-07-26T15:53:23+08:00,6.26,85,15,6,0,1.048,0.605,0,0.307,0
2026-07-26T15:56:58+08:00,8.06,838,15,6,3,1.133,1.02,0,-1.865,0
2026-07-26T15:58:15+08:00,7.84,549,15,6,2,1.082,1.842,0,-0.82,0
2026-07-26T16:36:43+08:00,2.41,136,16,6,1,1.024,0.421,0,-0.394,0
2026-07-26T16:54:48+08:00,4.74,325,16,6,2,1.033,0.619,0,-1.135,0
2026-07-26T16:55:12+08:00,2.42,11,16,6,1,1.058,0.239,0,-2.224,0
2026-07-26T16:55:16+08:00,10.57,1789,16,6,3,1.149,0.691,0,-0.374,0
2026-07-26T17:30:36+08:00,0.32,6606,17,6,2,1.277,0.015,0,0.059,1
2026-07-26T17:41:24+08:00,7.05,227,17,6,2,1.143,0.401,0,1.455,0
2026-07-26T17:45:19+08:00,4.72,199,17,6,2,1.013,1.404,0,-0.022,0
2026-07-26T17:47:55+08:00,2.44,145,17,6,0,1.086,0.746,0,-0.241,0
2026-07-26T17:58:11+08:00,2.23,1880,17,6,3,1.003,0.655,0,-0.177,0
2026-07-26T17:59:33+08:00,5.07,370,17,6,0,1.1,1.099,0,2.14,0
2026-07-26T18:07:26+08:00,1.36,145,18,6,1,1.127,0.358,0,-0.661,0
2026-07-26T18:14:44+08:00,2.98,92,18,6,2,1.124,0.337,0,2.365,0
2026-07-26T18:28:14+08:00,3.23,65,18,6,1,1.145,0.754,0,0.31,0
2026-07-26T18:30:02+08:00,6.37,135,18,6,2,1.055,0.439,0,2.233,0
2026-07-26T18:30:11+08:00,2.63,30,18,6,1,1.138,0.711,0,-0.489,0
2026-07-26T18:30:51+08:00,8.15,1602,18,6,3,1.125,2.053,0,1.822,0
2026-07-26T18:34:35+08:00,6.73,547,18,6,2,1.058,1.034,0,-0.444,0
2026-07-26T18:34:38+08:00,12.58,320,18,6,3,1.006,4.284,0,-1.12,0
2026-07-26T18:39:23+08:00,7.52,658,18,6,3,1.085,2.516,0,-0.169,0
2026-07-26T18:47:47+08:00,7.71,287,18,6,2,1.047,2.311,0,0.872,0
2026-07-26T18:49:30+08:00,13.56,648,18,6,3,1.089,1.832,0,0.124,0
2026-07-26T18:51:39+08:00,22.85,623,18,6,1,1.149,1.178,0,0.007,2
2026-07-26T18:52:02+08:00,2.55,165,18,6,0,1.033,0.71,0,0.513,0
2026-07-26T18:58:30+08:00,0.47,1088,18,6,3,1.021,0.009,0,-0.073,1
2026-07-26T18:59:54+08:00,2.15,282,18,6,2,1.075,0.746,0,-0.814,0
2026-07-26T19:17:49+08:00,2.15,95,19,6,2,1.109,0.739,0,1.946,0
2026-07-26T19:19:49+08:00,8.87,22,19,6,2,1.13,2.394,0,-1.68,0
2026-07-26T19:23:39+08:00,2.88,136,19,6,2,1.084,0.51,0,0.163,0
2026-07-26T19:25:25+08:00,2.52,117,19,6,1,1.001,0.352,0,-1.969,0
2026-07-26T19:30:17+08:00,2.33,20,19,6,1,1.142,0.528,0,1.021,0
2026-07-26T19:33:54+08:00,5.97,107,19,6,2,1.067,1.232,0,0.139,0
2026-07-26T19:37:27+08:00,9.56,270,19,6,3,1.107,1.22,0,0.11,0
2026-07-26T19:49:28+08:00,9.08,715,19,6,2,1.06,0.989,0,2.253,0
2026-07-26T19:53:14+08:00,2.11,23,19,6,1,1.128,0.542,0,-0.449,0
2026-07-26T20:01:47+08:00,1.01,25,20,6,1,1.059,0.152,0,-0.726,0
2026-07-26T20:04:23+08:00,11.78,735,20,6,3,1.061,3.855,0,1.805,0
2026-07-26T20:08:15+08:00,7.14,874,20,6,3,1.008,0.742,0,-1.53,0
2026-07-26T20:17:46+08:00,7.54,252,20,6,3,1.068,1.705,0,-0.37,0
2026-07-26T20:36:08+08:00,9.36,174,20,6,0,1.142,3.275,0,0.456,0
2026-07-26T20:45:13+08:00,0.29,1407,20,6,1,1.091,0.01,0,0.098,1
2026-07-26T20:50:33+08:00,4.28,615,20,6,0,1.136,1.293,0,1.044,0
2026-07-26T20:51:33+08:00,8.96,165,20,6,3,1.095,2.252,0,-0.183,0
2026-07-26T20:52:14+08:00,6.78,571,20,6,2,1.134,0.559,0,-2.283,0
2026-07-26T20:55:02+08:00,3.04,15,20,6,1,1.019,0.433,0,-1.367,0
2026-07-26T21:01:46+08:00,11.55,71,21,6,3,1.142,0.92,0,0.249,0
2026-07-26T21:49:23+08:00,6.05,117,21,6,2,1.058,1.997,0,0.648,0
2026-07-26T22:16:57+08:00,4.84,71,22,6,2,1.079,0.313,1,0.41,0
2026-07-26T22:49:14+08:00,6.09,77,22,6,2,1.082,0.305,1,1.691,0
2026-07-26T23:14:53+08:00,8.14,99,23,6,3,1.041,1.67,1,-0.171,0
2026-07-26T23:20:54+08:00,8.08,237,23,6,2,1.113,2.672,1,-0.528,0
2026-07-26T23:22:49+08:00,5.36,91,23,6,0,1.084,1.049,1,0.503,0
2026-07-26T23:36:13+08:00,9.67,1760,23,6,3,1.008,1.452,1,1.666,0
2026-07-27T00:54:24+08:00,0.2,1457,0,0,1,1.236,0.008,1,0.44,1
2026-07-27T01:25:50+08:00,5.23,60,1,0,2,1.144,0.456,1,-1.556,0
2026-07-27T01:37:47+08:00,0.33,3056,1,0,2,1.073,0.013,1,-0.198,1
2026-07-27T02:38:44+08:00,0.41,4605,2,0,2,1.032,0.017,1,-0.001,1
2026-07-27T03:01:47+08:00,4.01,11,3,0,1,1.142,0.606,1,-0.202,0
2026-07-27T04:37:01+08:00,0.18,2536,4,0,1,1.016,0.006,1,0.316,1
2026-07-27T05:26:06+08:00,8.31,253,5,0,1,1.076,0.369,0,-0.532,2
2026-07-27T06:03:32+08:00,2.19,12,6,0,1,1.056,0.564,0,-0.407,0
2026-07-27T06:06:27+08:00,7.61,41,6,0,0,1.13,1.051,0,1.377,0
2026-07-27T06:08:32+08:00,9.65,542,6,0,0,1.079,1.135,0,-0.396,0
2026-07-27T06:16:58+08:00,7.8,94,6,0,2,1.083,0.807,0,-1.261,0
2026-07-27T06:19:32+08:00,5.53,211,6,0,0,1.064,0.852,0,1.535,0
2026-07-27T06:34:11+08:00,7.77,151,6,0,0,1.043,1.792,0,1.022,0
2026-07-27T06:38:55+08:00,4.54,28,6,0,1,1.105,1.13,0,0.512,0
2026-07-27T06:44:52+08:00,8.12,115,6,0,0,1.033,2.49,0,-0.042,0
2026-07-27T07:01:03+08:00,3.27,264,7,0,0,1.089,0.211,0,-1.591,0
2026-07-27T07:07:00+08:00,2.25,46,7,0,1,1.139,0.225,0,-0.035,0
2026-07-27T07:07:56+08:00,0.25,2648,7,0,1,1.027,0.009,0,-0.004,1
2026-07-27T07:28:01+08:00,0.99,63,7,0,1,1.132,0.103,0,-1.134,0
2026-07-27T07:52:18+08:00,5.91,262,7,0,2,1.036,1.398,0,-0.504,0
2026-07-27T07:55:57+08:00,9.16,68,7,0,3,1.132,1.439,0,0.361,0
2026-07-27T08:01:27+08:00,3.05,59,8,0,1,1.121,0.863,0,-1.377,0
2026-07-27T08:16:52+08:00,6.81,388,8,0,0,1.011,1.301,0,-0.122,0
2026-07-27T08:21:59+08:00,4.75,231,8,0,0,1.144,1.422,0,1.044,0
2026-07-27T08:31:55+08:00,0.17,2068,8,0,3,1.263,0.006,0,0.298,1
2026-07-27T08:37:02+08:00,1.11,39,8,0,1,1.087,0.17,0,-0.142,0
2026-07-27T08:43:41+08:00,6.42,142,8,0,0,1.012,1.716,0,-0.816,0
2026-07-27T08:48:08+08:00,10.2,1054,8,0,3,1.116,1.642,0,-0.012,0
2026-07-27T08:58:04+08:00,2.28,50,8,0,1,1.083,0.176,0,0.094,0
2026-07-27T09:09:31+08:00,5.8,36,9,0,2,1.004,1.622,0,0.157,0
2026-07-27T09:16:11+08:00,6.23,31,9,0,2,1.058,2.174,0,-0.949,0
2026-07-27T09:16:24+08:00,5.51,159,9,0,2,1.003,1.634,0,0.003,0
2026-07-27T09:57:08+08:00,22.23,459,9,0,1,1.16,1.166,0,-0.301,2
2026-07-27T10:17:57+08:00,7.76,392,10,0,2,1.108,1.118,0,-1.226,0
2026-07-27T10:35:42+08:00,3.75,166,10,0,0,1.14,1.08,0,2.506,0
2026-07-27T10:39:23+08:00,1.71,56,10,0,1,1.112,0.458,0,0.303,0
2026-07-27T10:57:16+08:00,3.29,805,10,0,0,1.071,0.709,0,0.092,0
2026-07-27T10:58:16+08:00,10.16,694,10,0,0,1.137,2.808,0,0.398,0
2026-07-27T11:05:03+08:00,8.06,391,11,0,3,1.005,1.075,0,0.169,0
2026-07-27T11:15:25+08:00,2.73,287,11,0,0,1.098,0.184,0,2.334,0
2026-07-27T11:22:28+08:00,0.44,779,11,0,2,1.122,0.019,0,0.137,1
2026-07-27T11:26:04+08:00,0.39,730,11,0,3,1.221,0.016,0,-0.36,1
2026-07-27T11:46:53+08:00,7.65,86,11,0,2,1.068,1.158,0,0.381,0
2026-07-27T11:48:55+08:00,9.83,56,11,0,0,1.055,1.374,0,1.157,0
2026-07-27T12:11:59+08:00,6.46,485,12,0,0,1.006,2.108,0,1.954,0
2026-07-27T12:17:55+08:00,2.05,9,12,0,1,1.122,0.572,0,-1.414,0
2026-07-27T12:18:07+08:00,8.36,263,12,0,1,1.016,0.387,0,-0.053,2
2026-07-27T12:20:05+08:00,0.34,3209,12,0,1,1.151,0.011,0,-0.213,1
2026-07-27T12:55:22+08:00,6.48,72,12,0,2,1.146,0.758,0,-0.288,0
2026-07-27T13:13:31+08:00,3.25,61,13,0,0,1.15,0.85,0,3.408,0
2026-07-27T13:19:46+08:00,8.46,1290,13,0,3,1.071,0.623,0,0.426,0
2026-07-27T13:20:47+08:00,6.64,631,13,0,2,1.118,2.05,0,-1.237,0
2026-07-27T13:32:28+08:00,3.59,13,13,0,1,1.015,0.399,0,0.0,0
2026-07-27T13:44:57+08:00,7.78,728,13,0,3,1.016,1.885,0,0.989,0
2026-07-27T13:51:21+08:00,0.42,1131,13,0,1,1.153,0.012,0,0.121,1
2026-07-27T13:54:08+08:00,13.0,310,13,0,3,1.078,0.664,0,2.08,0
2026-07-27T14:07:30+08:00,4.43,30,14,0,2,1.056,0.822,0,-0.028,0
2026-07-27T14:27:05+08:00,4.72,51,14,0,0,1.024,0.872,0,-0.062,0
2026-07-27T14:39:09+08:00,2.74,50,14,0,1,1.112,0.738,0,-0.555,0
2026-07-27T15:02:41+08:00,5.44,519,15,0,2,1.141,1.621,0,-0.426,0
2026-07-27T15:22:00+08:00,6.75,67,15,0,2,1.024,0.429,0,-0.11,0
2026-07-27T15:26:22+08:00,5.73,106,15,0,2,1.064,1.231,0,0.387,0
2026-07-27T15:29:06+08:00,9.69,590,15,0,3,1.052,1.846,0,2.408,0
2026-07-27T15:39:43+08:00,10.47,2007,15,0,3,1.123,3.167,0,0.847,0
2026-07-27T15:40:39+08:00,6.85,158,15,0,2,1.146,1.121,0,-1.817,0
2026-07-27T16:23:59+08:00,12.99,367,16,0,3,1.072,3.64,0,0.605,0
2026-07-27T16:28:30+08:00,6.61,350,16,0,2,1.054,2.133,0,0.674,0
2026-07-27T16:35:12+08:00,10.26,1065,16,0,1,1.111,0.127,0,0.306,2
2026-07-27T16:35:13+08:00,2.3,37,16,0,1,1.105,0.156,0,0.913,0
2026-07-27T17:22:54+08:00,12.64,530,17,0,1,1.145,0.714,0,0.22,2
2026-07-27T17:24:14+08:00,7.95,167,17,0,0,1.037,2.102,0,2.299,0
2026-07-27T17:34:28+08:00,4.8,24,17,0,2,1.057,0.499,0,-0.8,0
2026-07-27T17:37:38+08:00,6.38,1683,17,0,3,1.022,0.957,0,-0.81,0
2026-07-27T17:38:59+08:00,2.48,194,17,0,0,1.124,0.433,0,0.253,0
2026-07-27T17:48:21+08:00,9.42,613,17,0,3,1.124,2.591,0,-1.811,0
2026-07-27T17:59:36+08:00,8.92,70,17,0,0,1.099,2.373,0,2.495,0
2026-07-27T18:06:29+08:00,6.17,592,18,0,2,1.063,0.612,0,-0.288,0
2026-07-27T18:12:12+08:00,4.22,58,18,0,2,1.029,1.144,0,-1.856,0
2026-07-27T18:16:14+08:00,7.82,22,18,0,2,1.048,1.536,0,-0.478,0
2026-07-27T18:28:14+08:00,7.45,452,18,0,2,1.022,0.709,0,-1.403,0
2026-07-27T18:29:58+08:00,2.37,30,18,0,1,1.1,0.685,0,1.369,0
2026-07-27T19:10:14+08:00,11.37,124,19,0,3,1.136,0.959,0,-1.179,0
2026-07-27T19:25:02+08:00,3.8,22,19,0,2,1.111,0.717,0,-1.051,0
2026-07-27T19:31:59+08:00,7.99,145,19,0,2,1.121,1.113,0,0.433,0
2026-07-27T19:33:20+08:00,11.44,443,19,0,3,1.098,3.217,0,2.5,0
2026-07-27T20:08:19+08:00,2.5,255,20,0,0,1.135,0.758,0,-0.977,0
2026-07-27T20:13:10+08:00,7.29,239,20,0,3,1.078,1.526,0,0.897,0
2026-07-27T20:15:33+08:00,0.97,185,20,0,0,1.022,0.085,0,1.004,0
2026-07-27T20:33:43+08:00,3.65,41,20,0,1,1.116,0.34,0,-0.899,0
2026-07-27T20:45:59+08:00,0.29,2580,20,0,2,1.257,0.002,0,-0.04,1
2026-07-27T20:49:31+08:00,1.38,73,20,0,1,1.061,0.083,0,-1.814,0
2026-07-27T21:01:08+08:00,9.82,396,21,0,0,1.015,2.499,0,1.636,0
2026-07-27T21:10:16+08:00,6.36,159,21,0,2,1.146,1.331,0,0.57,0
2026-07-27T21:20:17+08:00,0.21,5031,21,0,3,1.21,0.003,0,-0.145,1
2026-07-27T21:52:24+08:00,8.61,753,21,0,3,1.132,1.726,0,-1.037,0
2026-07-27T22:04:40+08:00,0.4,1440,22,0,1,1.145,0.014,1,0.263,1
2026-07-27T22:23:35+08:00,6.23,481,22,0,3,1.001,2.179,1,-0.217,0
2026-07-27T22:48:35+08:00,7.1,252,22,0,3,1.104,0.969,1,-2.078,0
2026-07-27T23:07:23+08:00,4.15,167,23,0,0,1.039,1.062,1,1.048,0
2026-07-27T23:12:18+08:00,2.45,48,23,0,1,1.114,0.562,1,-0.963,0
2026-07-27T23:14:29+08:00,11.96,184,23,0,3,1.052,3.117,1,1.374,0
2026-07-28T03:29:20+08:00,6.71,216,3,1,2,1.089,0.55,1,-0.252,0
2026-07-28T04:30:42+08:00,14.39,359,4,1,3,1.132,0.745,1,0.625,2
2026-07-28T06:10:25+08:00,2.19,13,6,1,1,1.036,0.341,0,-2.566,0
2026-07-28T06:19:41+08:00,9.25,327,6,1,0,1.099,0.693,0,-0.244,0
2026-07-28T06:26:14+08:00,9.45,953,6,1,0,1.04,1.851,0,1.068,0
2026-07-28T06:38:55+08:00,3.27,98,6,1,1,1.017,0.469,0,0.271,0
2026-07-28T06:50:06+08:00,6.81,139,6,1,2,1.034,0.622,0,2.841,0
2026-07-28T07:08:06+08:00,4.78,191,7,1,2,1.094,0.321,0,0.141,0
2026-07-28T07:08:17+08:00,7.67,98,7,1,0,1.127,1.579,0,-0.972,0
2026-07-28T07:08:32+08:00,6.98,40,7,1,0,1.033,0.837,0,-0.716,0
2026-07-28T07:09:11+08:00,1.5,117,7,1,1,1.085,0.372,0,1.399,0
2026-07-28T07:26:07+08:00,5.38,70,7,1,0,1.084,1.757,0,0.085,0
2026-07-28T07:27:23+08:00,7.87,1438,7,1,3,1.136,1.247,0,1.49,0
2026-07-28T07:37:41+08:00,8.96,279,7,1,3,1.15,1.733,0,0.864,0
2026-07-28T07:38:01+08:00,1.97,8,7,1,1,1.067,0.274,0,-1.485,0
2026-07-28T07:38:01+08:00,0.37,4966,7,1,2,1.144,0.01,0,0.653,1
2026-07-28T07:50:42+08:00,5.7,155,7,1,0,1.029,1.516,0,-0.034,0
2026-07-28T07:53:13+08:00,3.72,215,7,1,2,1.007,0.227,0,-0.122,0
2026-07-28T08:10:04+08:00,1.26,40,8,1,0,1.086,0.385,0,-0.559,0
2026-07-28T08:25:38+08:00,5.59,62,8,1,0,1.017,0.834,0,1.306,0
2026-07-28T08:30:07+08:00,10.63,372,8,1,3,1.051,3.611,0,0.076,0
2026-07-28T08:42:27+08:00,2.72,219,8,1,0,1.012,0.256,0,-1.344,0
2026-07-28T08:43:49+08:00,6.16,43,8,1,2,1.02,1.415,0,-0.36,0
2026-07-28T08:52:09+08:00,7.29,36,8,1,0,1.054,1.435,0,0.453,0
2026-07-28T09:08:17+08:00,11.42,954,9,1,3,1.067,2.051,0,1.194,0
2026-07-28T09:20:59+08:00,1.66,10,9,1,1,1.099,0.148,0,0.99,0
2026-07-28T09:21:01+08:00,8.54,702,9,1,3,1.048,0.849,0,-1.484,0
2026-07-28T09:29:49+08:00,3.53,196,9,1,0,1.004,1.214,0,1.331,0
2026-07-28T09:34:15+08:00,7.75,399,9,1,3,1.077,2.601,0,0.035,0
2026-07-28T09:36:08+08:00,1.3,177,9,1,1,1.016,0.077,0,-2.744,0
2026-07-28T09:38:47+08:00,3.96,305,9,1,0,1.073,0.723,0,1.199,0
2026-07-28T09:47:06+08:00,4.44,222,9,1,0,1.093,1.204,0,2.073,0
2026-07-28T10:22:25+08:00,3.59,129,10,1,0,1.022,1.107,0,0.678,0
2026-07-28T10:31:49+08:00,4.32,128,10,1,0,1.15,0.457,0,-1.195,0
2026-07-28T10:40:09+08:00,11.09,321,10,1,3,1.004,1.018,0,1.557,0
2026-07-28T10:43:58+08:00,6.93,194,10,1,2,1.027,0.801,0,-0.213,0
2026-07-28T10:46:59+08:00,2.61,318,10,1,0,1.008,0.38,0,-1.562,0
2026-07-28T10:48:36+08:00,6.51,65,10,1,0,1.095,1.341,0,-0.612,0
2026-07-28T11:07:06+08:00,5.13,1127,11,1,0,1.056,1.083,0,1.936,0
2026-07-28T11:19:56+08:00,0.22,652,11,1,1,1.237,0.009,0,-0.02,1
2026-07-28T11:54:42+08:00,9.15,2956,11,1,3,1.09,2.101,0,0.553,0
2026-07-28T12:06:57+08:00,9.96,258,12,1,3,1.034,1.836,0,0.548,0
2026-07-28T12:29:11+08:00,0.8,48,12,1,1,1.099,0.06,0,-0.556,0
2026-07-28T12:38:50+08:00,6.77,485,12,1,0,1.06,1.592,0,0.135,0
2026-07-28T12:46:03+08:00,6.98,107,12,1,3,1.099,1.092,0,0.207,0
2026-07-28T13:12:07+08:00,2.23,343,13,1,0,1.01,0.236,0,0.184,0
2026-07-28T13:14:19+08:00,8.13,137,13,1,3,1.056,2.247,0,1.131,0
2026-07-28T13:45:36+08:00,0.23,4920,13,1,2,1.194,0.009,0,-0.034,1
2026-07-28T13:54:02+08:00,6.64,776,13,1,3,1.004,1.917,0,-0.032,0
2026-07-28T14:10:53+08:00,6.32,296,14,1,2,1.136,1.59,0,1.462,0
2026-07-28T14:26:45+08:00,7.94,762,14,1,0,1.059,2.749,0,0.948,0
2026-07-28T15:08:21+08:00,10.8,234,15,1,3,1.015,0.584,0,-0.364,0
2026-07-28T15:08:49+08:00,6.3,386,15,1,3,1.004,1.733,0,-1.32,0
2026-07-28T15:09:01+08:00,9.64,206,15,1,3,1.077,1.67,0,-0.73,0
2026-07-28T16:19:24+08:00,11.34,78,16,1,3,1.002,1.594,0,1.534,0
2026-07-28T16:23:09+08:00,0.34,758,16,1,2,1.242,0.012,0,0.209,1
2026-07-28T16:27:51+08:00,3.15,349,16,1,0,1.057,0.765,0,1.332,0
2026-07-28T16:33:05+08:00,7.71,353,16,1,2,1.099,2.13,0,-0.152,0
2026-07-28T16:48:33+08:00,0.48,2812,16,1,3,1.24,0.005,0,-0.118,1
2026-07-28T16:49:54+08:00,6.0,533,16,1,0,1.068,1.178,0,-1.849,0
2026-07-28T16:57:40+08:00,2.98,590,16,1,3,1.132,0.528,0,0.701,0
2026-07-28T17:18:04+08:00,3.1,54,17,1,1,1.097,0.209,0,0.95,0
2026-07-28T17:19:25+08:00,3.19,19,17,1,1,1.138,0.922,0,-0.212,0
2026-07-28T17:47:20+08:00,2.64,257,17,1,0,1.042,0.364,0,0.594,0
2026-07-28T18:07:35+08:00,9.7,629,18,1,3,1.135,1.153,0,-0.421,0
2026-07-28T18:18:35+08:00,5.71,443,18,1,0,1.073,1.192,0,-1.017,0
2026-07-28T18:34:02+08:00,2.1,100,18,1,1,1.109,0.732,0,-0.817,0
2026-07-28T18:51:52+08:00,2.34,59,18,1,1,1.022,0.316,0,0.807,0
2026-07-28T18:54:32+08:00,9.57,234,18,1,3,1.122,2.479,0,1.193,0
2026-07-28T18:57:59+08:00,5.29,212,18,1,2,1.037,1.808,0,0.794,0
2026-07-28T19:04:00+08:00,2.75,29,19,1,1,1.023,0.798,0,0.294,0
2026-07-28T19:08:22+08:00,1.79,21,19,1,1,1.046,0.089,0,0.409,0
2026-07-28T19:19:17+08:00,4.37,177,19,1,0,1.028,1.178,0,-0.077,0
2026-07-28T19:20:48+08:00,7.44,498,19,1,0,1.141,1.508,0,1.318,0
2026-07-28T19:27:18+08:00,0.44,4212,19,1,2,1.075,0.011,0,-0.436,1
2026-07-28T19:28:13+08:00,5.99,1022,19,1,0,1.005,0.856,0,-0.892,0
2026-07-28T19:29:57+08:00,8.75,915,19,1,0,1.02,0.797,0,-1.163,0
2026-07-28T19:33:55+08:00,2.89,8,19,1,1,1.088,0.941,0,-0.88,0
2026-07-28T19:34:02+08:00,8.97,144,19,1,0,1.047,2.382,0,-1.902,0
2026-07-28T19:39:36+08:00,21.69,1574,19,1,2,1.035,1.18,0,0.032,2
2026-07-28T19:41:21+08:00,7.53,731,19,1,3,1.029,1.182,0,-0.245,0
2026-07-28T19:43:38+08:00,8.83,623,19,1,3,1.094,0.711,0,-0.466,0
2026-07-28T19:46:38+08:00,3.71,59,19,1,1,1.038,0.445,0,1.404,0
2026-07-28T19:49:42+08:00,1.65,136,19,1,1,1.063,0.391,0,-0.903,0
2026-07-28T20:09:18+08:00,0.42,3353,20,1,3,1.092,0.007,0,-0.109,1
2026-07-28T20:31:38+08:00,8.02,303,20,1,3,1.019,2.522,0,-0.939,0
2026-07-28T20:39:48+08:00,9.43,312,20,1,3,1.067,0.897,0,2.312,0
2026-07-28T20:45:20+08:00,6.27,49,20,1,0,1.032,1.819,0,-0.104,0
2026-07-28T20:47:13+08:00,2.58,43,20,1,2,1.142,0.149,0,-2.006,0
2026-07-28T20:51:28+08:00,1.74,21,20,1,1,1.042,0.389,0,0.689,0
2026-07-28T20:52:31+08:00,8.97,1250,20,1,3,1.146,0.648,0,-0.384,0
2026-07-28T20:58:11+08:00,10.47,303,20,1,3,1.04,1.967,0,1.4,0
2026-07-28T21:12:44+08:00,6.83,253,21,1,3,1.114,1.114,0,0.455,0
2026-07-28T22:07:50+08:00,0.46,1731,22,1,1,1.249,0.012,1,-0.341,1
2026-07-28T22:34:08+08:00,10.69,1255,22,1,3,1.057,0.792,1,-0.826,0
2026-07-28T22:36:47+08:00,11.56,686,22,1,3,1.066,0.478,1,-0.252,2
2026-07-28T23:40:19+08:00,10.68,153,23,1,3,1.022,1.943,1,-0.188,0
2026-07-28T23:59:36+08:00,4.05,259,23,1,2,1.071,1.107,1,0.342,0
2026-07-29T03:03:39+08:00,0.18,3574,3,2,1,1.089,0.004,1,-0.365,1
2026-07-29T04:15:44+08:00,0.18,2131,4,2,1,1.112,0.009,1,0.171,1
2026-07-29T04:17:11+08:00,3.57,245,4,2,1,1.148,1.028,1,-1.184,0
2026-07-29T04:56:40+08:00,19.2,2396,4,2,1,1.028,1.055,1,0.519,2
2026-07-29T06:02:47+08:00,2.79,84,6,2,1,1.013,0.295,0,-0.379,0
2026-07-29T06:02:57+08:00,5.31,85,6,2,0,1.126,1.468,0,-0.572,0
2026-07-29T06:05:20+08:00,2.77,89,6,2,1,1.143,0.207,0,0.368,0
2026-07-29T06:08:24+08:00,5.48,434,6,2,0,1.144,1.761,0,1.636,0
2026-07-29T06:08:30+08:00,2.27,63,6,2,1,1.124,0.169,0,0.417,0
2026-07-29T06:51:24+08:00,7.06,214,6,2,2,1.087,2.333,0,0.925,0
2026-07-29T07:20:33+08:00,9.83,126,7,2,3,1.095,3.375,0,-1.495,0
2026-07-29T07:25:09+08:00,1.95,48,7,2,1,1.115,0.663,0,-1.179,0
2026-07-29T07:36:13+08:00,8.74,221,7,2,0,1.005,2.848,0,1.125,0
2026-07-29T07:46:30+08:00,0.43,1897,7,2,2,1.292,0.009,0,0.353,1
2026-07-29T07:51:20+08:00,0.43,984,7,2,3,1.252,0.015,0,0.237,1
2026-07-29T08:17:56+08:00,2.56,95,8,2,1,1.041,0.474,0,1.875,0
2026-07-29T08:26:54+08:00,3.66,537,8,2,0,1.104,0.4,0,-1.582,0
2026-07-29T08:26:54+08:00,2.14,18,8,2,1,1.061,0.314,0,-0.584,0
2026-07-29T08:29:05+08:00,4.48,232,8,2,2,1.147,1.412,0,1.323,0
2026-07-29T08:39:38+08:00,0.17,306,8,2,0,1.124,0.04,0,-0.374,0
2026-07-29T08:42:36+08:00,4.11,397,8,2,0,1.139,1.053,0,-0.285,0
2026-07-29T09:02:54+08:00,2.13,47,9,2,1,1.116,0.651,0,0.405,0
2026-07-29T09:11:05+08:00,4.97,177,9,2,0,1.089,0.408,0,-0.268,0
2026-07-29T09:11:27+08:00,10.48,141,9,2,3,1.054,3.572,0,-0.401,0
2026-07-29T09:25:48+08:00,2.87,311,9,2,0,1.045,0.62,0,-0.477,0
2026-07-29T09:34:29+08:00,2.7,83,9,2,1,1.108,0.878,0,-0.283,0
2026-07-29T09:47:59+08:00,4.49,67,9,2,0,1.143,1.262,0,-0.541,0
2026-07-29T09:58:45+08:00,6.73,444,9,2,3,1.051,0.841,0,-1.524,0
2026-07-29T10:06:11+08:00,7.87,585,10,2,0,1.024,1.515,0,0.691,0
2026-07-29T10:53:49+08:00,13.79,553,10,2,3,1.067,3.504,0,1.437,0
2026-07-29T11:45:27+08:00,0.15,1551,11,2,2,1.254,0.001,0,-0.15,1
2026-07-29T11:45:52+08:00,0.63,55,11,2,1,1.034,0.197,0,0.3,0
2026-07-29T12:30:44+08:00,9.48,227,12,2,3,1.144,2.744,0,0.686,0
2026-07-29T12:59:31+08:00,9.86,77,12,2,3,1.039,2.581,0,0.697,0
2026-07-29T13:24:43+08:00,3.87,34,13,2,1,1.064,0.352,0,-3.538,0
2026-07-29T13:31:09+08:00,5.75,48,13,2,0,1.086,0.72,0,-0.547,0
2026-07-29T13:45:28+08:00,2.1,38,13,2,1,1.018,0.644,0,2.607,0
2026-07-29T13:56:43+08:00,1.38,24,13,2,1,1.013,0.241,0,-0.132,0
2026-07-29T13:59:36+08:00,17.61,885,13,2,2,1.197,0.912,0,0.107,2
2026-07-29T14:11:51+08:00,1.43,17,14,2,1,1.14,0.291,0,-0.216,0
2026-07-29T14:25:33+08:00,9.9,372,14,2,3,1.009,3.053,0,-0.267,0
2026-07-29T14:36:49+08:00,5.98,667,14,2,2,1.042,1.17,0,0.839,0
2026-07-29T14:43:52+08:00,8.05,82,14,2,2,1.086,2.701,0,2.906,0
2026-07-29T15:10:47+08:00,7.6,248,15,2,2,1.076,2.275,0,-1.042,0
2026-07-29T15:35:43+08:00,2.33,134,15,2,0,1.127,0.693,0,0.851,0
2026-07-29T16:22:43+08:00,1.59,365,16,2,0,1.115,0.281,0,0.354,0
2026-07-29T16:58:00+08:00,9.74,556,16,2,2,1.126,0.473,0,0.454,2
2026-07-29T16:59:51+08:00,0.34,766,16,2,1,1.1,0.016,0,0.084,1
2026-07-29T17:03:07+08:00,3.94,67,17,2,1,1.008,1.315,0,1.205,0
2026-07-29T17:31:57+08:00,6.6,1244,17,2,3,1.011,1.981,0,0.003,0
2026-07-29T17:41:58+08:00,0.34,940,17,2,3,1.198,0.002,0,0.091,1
2026-07-29T17:42:25+08:00,4.53,234,17,2,2,1.03,0.35,0,-0.288,0
2026-07-29T17:48:29+08:00,2.74,28,17,2,1,1.031,0.343,0,-0.187,0
2026-07-29T17:53:34+08:00,6.13,177,17,2,2,1.141,1.613,0,-1.539,0
2026-07-29T17:53:41+08:00,2.63,14,17,2,1,1.125,0.232,0,-0.531,0
2026-07-29T18:01:39+08:00,2.92,35,18,2,1,1.116,0.59,0,-1.358,0
2026-07-29T18:18:55+08:00,5.28,259,18,2,0,1.081,1.408,0,-1.586,0
2026-07-29T18:29:35+08:00,10.08,197,18,2,0,1.002,3.024,0,0.401,0
2026-07-29T18:43:34+08:00,8.86,213,18,2,3,1.066,0.916,0,-0.159,0
2026-07-29T18:46:22+08:00,3.58,42,18,2,1,1.142,0.506,0,0.051,0
2026-07-29T18:47:48+08:00,6.92,77,18,2,2,1.031,0.457,0,0.738,0
2026-07-29T18:51:50+08:00,1.99,43,18,2,1,1.118,0.488,0,0.27,0
2026-07-29T18:56:51+08:00,5.25,45,18,2,2,1.058,1.593,0,0.946,0
2026-07-29T19:20:29+08:00,1.19,30,19,2,1,1.105,0.297,0,-1.777,0
2026-07-29T19:23:44+08:00,5.32,74,19,2,2,1.008,1.114,0,-0.993,0
2026-07-29T19:36:22+08:00,11.28,293,19,2,0,1.027,3.615,0,-0.029,0
2026-07-29T20:06:49+08:00,1.9,15,20,2,1,1.103,0.603,0,0.807,0
2026-07-29T20:14:55+08:00,6.5,164,20,2,0,1.044,1.165,0,-0.677,0
2026-07-29T20:53:51+08:00,6.58,114,20,2,2,1.148,1.174,0,-0.722,0
2026-07-29T20:58:10+08:00,2.87,43,20,2,1,1.012,0.153,0,-0.14,0
2026-07-29T20:58:38+08:00,2.41,275,20,2,0,1.038,0.785,0,1.592,0
2026-07-29T21:02:02+08:00,6.37,205,21,2,0,1.119,1.061,0,1.774,0
2026-07-29T21:12:05+08:00,9.66,424,21,2,3,1.134,2.722,0,-0.106,0
2026-07-29T21:13:27+08:00,8.29,175,21,2,2,1.0,1.28,0,0.141,0
2026-07-29T21:15:52+08:00,9.81,262,21,2,0,1.136,1.8,0,1.284,0
2026-07-29T21:36:56+08:00,5.15,254,21,2,0,1.089,1.6,0,0.181,0
2026-07-29T21:38:44+08:00,6.93,152,21,2,0,1.004,1.412,0,-2.944,0
2026-07-29T21:56:45+08:00,2.61,55,21,2,1,1.03,0.774,0,-1.47,0
2026-07-29T22:10:49+08:00,19.22,830,22,2,3,1.154,1.066,1,0.101,2
2026-07-29T22:21:41+08:00,1.21,66,22,2,1,1.084,0.391,1,0.36,0
2026-07-29T23:14:48+08:00,8.97,257,23,2,3,1.102,1.256,1,1.16,0
2026-07-29T23:34:44+08:00,3.35,344,23,2,0,1.072,0.686,1,0.658,0
2026-07-29T23:36:55+08:00,5.29,188,23,2,0,1.093,1.046,1,-0.091,0
2026-07-30T04:02:14+08:00,0.26,2734,4,3,1,1.291,0.011,1,0.137,1
2026-07-30T04:52:43+08:00,24.22,363,4,3,1,1.153,1.124,1,0.11,2
2026-07-30T06:12:56+08:00,9.3,146,6,3,0,1.106,3.182,0,1.037,0
2026-07-30T06:19:32+08:00,2.64,23,6,3,1,1.007,0.291,0,-1.31,0
2026-07-30T06:21:57+08:00,6.86,169,6,3,2,1.109,0.363,0,-0.172,0
2026-07-30T06:30:17+08:00,3.29,525,6,3,3,1.098,0.329,0,-2.824,0
2026-07-30T06:31:49+08:00,6.98,687,6,3,2,1.08,0.603,0,1.049,0
2026-07-30T06:36:27+08:00,12.25,854,6,3,3,1.018,4.075,0,1.271,0
2026-07-30T06:39:56+08:00,12.18,1524,6,3,3,1.128,1.618,0,-0.871,0
2026-07-30T06:40:31+08:00,5.56,187,6,3,2,1.036,1.594,0,1.22,0
2026-07-30T06:54:00+08:00,2.2,11,6,3,1,1.104,0.759,0,-0.397,0
2026-07-30T07:00:21+08:00,9.98,143,7,3,3,1.118,3.312,0,-1.024,0
2026-07-30T07:01:32+08:00,2.61,60,7,3,1,1.058,0.47,0,-0.14,0
2026-07-30T07:34:02+08:00,3.45,87,7,3,1,1.063,0.605,0,0.354,0
2026-07-30T07:36:58+08:00,2.23,14,7,3,1,1.149,0.764,0,-1.404,0
2026-07-30T07:56:23+08:00,8.66,191,7,3,2,1.069,1.396,0,-0.856,0
2026-07-30T07:56:36+08:00,6.61,95,7,3,0,1.1,0.755,0,-0.355,0
2026-07-30T07:58:51+08:00,5.69,1020,7,3,2,1.074,1.565,0,-0.593,0
2026-07-30T08:06:55+08:00,2.44,395,8,3,2,1.04,0.488,0,0.853,0
2026-07-30T08:12:50+08:00,0.98,96,8,3,1,1.063,0.107,0,-0.102,0
2026-07-30T08:15:27+08:00,1.0,62,8,3,0,1.08,0.292,0,0.323,0
2026-07-30T08:15:35+08:00,4.83,37,8,3,1,1.036,1.118,0,3.177,0
2026-07-30T08:22:40+08:00,5.05,102,8,3,0,1.049,0.458,0,-0.002,0
2026-07-30T08:47:52+08:00,0.24,2186,8,3,1,1.268,0.002,0,0.222,1
2026-07-30T08:50:45+08:00,5.09,216,8,3,0,1.148,1.774,0,0.942,0
2026-07-30T08:51:46+08:00,1.45,66,8,3,0,1.064,0.323,0,-0.679,0
2026-07-30T08:53:40+08:00,0.41,1072,8,3,2,1.179,0.004,0,0.138,1
2026-07-30T09:04:43+08:00,7.58,585,9,3,0,1.104,1.668,0,-0.422,0
2026-07-30T09:04:44+08:00,7.74,520,9,3,0,1.041,1.846,0,-0.297,0
2026-07-30T09:16:38+08:00,5.84,77,9,3,2,1.066,1.842,0,0.588,0
2026-07-30T09:31:51+08:00,7.64,53,9,3,0,1.086,0.576,0,0.412,0
2026-07-30T09:58:13+08:00,5.28,86,9,3,0,1.045,0.936,0,0.796,0
2026-07-30T10:00:13+08:00,6.29,226,10,3,0,1.072,1.957,0,-1.921,0
2026-07-30T10:04:25+08:00,0.43,908,10,3,3,1.073,0.009,0,-0.021,1
2026-07-30T10:15:04+08:00,0.5,876,10,3,2,1.117,0.024,0,-0.151,1
2026-07-30T10:26:51+08:00,3.94,103,10,3,1,1.004,1.069,0,-0.326,0
2026-07-30T10:30:11+08:00,6.52,303,10,3,0,1.049,1.369,0,0.42,0
2026-07-30T10:57:30+08:00,4.51,124,10,3,0,1.035,1.406,0,0.41,0
2026-07-30T10:59:17+08:00,7.57,155,10,3,0,1.093,2.465,0,1.526,0
2026-07-30T11:07:43+08:00,0.97,17,11,3,1,1.055,0.183,0,0.354,0
2026-07-30T11:25:33+08:00,1.93,38,11,3,1,1.049,0.582,0,-1.934,0
2026-07-30T11:38:37+08:00,5.59,33,11,3,2,1.135,1.306,0,0.866,0
2026-07-30T11:46:38+08:00,5.29,103,11,3,2,1.071,1.625,0,0.683,0
2026-07-30T11:50:05+08:00,1.26,54,11,3,1,1.037,0.396,0,-0.251,0
2026-07-30T11:59:28+08:00,8.64,947,11,3,3,1.104,0.761,0,0.454,0
2026-07-30T12:03:58+08:00,10.15,186,12,3,3,1.181,0.268,0,-0.294,2
2026-07-30T12:25:29+08:00,6.84,154,12,3,0,1.133,2.332,0,0.036,0
2026-07-30T12:29:00+08:00,19.6,165,12,3,2,1.096,0.408,0,-0.226,2
2026-07-30T12:31:00+08:00,3.35,17,12,3,1,1.079,1.07,0,0.071,0
2026-07-30T12:31:05+08:00,3.46,40,12,3,1,1.043,0.704,0,1.691,0
2026-07-30T12:40:53+08:00,3.84,394,12,3,0,1.108,0.316,0,0.827,0
2026-07-30T12:58:52+08:00,9.16,236,12,3,0,1.097,1.551,0,-0.352,0
2026-07-30T13:21:59+08:00,6.58,245,13,3,2,1.078,0.825,0,1.588,0
2026-07-30T13:38:06+08:00,2.72,10,13,3,1,1.112,0.309,0,0.102,0
2026-07-30T13:42:11+08:00,9.46,197,13,3,3,1.135,2.553,0,-0.692,0
2026-07-30T13:52:23+08:00,8.53,293,13,3,3,1.064,1.059,0,0.305,0
2026-07-30T14:05:05+08:00,0.11,4181,14,3,3,1.257,0.003,0,0.167,1
2026-07-30T14:09:07+08:00,10.45,379,14,3,3,1.033,3.497,0,0.094,0
2026-07-30T14:56:07+08:00,9.54,75,14,3,0,1.011,2.62,0,2.394,0
2026-07-30T15:09:57+08:00,7.55,226,15,3,2,1.125,1.281,0,0.429,0
2026-07-30T15:22:30+08:00,1.22,102,15,3,1,1.065,0.295,0,0.538,0
2026-07-30T15:25:30+08:00,3.99,63,15,3,1,1.141,0.449,0,-0.797,0
2026-07-30T15:36:56+08:00,10.11,91,15,3,3,1.06,2.954,0,0.031,0
2026-07-30T15:42:40+08:00,5.17,260,15,3,2,1.074,1.733,0,0.283,0
2026-07-30T15:46:00+08:00,7.35,215,15,3,0,1.113,1.758,0,0.664,0
2026-07-30T16:00:23+08:00,10.07,311,16,3,3,1.037,2.626,0,-0.009,0
2026-07-30T16:08:09+08:00,0.16,1117,16,3,1,1.24,0.002,0,-0.253,1
2026-07-30T16:12:24+08:00,0.57,57,16,3,1,1.109,0.065,0,1.005,0
2026-07-30T16:37:18+08:00,8.35,420,16,3,3,1.052,1.43,0,-0.68,0
2026-07-30T16:59:23+08:00,2.46,46,16,3,0,1.093,0.21,0,0.643,0
2026-07-30T17:14:45+08:00,4.81,58,17,3,2,1.019,0.705,0,-0.502,0
2026-07-30T17:19:54+08:00,5.58,797,17,3,2,1.051,1.679,0,1.707,0
2026-07-30T17:22:41+08:00,3.16,77,17,3,1,1.084,0.97,0,-1.024,0
2026-07-30T17:22:42+08:00,11.0,133,17,3,3,1.146,1.588,0,-0.711,0
2026-07-30T17:51:46+08:00,4.0,398,17,3,0,1.016,0.97,0,-0.896,0
2026-07-30T17:56:24+08:00,8.14,30,17,3,0,1.1,1.663,0,1.721,0
2026-07-30T17:56:38+08:00,0.26,5762,17,3,1,1.133,0.005,0,0.334,1
2026-07-30T18:37:01+08:00,11.05,152,18,3,3,1.089,3.226,0,-1.963,0
2026-07-30T19:01:36+08:00,5.26,155,19,3,2,1.087,1.198,0,-1.18,0
2026-07-30T19:02:08+08:00,15.0,718,19,3,3,1.137,2.0,0,0.039,0
2026-07-30T19:05:44+08:00,4.13,277,19,3,0,1.002,0.379,0,-0.295,0
2026-07-30T19:08:09+08:00,6.15,430,19,3,3,1.049,0.35,0,1.189,0
2026-07-30T19:08:31+08:00,6.2,287,19,3,2,1.065,1.473,0,0.678,0
2026-07-30T19:23:21+08:00,2.65,42,19,3,1,1.129,0.315,0,0.665,0
2026-07-30T19:43:45+08:00,8.19,259,19,3,0,1.089,0.761,0,0.218,0
2026-07-30T19:48:40+08:00,7.9,61,19,3,3,1.042,0.542,0,0.437,0
2026-07-30T20:02:15+08:00,3.29,127,20,3,1,1.065,0.465,0,-0.805,0
2026-07-30T20:11:12+08:00,7.29,67,20,3,0,1.013,0.561,0,0.643,0
2026-07-30T20:14:47+08:00,5.99,204,20,3,2,1.032,0.44,0,-0.741,0
2026-07-30T20:15:20+08:00,7.48,840,20,3,3,1.04,1.205,0,-3.275,0
2026-07-30T20:30:31+08:00,2.12,10,20,3,1,1.017,0.201,0,-0.585,0
2026-07-30T20:34:32+08:00,2.34,441,20,3,3,1.148,0.818,0,0.339,0
2026-07-30T20:54:44+08:00,7.03,82,20,3,2,1.074,1.512,0,1.944,0
2026-07-30T21:00:38+08:00,5.0,104,21,3,2,1.024,1.681,0,-0.038,0
2026-07-30T21:30:08+08:00,9.13,439,21,3,0,1.141,0.478,0,0.042,0
2026-07-30T21:31:17+08:00,17.82,555,21,3,3,1.123,0.381,0,0.156,2
2026-07-30T21:56:38+08:00,4.24,302,21,3,2,1.071,1.329,0,0.927,0
2026-07-30T21:59:41+08:00,4.05,30,21,3,0,1.095,0.681,0,0.1,0
2026-07-30T22:28:06+08:00,0.49,1035,22,3,1,1.157,0.02,1,0.099,1
2026-07-30T23:34:05+08:00,6.53,122,23,3,2,1.09,0.401,1,0.175,0
2026-07-30T23:38:47+08:00,2.02,21,23,3,2,1.13,0.572,1,-1.055,0
2026-07-30T23:46:21+08:00,2.38,69,23,3,1,1.068,0.169,1,0.591,0
